新老品标签,国家,PID,SPU,shop_name,二级类目,三级类目,店铺评分,首图 url,上架时间,商品卡日均占比,GPM分层,可用库存,销量排名,是否在联盟,商品详情页URL,营销价,销售颜色英文名集合,尺寸集合,季节,JIT
新品,DE,1729881778758130478,S260727025302,Einsamw,标码女装,女士套装及西服,4.4,https://p16-oec-va.ibyteimg.com/tos-alisg-i-aphluv4xwc-sg/c90c17682d274647afeb3b2b149952b1~tplv-o3syd03w52-resize-jpeg:1000:1000.image?,2026/7/29,,,64,1,,https://shop.tiktok.com/view/product/1729881778758130478?region=DE&locale=de,45.42,"Brown,Black,Dark wash","L,M,S,XL",Spring&Fall,否
新品,DE,1729893615291767485,S260812039824,Minimalism style one,标码女装,女士套装及西服,4.4,https://p16-oec-va.ibyteimg.com/tos-alisg-i-aphluv4xwc-sg/e9cb5c72ca9d487890bbd7c6fa708146~tplv-o3syd03w52-resize-jpeg:1000:1000.image?,2026/8/12,,,0,2,,https://shop.tiktok.com/view/product/1729893615291767485?region=DE&locale=de,41.67,"Pink,Black","M,L,XXL,S,XL",Spring&Fall,是
新品,DE,1729889235328866615,S260806032015,EVANDAL,标码女装,女士套装及西服,4.8,https://p16-oec-va.ibyteimg.com/tos-alisg-i-aphluv4xwc-sg/212c457d91f545e5a2e546a397987fb9~tplv-o3syd03w52-resize-jpeg:1000:1000.image?,2026/8/11,,,36,3,,https://shop.tiktok.com/view/product/1729889235328866615?region=DE&locale=de,46.7,Pale blue,"XL,L,S,M",Spring&Fall,否
新品,DE,1729893592566241981,S260812038209,Minimalism style one,标码女装,女士套装及西服,4.4,https://p16-oec-va.ibyteimg.com/tos-alisg-i-aphluv4xwc-sg/c7256a2a5246412e8208b8d18abd779a~tplv-o3syd03w52-resize-jpeg:1000:1000.image?,2026/8/12,,,0,4,,https://shop.tiktok.com/view/product/1729893592566241981?region=DE&locale=de,37.79,Apricot,"L,XL,M,XXL,S",NULL,是
新品,DE,1729892730970937387,S260811030081,Yinos Fashion,标码女装,女士套装及西服,4.8,https://p16-oec-va.ibyteimg.com/tos-alisg-i-aphluv4xwc-sg/42d6bffc2f5d479d92b85460e819fb9c~tplv-o3syd03w52-resize-jpeg:1000:1000.image?,2026/8/15,,,20,5,,https://shop.tiktok.com/view/product/1729892730970937387?region=DE&locale=de,35.47,Black,"M,S,XL,L",NULL,否
新品,DE,1729891316499191851,S260809010943,Yinos Fashion,标码女装,女士套装及西服,4.8,https://p16-oec-va.ibyteimg.com/tos-alisg-i-aphluv4xwc-sg/999af0a57f5648a1abd4d9738e46c762~tplv-o3syd03w52-resize-jpeg:1000:1000.image?,2026/8/13,,,64,7,,https://shop.tiktok.com/view/product/1729891316499191851?region=DE&locale=de,25.79,"Pink,Light blue,Black,Yellow","XS,S,L,M",All Seasons,否
新品,DE,1729886599569578295,S260803017908,EVANDAL,标码女装,女士套装及西服,4.8,https://p16-oec-va.ibyteimg.com/tos-alisg-i-aphluv4xwc-sg/059bae63726140498ad7dbfb2b2c1e8e~tplv-o3syd03w52-resize-jpeg:1000:1000.image?,2026/8/14,,,48,11,,https://shop.tiktok.com/view/product/1729886599569578295?region=DE&locale=de,47.17,"Dark blue,Green","M,L,XL,S",NULL,否
新品,DE,1729883030064503660,S260729027098,DOUCIU Store,标码女装,女士套装及西服,4,https://p16-oec-va.ibyteimg.com/tos-alisg-i-aphluv4xwc-sg/2fcf762970454733a9d0a19767337fb8~tplv-o3syd03w52-resize-jpeg:1000:1000.image?,2026/8/10,,,15,12,,https://shop.tiktok.com/view/product/1729883030064503660?region=DE&locale=de,34.26,Lemon yellow,"L,S,M",Spring&Fall,否
新品,DE,1729891604593481771,S260808017924,Yinos Fashion,标码女装,女士套装及西服,4.8,https://p16-oec-va.ibyteimg.com/tos-alisg-i-aphluv4xwc-sg/b03a96ee7a274aaf8d9eac2912a7ac56~tplv-o3syd03w52-resize-jpeg:1000:1000.image?,2026/8/14,,,20,13,,https://shop.tiktok.com/view/product/1729891604593481771?region=DE&locale=de,43.63,light yellow,"S,M,L,XL",NULL,否
新品,DE,1729892507481250771,S260810022998,sky costume,标码女装,女士套装及西服,4.5,https://p16-oec-va.ibyteimg.com/tos-alisg-i-aphluv4xwc-sg/8bc5b9768a844c52aaea4cc6d651661c~tplv-o3syd03w52-resize-jpeg:1000:1000.image?,2026/8/13,,,22,15,,https://shop.tiktok.com/view/product/1729892507481250771?region=DE&locale=de,33.74,"Medium wash,Lemon yellow","S,M,XL,L,XXL",Summer,是
新品,DE,1729888390328850886,S260806004874,TY Trove,标码女装,女士套装及西服,4,https://p16-oec-va.ibyteimg.com/tos-alisg-i-aphluv4xwc-sg/681fd3f45e8b4078b89d4cb623cdc3b9~tplv-o3syd03w52-resize-jpeg:1000:1000.image?,2026/8/12,,,36,16,,https://shop.tiktok.com/view/product/1729888390328850886?region=DE&locale=de,26.96,White,"XL,M,L,S",Spring&Fall,否
新品,DE,1729887283424499755,S260803026226,Yinos Fashion,标码女装,女士套装及西服,4.8,https://p16-oec-va.ibyteimg.com/tos-alisg-i-aphluv4xwc-sg/5009f28effb0499db28876fe0dbc8859~tplv-o3syd03w52-resize-jpeg:1000:1000.image?,2026/8/13,,,25,17,,https://shop.tiktok.com/view/product/1729887283424499755?region=DE&locale=de,24.87,Light green,"XL,XS,M,L,S",Spring&Fall,否
新品,DE,1729888209425308524,S260806004452,DOUCIU Store,标码女装,女士套装及西服,4,https://p16-oec-va.ibyteimg.com/tos-alisg-i-aphluv4xwc-sg/a16cc5e2765349c190aadd6d24b83aad~tplv-o3syd03w52-resize-jpeg:1000:1000.image?,2026/8/11,,,18,19,,https://shop.tiktok.com/view/product/1729888209425308524?region=DE&locale=de,35.7,Chartreuse,"M,L,S",Spring&Fall,否
新品,DE,1729891955122149912,S260810026960,Kliou Store,标码女装,女士套装及西服,3.9,https://p16-oec-va.ibyteimg.com/tos-alisg-i-aphluv4xwc-sg/b08cf93d20d64149affb1f34bc7ba0cd~tplv-o3syd03w52-resize-jpeg:1000:1000.image?,2026/8/15,,,15,20,,https://shop.tiktok.com/view/product/1729891955122149912?region=DE&locale=de,25.31,Gray,"S,M,L",NULL,否
新品,DE,1729892708861319211,S260811026349,Yinos Fashion,标码女装,女士套装及西服,4.8,https://p16-oec-va.ibyteimg.com/tos-alisg-i-aphluv4xwc-sg/56b2ac5ac83c484580ef4524d673eaca~tplv-o3syd03w52-resize-jpeg:1000:1000.image?,2026/8/15,,,20,21,,https://shop.tiktok.com/view/product/1729892708861319211?region=DE&locale=de,32.24,Black,"XL,S,L,M",NULL,否
新品,DE,1729891955472111659,S260810027273,Yinos Fashion,标码女装,女士套装及西服,4.8,https://p16-oec-va.ibyteimg.com/tos-alisg-i-aphluv4xwc-sg/03686d144c2041a4a38c40d194b99cd5~tplv-o3syd03w52-resize-jpeg:1000:1000.image?,2026/8/13,,,20,24,,https://shop.tiktok.com/view/product/1729891955472111659?region=DE&locale=de,32.44,Green,"XL,S,L,M",Spring&Fall,否
新品,DE,1729892368669711212,S260811015048,DOUCIU Store,标码女装,女士套装及西服,4,https://p16-oec-va.ibyteimg.com/tos-alisg-i-aphluv4xwc-sg/a4dd70dee67d4cba873831b6dc8cfeb9~tplv-o3syd03w52-resize-jpeg:1000:1000.image?,2026/8/15,,,15,25,,https://shop.tiktok.com/view/product/1729892368669711212?region=DE&locale=de,30.42,Royal blue,"L,S,M",NULL,否
新品,DE,1729891894987233323,S260810023157,Yinos Fashion,标码女装,女士套装及西服,4.8,https://p16-oec-va.ibyteimg.com/tos-alisg-i-aphluv4xwc-sg/191455fc809c4277a00e15f65cc7abb4~tplv-o3syd03w52-resize-jpeg:1000:1000.image?,2026/8/13,,,64,26,,https://shop.tiktok.com/view/product/1729891894987233323?region=DE&locale=de,38.5,"Yellow,Brown,Black,Deep blue","M,S,XL,L",Spring&Fall,否
新品,DE,1729888437982632390,S260806003322,TY Trove,标码女装,女士套装及西服,4,https://p16-oec-va.ibyteimg.com/tos-alisg-i-aphluv4xwc-sg/820effbb1a5e431ea8a1c63595f763b9~tplv-o3syd03w52-resize-jpeg:1000:1000.image?,2026/8/12,,,36,27,,https://shop.tiktok.com/view/product/1729888437982632390?region=DE&locale=de,51.23,Deep blue,"L,M,XL,S",Summer,否
新品,DE,1729892609980996563,S260811013671,sky costume,标码女装,女士套装及西服,4.5,https://p16-oec-va.ibyteimg.com/tos-alisg-i-aphluv4xwc-sg/f846deb3ae76438a99ce9eee2faa54c0~tplv-o3syd03w52-resize-jpeg:1000:1000.image?,2026/8/13,,,25,29,,https://shop.tiktok.com/view/product/1729892609980996563?region=DE&locale=de,36.21,Multicolor,"XXXL,L,S,M,XL,XXL",Spring&Fall,是
新品,DE,1729892558014683232,S260807013830,Luxury Leisure,标码女装,女士套装及西服,4.8,https://p16-oec-va.ibyteimg.com/tos-maliva-i-o3syd03w52-us/fb97539a68ec46b6921f22c7e51c1bc1~tplv-o3syd03w52-resize-jpeg:1000:1000.image?,2026/8/15,,,25,30,,https://shop.tiktok.com/view/product/1729892558014683232?region=DE&locale=de,40.69,Black,"L,S,XXL,XL,M",NULL,是
新品,DE,1729891339890038827,S260809013409,Yinos Fashion,标码女装,女士套装及西服,4.8,https://p16-oec-va.ibyteimg.com/tos-alisg-i-aphluv4xwc-sg/2c50f2c26baf4ee9b26ac73f6fe9719e~tplv-o3syd03w52-resize-jpeg:1000:1000.image?,2026/8/13,,,20,31,,https://shop.tiktok.com/view/product/1729891339890038827?region=DE&locale=de,26.96,Pink and brown stripes,"M,L,S,XL",Spring&Fall,否
新品,DE,1729888512901487046,S260806004228,TY Trove,标码女装,女士套装及西服,4,https://p16-oec-va.ibyteimg.com/tos-alisg-i-aphluv4xwc-sg/3ce1a24789dd43c38168f1b308496c59~tplv-o3syd03w52-resize-jpeg:1000:1000.image?,2026/8/11,,,34,32,,https://shop.tiktok.com/view/product/1729888512901487046?region=DE&locale=de,25.49,Black,"M,S,XL,L",Spring&Fall,否
新品,DE,1729893278090500139,S260808016369,Yinos Fashion,标码女装,女士套装及西服,4.8,https://p16-oec-va.ibyteimg.com/tos-alisg-i-aphluv4xwc-sg/01cc9db432354ed990b444af65b2f114~tplv-o3syd03w52-resize-jpeg:1000:1000.image?,2026/8/15,,,32,34,,https://shop.tiktok.com/view/product/1729893278090500139?region=DE&locale=de,31.37,"Deep blue,Black","L,S,M,XS",NULL,否
新品,DE,1729893569353259709,S260812037326,Minimalism style one,标码女装,女士套装及西服,4.4,https://p16-oec-va.ibyteimg.com/tos-alisg-i-aphluv4xwc-sg/ab2809d6b11f4a1c8cbe9b37a1b27efc~tplv-o3syd03w52-resize-jpeg:1000:1000.image?,2026/8/12,,,0,35,,https://shop.tiktok.com/view/product/1729893569353259709?region=DE&locale=de,43.04,Apricot,"S,XXL,XL,L,M",Spring&Fall,是
新品,DE,1729891848725305387,S260810019476,Yinos Fashion,标码女装,女士套装及西服,4.8,https://p16-oec-va.ibyteimg.com/tos-alisg-i-aphluv4xwc-sg/38795db957b44af591f3d07b77e81bb7~tplv-o3syd03w52-resize-jpeg:1000:1000.image?,2026/8/15,,,20,37,,https://shop.tiktok.com/view/product/1729891848725305387?region=DE&locale=de,28.24,Black,"L,XL,M,S",NULL,否
新品,DE,1729887753865501651,S260805031122,sky costume,标码女装,女士套装及西服,4.5,https://p16-oec-va.ibyteimg.com/tos-maliva-i-o3syd03w52-us/7c0c6a8eee1a4635ac836e9375f1b1d9~tplv-o3syd03w52-resize-jpeg:1000:1000.image?,2026/8/13,,,171,38,,https://shop.tiktok.com/view/product/1729887753865501651?region=DE&locale=de,36.82,"Lilac,Khaki,Bright orange,Royal blue,Black,Light green,Emerald green","L,XXXL,S,XXL,XL,M",Spring&Fall,是
新品,DE,1729889274937842200,S260806030532,Kliou Store,标码女装,女士套装及西服,3.9,https://p16-oec-va.ibyteimg.com/tos-alisg-i-aphluv4xwc-sg/b60808403238456e8e462a3ae1d7cb7e~tplv-o3syd03w52-resize-jpeg:1000:1000.image?,2026/8/15,,,15,40,,https://shop.tiktok.com/view/product/1729889274937842200?region=DE&locale=de,38.28,Green,"S,M,L",NULL,否
新品,ES,1729891604578670635,S260808017924,Yinos Fashion,标码女装,女士套装及西服,4.8,https://p16-oec-va.ibyteimg.com/tos-alisg-i-aphluv4xwc-sg/b03a96ee7a274aaf8d9eac2912a7ac56~tplv-o3syd03w52-resize-jpeg:1000:1000.image?,2026/8/14,,,20,3,,https://shop.tiktok.com/view/product/1729891604578670635?region=ES&locale=es,41.53,light yellow,"S,M,L,XL",NULL,否
新品,ES,1729891318306347051,S260809010943,Yinos Fashion,标码女装,女士套装及西服,4.8,https://p16-oec-va.ibyteimg.com/tos-alisg-i-aphluv4xwc-sg/6d93991c2cb6434f92678411b2ba2a2f~tplv-o3syd03w52-resize-jpeg:1000:1000.image?,2026/8/13,,,64,4,,https://shop.tiktok.com/view/product/1729891318306347051?region=ES&locale=es,25.37,"Pink,Light blue,Black,Yellow","XS,S,L,M",All Seasons,否
新品,ES,1729890907218222035,S260808012500,sky costume,标码女装,女士套装及西服,4.5,https://p16-oec-va.ibyteimg.com/tos-alisg-i-aphluv4xwc-sg/f7935d15c6c744809a29fed38a950cea~tplv-o3syd03w52-resize-jpeg:1000:1000.image?,2026/8/10,,,49,5,,https://shop.tiktok.com/view/product/1729890907218222035?region=ES&locale=es,35,"Black,Dark Blue,Maroon","S,M,L,XL,XXL",Spring&Fall,是
新品,ES,1729892506962467795,S260810022998,sky costume,标码女装,女士套装及西服,4.5,https://p16-oec-va.ibyteimg.com/tos-alisg-i-aphluv4xwc-sg/8bc5b9768a844c52aaea4cc6d651661c~tplv-o3syd03w52-resize-jpeg:1000:1000.image?,2026/8/13,,,22,6,,https://shop.tiktok.com/view/product/1729892506962467795?region=ES&locale=es,36.82,"Medium wash,Lemon yellow","S,M,XL,L,XXL",Summer,是
新品,ES,1729893635843988157,S260812039824,Minimalism style one,标码女装,女士套装及西服,4.4,https://p16-oec-va.ibyteimg.com/tos-alisg-i-aphluv4xwc-sg/e9cb5c72ca9d487890bbd7c6fa708146~tplv-o3syd03w52-resize-jpeg:1000:1000.image?,2026/8/12,,,0,7,,https://shop.tiktok.com/view/product/1729893635843988157?region=ES&locale=es,40.14,"Pink,Black","M,L,XXL,S,XL",Spring&Fall,是
新品,ES,1729892507074533419,S260808014580,Yinos Fashion,标码女装,女士套装及西服,4.8,https://p16-oec-va.ibyteimg.com/tos-alisg-i-aphluv4xwc-sg/8127f7369fd34ee78fbc85fba913cd66~tplv-o3syd03w52-resize-jpeg:1000:1000.image?,2026/8/15,,,20,8,,https://shop.tiktok.com/view/product/1729892507074533419?region=ES&locale=es,34.61,White with gray accents,"L,S,M,XL",NULL,否
新品,ES,1729887497232750635,S260803020464,Yinos Fashion,标码女装,女士套装及西服,4.8,https://p16-oec-va.ibyteimg.com/tos-alisg-i-aphluv4xwc-sg/23e8f60c3e6c4b2795a7487cb381ad00~tplv-o3syd03w52-resize-jpeg:1000:1000.image?,2026/8/11,,,11,11,,https://shop.tiktok.com/view/product/1729887497232750635?region=ES&locale=es,32.23,Brown,"XL,M,L,S",Summer,否
新品,ES,1729892557535352928,S260807013830,Luxury Leisure,标码女装,女士套装及西服,4.8,https://p16-oec-va.ibyteimg.com/tos-maliva-i-o3syd03w52-us/fb97539a68ec46b6921f22c7e51c1bc1~tplv-o3syd03w52-resize-jpeg:1000:1000.image?,2026/8/15,,,25,12,,https://shop.tiktok.com/view/product/1729892557535352928?region=ES&locale=es,38.76,Black,"L,S,XXL,XL,M",NULL,是
新品,ES,1729892708860991531,S260811026349,Yinos Fashion,标码女装,女士套装及西服,4.8,https://p16-oec-va.ibyteimg.com/tos-alisg-i-aphluv4xwc-sg/56b2ac5ac83c484580ef4524d673eaca~tplv-o3syd03w52-resize-jpeg:1000:1000.image?,2026/8/15,,,20,13,,https://shop.tiktok.com/view/product/1729892708860991531?region=ES&locale=es,31.21,Black,"XL,S,L,M",NULL,否
新品,ES,1729883032402697068,S260729027098,DOUCIU Store,标码女装,女士套装及西服,4,https://p16-oec-va.ibyteimg.com/tos-alisg-i-aphluv4xwc-sg/2fcf762970454733a9d0a19767337fb8~tplv-o3syd03w52-resize-jpeg:1000:1000.image?,2026/8/10,,,15,14,,https://shop.tiktok.com/view/product/1729883032402697068?region=ES&locale=es,30.12,Lemon yellow,"L,S,M",Spring&Fall,否
新品,ES,1729888512856398278,S260806004228,TY Trove,标码女装,女士套装及西服,4,https://p16-oec-va.ibyteimg.com/tos-alisg-i-aphluv4xwc-sg/3ce1a24789dd43c38168f1b308496c59~tplv-o3syd03w52-resize-jpeg:1000:1000.image?,2026/8/11,,,34,15,,https://shop.tiktok.com/view/product/1729888512856398278?region=ES&locale=es,25.06,Black,"M,S,XL,L",Spring&Fall,否
新品,ES,1729892558275188832,S260807013432,Luxury Leisure,标码女装,女士套装及西服,4.8,https://p16-oec-va.ibyteimg.com/tos-alisg-i-aphluv4xwc-sg/2f7dbaf595984192961e438ecf73e65f~tplv-o3syd03w52-resize-jpeg:1000:1000.image?,2026/8/15,,,50,16,,https://shop.tiktok.com/view/product/1729892558275188832?region=ES&locale=es,32.76,"Army green,Orange","M,XL,L,XXL,S",NULL,是
新品,ES,1729895831094139791,S260814017569,FianiVibe,标码女装,女士套装及西服,4.6,https://p16-oec-va.ibyteimg.com/tos-alisg-i-aphluv4xwc-sg/0562d6ef758e460db5dac331aefa7440~tplv-o3syd03w52-resize-jpeg:1000:1000.image?,2026/8/15,,,20,17,,https://shop.tiktok.com/view/product/1729895831094139791?region=ES&locale=es,53.3,Cream,"M,XL,L,S",NULL,否
新品,ES,1729891338038253611,S260809013409,Yinos Fashion,标码女装,女士套装及西服,4.8,https://p16-oec-va.ibyteimg.com/tos-alisg-i-aphluv4xwc-sg/2c50f2c26baf4ee9b26ac73f6fe9719e~tplv-o3syd03w52-resize-jpeg:1000:1000.image?,2026/8/13,,,20,18,,https://shop.tiktok.com/view/product/1729891338038253611?region=ES&locale=es,26.48,Pink and brown stripes,"M,L,S,XL",Spring&Fall,否
新品,ES,1729892733471201323,S260811030081,Yinos Fashion,标码女装,女士套装及西服,4.8,https://p16-oec-va.ibyteimg.com/tos-alisg-i-aphluv4xwc-sg/42d6bffc2f5d479d92b85460e819fb9c~tplv-o3syd03w52-resize-jpeg:1000:1000.image?,2026/8/15,,,20,19,,https://shop.tiktok.com/view/product/1729892733471201323?region=ES&locale=es,34.63,Black,"M,S,XL,L",NULL,否
新品,ES,1729893592627780285,S260812038209,Minimalism style one,标码女装,女士套装及西服,4.4,https://p16-oec-va.ibyteimg.com/tos-alisg-i-aphluv4xwc-sg/c7256a2a5246412e8208b8d18abd779a~tplv-o3syd03w52-resize-jpeg:1000:1000.image?,2026/8/12,,,0,20,,https://shop.tiktok.com/view/product/1729893592627780285?region=ES&locale=es,36,Apricot,"L,XL,M,XXL,S",NULL,是
新品,ES,1729891956904008216,S260810026960,Kliou Store,标码女装,女士套装及西服,3.9,https://p16-oec-va.ibyteimg.com/tos-alisg-i-aphluv4xwc-sg/b08cf93d20d64149affb1f34bc7ba0cd~tplv-o3syd03w52-resize-jpeg:1000:1000.image?,2026/8/15,,,15,21,,https://shop.tiktok.com/view/product/1729891956904008216?region=ES&locale=es,25.31,Gray,"S,M,L",NULL,否
新品,ES,1729888467637737926,S260806003322,TY Trove,标码女装,女士套装及西服,4,https://p16-oec-va.ibyteimg.com/tos-alisg-i-aphluv4xwc-sg/820effbb1a5e431ea8a1c63595f763b9~tplv-o3syd03w52-resize-jpeg:1000:1000.image?,2026/8/12,,,36,22,,https://shop.tiktok.com/view/product/1729888467637737926?region=ES&locale=es,51.08,Deep blue,"L,M,XL,S",Summer,否
新品,ES,1729892609999739859,S260811013671,sky costume,标码女装,女士套装及西服,4.5,https://p16-oec-va.ibyteimg.com/tos-alisg-i-aphluv4xwc-sg/f846deb3ae76438a99ce9eee2faa54c0~tplv-o3syd03w52-resize-jpeg:1000:1000.image?,2026/8/13,,,25,23,,https://shop.tiktok.com/view/product/1729892609999739859?region=ES&locale=es,34.14,Multicolor,"XXXL,L,S,M,XL,XXL",Spring&Fall,是
新品,ES,1729888195417906028,S260806004452,DOUCIU Store,标码女装,女士套装及西服,4,https://p16-oec-va.ibyteimg.com/tos-alisg-i-aphluv4xwc-sg/a16cc5e2765349c190aadd6d24b83aad~tplv-o3syd03w52-resize-jpeg:1000:1000.image?,2026/8/11,,,18,25,,https://shop.tiktok.com/view/product/1729888195417906028?region=ES&locale=es,31.22,Chartreuse,"M,L,S",Spring&Fall,否
新品,ES,1729889717500681171,S260806032454,sky costume,标码女装,女士套装及西服,4.5,https://p16-oec-va.ibyteimg.com/tos-maliva-i-o3syd03w52-us/a1ed44f2c9bb408783622f23657565e9~tplv-o3syd03w52-resize-jpeg:1000:1000.image?,2026/8/10,,,23,26,,https://shop.tiktok.com/view/product/1729889717500681171?region=ES&locale=es,24.87,Multicolor,"XXL,XL,M,L,S",Spring&Fall,是
新品,ES,1729886598490462519,S260803017908,EVANDAL,标码女装,女士套装及西服,4.8,https://p16-oec-va.ibyteimg.com/tos-alisg-i-aphluv4xwc-sg/c238a38b6f7946289b60c40d17655ea8~tplv-o3syd03w52-resize-jpeg:1000:1000.image?,2026/8/14,,,48,30,,https://shop.tiktok.com/view/product/1729886598490462519?region=ES&locale=es,48.22,"Dark blue,Green","M,L,XL,S",NULL,否
新品,ES,1729892366557289324,S260811015048,DOUCIU Store,标码女装,女士套装及西服,4,https://p16-oec-va.ibyteimg.com/tos-alisg-i-aphluv4xwc-sg/a4dd70dee67d4cba873831b6dc8cfeb9~tplv-o3syd03w52-resize-jpeg:1000:1000.image?,2026/8/15,,,15,33,,https://shop.tiktok.com/view/product/1729892366557289324?region=ES&locale=es,26.64,Royal blue,"L,S,M",NULL,否
新品,ES,1729888389854042566,S260806004874,TY Trove,标码女装,女士套装及西服,4,https://p16-oec-va.ibyteimg.com/tos-alisg-i-aphluv4xwc-sg/681fd3f45e8b4078b89d4cb623cdc3b9~tplv-o3syd03w52-resize-jpeg:1000:1000.image?,2026/8/12,,,36,34,,https://shop.tiktok.com/view/product/1729888389854042566?region=ES&locale=es,26.48,White,"XL,M,L,S",Spring&Fall,否
新品,ES,1729891850155563051,S260810019476,Yinos Fashion,标码女装,女士套装及西服,4.8,https://p16-oec-va.ibyteimg.com/tos-alisg-i-aphluv4xwc-sg/38795db957b44af591f3d07b77e81bb7~tplv-o3syd03w52-resize-jpeg:1000:1000.image?,2026/8/14,,,20,35,,https://shop.tiktok.com/view/product/1729891850155563051?region=ES&locale=es,28.72,Black,"L,XL,M,S",NULL,否
新品,ES,1729887262061140011,S260803026226,Yinos Fashion,标码女装,女士套装及西服,4.8,https://p16-oec-va.ibyteimg.com/tos-alisg-i-aphluv4xwc-sg/5009f28effb0499db28876fe0dbc8859~tplv-o3syd03w52-resize-jpeg:1000:1000.image?,2026/8/12,,,25,36,,https://shop.tiktok.com/view/product/1729887262061140011?region=ES&locale=es,24.22,Light green,"XL,XS,M,L,S",Spring&Fall,否
新品,FR,1729887283383212075,S260803026226,Yinos Fashion,标码女装,女士套装及西服,4.8,https://p16-oec-va.ibyteimg.com/tos-alisg-i-aphluv4xwc-sg/5009f28effb0499db28876fe0dbc8859~tplv-o3syd03w52-resize-jpeg:1000:1000.image?,2026/8/13,,,25,1,,https://shop.tiktok.com/view/product/1729887283383212075?region=FR&locale=fr,23.36,Light green,"XL,XS,M,L,S",Spring&Fall,否
新品,FR,1729892368777845612,S260811015048,DOUCIU Store,标码女装,女士套装及西服,4,https://p16-oec-va.ibyteimg.com/tos-alisg-i-aphluv4xwc-sg/a4dd70dee67d4cba873831b6dc8cfeb9~tplv-o3syd03w52-resize-jpeg:1000:1000.image?,2026/8/15,,,15,2,,https://shop.tiktok.com/view/product/1729892368777845612?region=FR&locale=fr,25.11,Royal blue,"L,S,M",NULL,否
新品,FR,1729892730971265067,S260811030081,Yinos Fashion,标码女装,女士套装及西服,4.8,https://p16-oec-va.ibyteimg.com/tos-alisg-i-aphluv4xwc-sg/42d6bffc2f5d479d92b85460e819fb9c~tplv-o3syd03w52-resize-jpeg:1000:1000.image?,2026/8/15,,,20,3,,https://shop.tiktok.com/view/product/1729892730971265067?region=FR&locale=fr,35.94,Black,"M,S,XL,L",NULL,否
新品,FR,1729891317403523115,S260809010943,Yinos Fashion,标码女装,女士套装及西服,4.8,https://p16-oec-va.ibyteimg.com/tos-alisg-i-aphluv4xwc-sg/3165a72ad2774e2bb46f5473beb6f6b7~tplv-o3syd03w52-resize-jpeg:1000:1000.image?,2026/8/13,,,64,5,,https://shop.tiktok.com/view/product/1729891317403523115?region=FR&locale=fr,24.29,"Pink,Light blue,Black,Yellow","XS,S,L,M",All Seasons,否
新品,FR,1729888504434694598,S260806004228,TY Trove,标码女装,女士套装及西服,4,https://p16-oec-va.ibyteimg.com/tos-alisg-i-aphluv4xwc-sg/3ce1a24789dd43c38168f1b308496c59~tplv-o3syd03w52-resize-jpeg:1000:1000.image?,2026/8/11,,,34,6,,https://shop.tiktok.com/view/product/1729888504434694598?region=FR&locale=fr,24.45,Black,"M,S,XL,L",Spring&Fall,否
新品,FR,1729889622051888083,S260806032454,sky costume,标码女装,女士套装及西服,4.5,https://p16-oec-va.ibyteimg.com/tos-maliva-i-o3syd03w52-us/a1ed44f2c9bb408783622f23657565e9~tplv-o3syd03w52-resize-jpeg:1000:1000.image?,2026/8/10,,,23,7,,https://shop.tiktok.com/view/product/1729889622051888083?region=FR&locale=fr,24.22,Multicolor,"XXL,XL,M,L,S",Spring&Fall,是
新品,FR,1729895828115135375,S260814017569,FianiVibe,标码女装,女士套装及西服,4.6,https://p16-oec-va.ibyteimg.com/tos-alisg-i-aphluv4xwc-sg/0562d6ef758e460db5dac331aefa7440~tplv-o3syd03w52-resize-jpeg:1000:1000.image?,2026/8/15,,,20,8,,https://shop.tiktok.com/view/product/1729895828115135375?region=FR&locale=fr,55.06,Cream,"M,XL,L,S",NULL,否
新品,FR,1729891848742737963,S260810019476,Yinos Fashion,标码女装,女士套装及西服,4.8,https://p16-oec-va.ibyteimg.com/tos-alisg-i-aphluv4xwc-sg/38795db957b44af591f3d07b77e81bb7~tplv-o3syd03w52-resize-jpeg:1000:1000.image?,2026/8/14,,,20,9,,https://shop.tiktok.com/view/product/1729891848742737963?region=FR&locale=fr,27.34,Black,"L,XL,M,S",NULL,否
新品,FR,1729883032402959212,S260729027098,DOUCIU Store,标码女装,女士套装及西服,4,https://p16-oec-va.ibyteimg.com/tos-alisg-i-aphluv4xwc-sg/2fcf762970454733a9d0a19767337fb8~tplv-o3syd03w52-resize-jpeg:1000:1000.image?,2026/8/10,,,15,10,,https://shop.tiktok.com/view/product/1729883032402959212?region=FR&locale=fr,28.42,Lemon yellow,"L,S,M",Spring&Fall,否
新品,FR,1729891955471783979,S260810027273,Yinos Fashion,标码女装,女士套装及西服,4.8,https://p16-oec-va.ibyteimg.com/tos-alisg-i-aphluv4xwc-sg/03686d144c2041a4a38c40d194b99cd5~tplv-o3syd03w52-resize-jpeg:1000:1000.image?,2026/8/13,,,20,11,,https://shop.tiktok.com/view/product/1729891955471783979?region=FR&locale=fr,31.12,Green,"XL,S,L,M",Spring&Fall,否
新品,FR,1729891605207488555,S260808017924,Yinos Fashion,标码女装,女士套装及西服,4.8,https://p16-oec-va.ibyteimg.com/tos-alisg-i-aphluv4xwc-sg/b03a96ee7a274aaf8d9eac2912a7ac56~tplv-o3syd03w52-resize-jpeg:1000:1000.image?,2026/8/14,,,20,14,,https://shop.tiktok.com/view/product/1729891605207488555?region=FR&locale=fr,40.49,light yellow,"S,M,L,XL",NULL,否
新品,FR,1729892507465718739,S260810022998,sky costume,标码女装,女士套装及西服,4.5,https://p16-oec-va.ibyteimg.com/tos-alisg-i-aphluv4xwc-sg/8bc5b9768a844c52aaea4cc6d651661c~tplv-o3syd03w52-resize-jpeg:1000:1000.image?,2026/8/13,,,22,17,,https://shop.tiktok.com/view/product/1729892507465718739?region=FR&locale=fr,35.07,"Medium wash,Lemon yellow","S,M,XL,L,XXL",Summer,是
新品,FR,1729892558423758944,S260807013432,Luxury Leisure,标码女装,女士套装及西服,4.8,https://p16-oec-va.ibyteimg.com/tos-alisg-i-aphluv4xwc-sg/2f7dbaf595984192961e438ecf73e65f~tplv-o3syd03w52-resize-jpeg:1000:1000.image?,2026/8/15,,,50,18,,https://shop.tiktok.com/view/product/1729892558423758944?region=FR&locale=fr,31.12,"Army green,Orange","M,XL,L,XXL,S",NULL,是
新品,FR,1729892558423234656,S260807013830,Luxury Leisure,标码女装,女士套装及西服,4.8,https://p16-oec-va.ibyteimg.com/tos-maliva-i-o3syd03w52-us/fb97539a68ec46b6921f22c7e51c1bc1~tplv-o3syd03w52-resize-jpeg:1000:1000.image?,2026/8/15,,,25,19,,https://shop.tiktok.com/view/product/1729892558423234656?region=FR&locale=fr,37.79,Black,"L,S,XXL,XL,M",NULL,是
新品,FR,1729888210197781356,S260806004452,DOUCIU Store,标码女装,女士套装及西服,4,https://p16-oec-va.ibyteimg.com/tos-alisg-i-aphluv4xwc-sg/a16cc5e2765349c190aadd6d24b83aad~tplv-o3syd03w52-resize-jpeg:1000:1000.image?,2026/8/11,,,18,20,,https://shop.tiktok.com/view/product/1729888210197781356?region=FR&locale=fr,29.42,Chartreuse,"M,L,S",Spring&Fall,否
新品,FR,1729892707051018283,S260811026349,Yinos Fashion,标码女装,女士套装及西服,4.8,https://p16-oec-va.ibyteimg.com/tos-alisg-i-aphluv4xwc-sg/56b2ac5ac83c484580ef4524d673eaca~tplv-o3syd03w52-resize-jpeg:1000:1000.image?,2026/8/15,,,20,21,,https://shop.tiktok.com/view/product/1729892707051018283?region=FR&locale=fr,31.98,Black,"XL,S,L,M",NULL,否
新品,FR,1729889274414078488,S260806030532,Kliou Store,标码女装,女士套装及西服,3.9,https://p16-oec-va.ibyteimg.com/tos-alisg-i-aphluv4xwc-sg/b60808403238456e8e462a3ae1d7cb7e~tplv-o3syd03w52-resize-jpeg:1000:1000.image?,2026/8/15,,,15,22,,https://shop.tiktok.com/view/product/1729889274414078488?region=FR&locale=fr,35.53,Green,"S,M,L",NULL,否
新品,FR,1729893569352866493,S260812037326,Minimalism style one,标码女装,女士套装及西服,4.4,https://p16-oec-va.ibyteimg.com/tos-alisg-i-aphluv4xwc-sg/ab2809d6b11f4a1c8cbe9b37a1b27efc~tplv-o3syd03w52-resize-jpeg:1000:1000.image?,2026/8/12,,,0,25,,https://shop.tiktok.com/view/product/1729893569352866493?region=FR&locale=fr,40.33,Apricot,"S,XXL,XL,L,M",Spring&Fall,是
新品,FR,1729891957040781848,S260810026960,Kliou Store,标码女装,女士套装及西服,3.9,https://p16-oec-va.ibyteimg.com/tos-alisg-i-aphluv4xwc-sg/b08cf93d20d64149affb1f34bc7ba0cd~tplv-o3syd03w52-resize-jpeg:1000:1000.image?,2026/8/15,,,15,27,,https://shop.tiktok.com/view/product/1729891957040781848?region=FR&locale=fr,24.33,Gray,"S,M,L",NULL,否
新品,FR,1729887493000304683,S260803020464,Yinos Fashion,标码女装,女士套装及西服,4.8,https://p16-oec-va.ibyteimg.com/tos-alisg-i-aphluv4xwc-sg/23e8f60c3e6c4b2795a7487cb381ad00~tplv-o3syd03w52-resize-jpeg:1000:1000.image?,2026/8/11,,,11,29,,https://shop.tiktok.com/view/product/1729887493000304683?region=FR&locale=fr,33.83,Brown,"XL,M,L,S",Summer,否
新品,FR,1729891895735851051,S260810023157,Yinos Fashion,标码女装,女士套装及西服,4.8,https://p16-oec-va.ibyteimg.com/tos-alisg-i-aphluv4xwc-sg/191455fc809c4277a00e15f65cc7abb4~tplv-o3syd03w52-resize-jpeg:1000:1000.image?,2026/8/13,,,64,31,,https://shop.tiktok.com/view/product/1729891895735851051?region=FR&locale=fr,35.51,"Yellow,Brown,Black,Deep blue","M,S,XL,L",Spring&Fall,否
新品,FR,1729889278127806775,S260806032015,EVANDAL,标码女装,女士套装及西服,4.8,https://p16-oec-va.ibyteimg.com/tos-alisg-i-aphluv4xwc-sg/212c457d91f545e5a2e546a397987fb9~tplv-o3syd03w52-resize-jpeg:1000:1000.image?,2026/8/11,,,36,32,,https://shop.tiktok.com/view/product/1729889278127806775?region=FR&locale=fr,47.21,Pale blue,"XL,L,S,M",Spring&Fall,否
新品,FR,1729890907226479571,S260808012500,sky costume,标码女装,女士套装及西服,4.5,https://p16-oec-va.ibyteimg.com/tos-alisg-i-aphluv4xwc-sg/f7935d15c6c744809a29fed38a950cea~tplv-o3syd03w52-resize-jpeg:1000:1000.image?,2026/8/10,,,49,33,,https://shop.tiktok.com/view/product/1729890907226479571?region=FR&locale=fr,35,"Black,Dark Blue,Maroon","S,M,L,XL,XXL",Spring&Fall,是
新品,FR,1729888467136256454,S260806003322,TY Trove,标码女装,女士套装及西服,4,https://p16-oec-va.ibyteimg.com/tos-alisg-i-aphluv4xwc-sg/820effbb1a5e431ea8a1c63595f763b9~tplv-o3syd03w52-resize-jpeg:1000:1000.image?,2026/8/12,,,36,34,,https://shop.tiktok.com/view/product/1729888467136256454?region=FR&locale=fr,51.56,Deep blue,"L,M,XL,S",Summer,否
新品,FR,1729893636307524285,S260812039824,Minimalism style one,标码女装,女士套装及西服,4.4,https://p16-oec-va.ibyteimg.com/tos-alisg-i-aphluv4xwc-sg/e9cb5c72ca9d487890bbd7c6fa708146~tplv-o3syd03w52-resize-jpeg:1000:1000.image?,2026/8/12,,,0,35,,https://shop.tiktok.com/view/product/1729893636307524285?region=FR&locale=fr,39.14,"Pink,Black","M,L,XXL,S,XL",Spring&Fall,是
新品,GB,1729879050027506623,S260722027671,Krusen,标码女装,女士下装,4.4,https://p16-oec-va.ibyteimg.com/tos-alisg-i-aphluv4xwc-sg/71a189965b1843638e2b059b6d3221ef~tplv-o3syd03w52-resize-jpeg:1000:1000.image?,2026/7/28,,,0,1,In Affiliate,https://shop.tiktok.com/view/product/1729879050027506623?region=GB&locale=en,18.49,"Yellow + Brown,Green + Light Blue,Yellow + Light Blue,Dark blue + pink,Yellow + Pink,Yellow + Dark Blue,Green + Pink,Green + Dark Blue,Green + Brown,Brown + Dark Blue,Brown + Light Blue,Brown + Pink,Light blue + pink","M,XL,L,S",All Seasons,是
新品,GB,1729882295462304680,S260727022544,Chic Weaves,标码女装,女士针织衫,4.7,https://p16-oec-va.ibyteimg.com/tos-alisg-i-aphluv4xwc-sg/707d2376b06c4c8399c211320be786ff~tplv-o3syd03w52-resize-jpeg:1000:1000.image?,2026/7/28,,,239,2,,https://shop.tiktok.com/view/product/1729882295462304680?region=GB&locale=en,18.9,"Denim blue - multicolor 8,Pink - Multicolor 4,Apricot - Multicolor 5,Purple - Multicolor 6,Lake Blue - Multicolor 7,Cranberry Red - Multicolor 10,Multicolor3,White - Multicolor 2,Orange - Multicolor 1,Grass green - multicolor 9","XXL,XL,S,L,M",Spring&Fall,是
新品,GB,1729877613762681854,S260720039530,Ailyak knit,标码女装,女士针织衫,4.5,https://p16-oec-va.ibyteimg.com/tos-alisg-i-aphluv4xwc-sg/be8172e10f014fcba817a87a0079b3b5~tplv-o3syd03w52-resize-jpeg:1000:1000.image?,2026/7/22,,,1196,3,,https://shop.tiktok.com/view/product/1729877613762681854?region=GB&locale=en,15.67,"Green,Purple,Orange,Red,Dark green,Dark Blue,Pink,Yellow,Army green,Black,Hot pink,Brown,Blue","L,M,XL,XS,S,XXL",Spring&Fall,是
新品,GB,1729872791148927594,S260714010094,Chic Savvy Codes,标码女装,女士针织衫,4.5,https://p16-oec-va.ibyteimg.com/tos-alisg-i-aphluv4xwc-sg/9529943f50a3465398c58e7e6250dc66~tplv-o3syd03w52-resize-jpeg:1000:1000.image?,2026/7/27,,,166,4,,https://shop.tiktok.com/view/product/1729872791148927594?region=GB&locale=en,13.91,"Burgundy,Deep blue,Pink,Black,Camel,Coffee brown,light yellow,Light blue,Gray,Mauve purple","L,XL,S,M,XXL",Spring&Fall,否
新品,GB,1729879002645306366,S260722036096,Ailyak knit,标码女装,女士针织衫,4.5,https://p16-oec-va.ibyteimg.com/tos-alisg-i-aphluv4xwc-sg/1cd1d6a048004302b2225f05d7ebed66~tplv-o3syd03w52-resize-jpeg:1000:1000.image?,2026/7/23,,,0,5,,https://shop.tiktok.com/view/product/1729879002645306366?region=GB&locale=en,12.71,"Light wash,Maroon,Royal blue,Bright yellow","M,L,S,XS,XL",Spring&Fall,是
新品,GB,1729857254618078191,S260620014453,MO COO,标码女装,女士针织衫,4.2,https://p16-oec-va.ibyteimg.com/tos-alisg-i-aphluv4xwc-sg/09aa9f0b6be1458ca0eb0765f0fbb962~tplv-o3syd03w52-resize-jpeg:1000:1000.image?,2026/7/18,,,67,6,In Affiliate,https://shop.tiktok.com/view/product/1729857254618078191?region=GB&locale=en,16.27,Apricot,"M,S,L,XL",Spring&Fall,是
新品,GB,1729885423563610189,S260802016677,YarnPop,标码女装,女士针织衫,4.5,https://p16-oec-va.ibyteimg.com/tos-alisg-i-aphluv4xwc-sg/d95d56ad95a643f5bfce2162bdb38a53~tplv-o3syd03w52-resize-jpeg:1000:1000.image?,2026/8/2,,,2,7,,https://shop.tiktok.com/view/product/1729885423563610189?region=GB&locale=en,15.03,"Dark beige,Black","XL,M,S,L",Spring&Fall,是
新品,GB,1729878420500093864,S260722001398,Chic Weaves,标码女装,女士针织衫,4.7,https://p16-oec-va.ibyteimg.com/tos-alisg-i-aphluv4xwc-sg/1fdac99bf123461884546ddfd1eba3f9~tplv-o3syd03w52-resize-jpeg:1000:1000.image?,2026/7/25,,,69,8,In Affiliate,https://shop.tiktok.com/view/product/1729878420500093864?region=GB&locale=en,15.5,Stripe,"L,XL,XXL,S,M",Spring&Fall,是
新品,GB,1729883494568139337,S260724015060,Trendy forLess,标码女装,女士下装,4.5,https://p16-oec-va.ibyteimg.com/tos-alisg-i-aphluv4xwc-sg/7bab455257564138ac5ca50fec432560~tplv-o3syd03w52-resize-jpeg:1000:1000.image?,2026/7/30,,,0,9,,https://shop.tiktok.com/view/product/1729883494568139337?region=GB&locale=en,14.93,"Gray,Beige,Olive green,Navy blue,Black,Baby pink,Pale green","XXXL,M,XL,XXL,L,S",Spring&Fall,是
新品,GB,1729879560580537157,S260723032323,ZANZEA CHOICE,标码女装,女士套装及西服,4.1,https://p16-oec-va.ibyteimg.com/tos-alisg-i-aphluv4xwc-sg/937d9081f9404e828922671172b109ce~tplv-o3syd03w52-resize-jpeg:1000:1000.image?,2026/8/4,,,55,10,,https://shop.tiktok.com/view/product/1729879560580537157?region=GB&locale=en,21.09,"Dark wash,Brown,Green","L,XL,S,XXL,M",Spring&Fall,否
新品,GB,1729862682054727829,S260626009762,Sanuuchic,标码女装,女士套装及西服,4.7,https://p16-oec-va.ibyteimg.com/tos-alisg-i-aphluv4xwc-sg/6fcbf8ee8bb746ea8827d0a17e6d44e1~tplv-o3syd03w52-resize-jpeg:1000:1000.image?,2026/7/28,,,0,11,,https://shop.tiktok.com/view/product/1729862682054727829?region=GB&locale=en,22.86,Brown,"S,L,XL,M",Spring&Fall,是
新品,GB,1729874749956594501,S260716034089,ZANZEA CHOICE,标码女装,女士套装及西服,4.1,https://p16-oec-va.ibyteimg.com/tos-alisg-i-aphluv4xwc-sg/fcca0b83396c4dcd8c82d50f743e45e1~tplv-o3syd03w52-resize-jpeg:1000:1000.image?,2026/8/6,,,66,12,,https://shop.tiktok.com/view/product/1729874749956594501?region=GB&locale=en,24.31,"Pink,Gray,Black,Green","XXL,XL,S,L,M",Spring&Fall,否
新品,GB,1729881567898213005,S260727001422,Gold Full,标码女装,女士套装及西服,4,https://p16-oec-va.ibyteimg.com/tos-alisg-i-aphluv4xwc-sg/0e40b6e4b27a48e780f4d133bf8976ae~tplv-o3syd03w52-resize-jpeg:1000:1000.image?,2026/7/27,,,0,13,,https://shop.tiktok.com/view/product/1729881567898213005?region=GB&locale=en,18.77,"Pink and white,Pink,Navy blue,White,Baby pink,Light wash,Sky blue,Purple,Yellow,Hot pink,Black,Apricot,Dark Blue,Red","L,M,XL,XXL,S",Summer,是
新品,GB,1729880128802298386,S260724023427,LovelyWholesale - US,标码女装,女士套装及西服,4.1,https://p16-oec-va.ibyteimg.com/tos-alisg-i-aphluv4xwc-sg/ff42a559e37b456b959f88c10f048a2c~tplv-o3syd03w52-resize-jpeg:1000:1000.image?,2026/7/24,,,0,14,In Affiliate,https://shop.tiktok.com/view/product/1729880128802298386?region=GB&locale=en,17.89,"Navy blue,Khaki,Burgundy,Gray,Black","S,XL,XXL,M,L",All Seasons,是
新品,GB,1729883137810602027,S260722029429,Yinos Fashion,标码女装,女士套装及西服,4.7,https://p16-oec-va.ibyteimg.com/tos-alisg-i-aphluv4xwc-sg/cd8d606a7d504935bad34c68af90d185~tplv-o3syd03w52-resize-jpeg:1000:1000.image?,2026/7/29,,,63,15,,https://shop.tiktok.com/view/product/1729883137810602027?region=GB&locale=en,24.04,"Black,Brown,Pale blue,Coffee color","S,XS,XL,L,M",All Seasons,否
新品,GB,1729880817425619824,S260725021108,Soh Soh,标码女装,女士套装及西服,3.9,https://p16-oec-va.ibyteimg.com/tos-alisg-i-aphluv4xwc-sg/df93fee6c8da41b2a0eec0d7fdff43ee~tplv-o3syd03w52-resize-jpeg:1000:1000.image?,2026/7/25,,,0,16,,https://shop.tiktok.com/view/product/1729880817425619824?region=GB&locale=en,21.12,"Coffee brown,Blue,Gray olive,White","M,L,XL,XXL,S",Spring&Fall,是
新品,GB,1729882794064452316,S260727027138,flux hoodies,标码女装,女士套装及西服,4.7,https://p16-oec-va.ibyteimg.com/tos-alisg-i-aphluv4xwc-sg/0f8a685d5e3244dcae2c7cac9f8425be~tplv-o3syd03w52-resize-jpeg:1000:1000.image?,2026/7/29,,,0,17,,https://shop.tiktok.com/view/product/1729882794064452316?region=GB&locale=en,23.6,"Olive green,Gray,Black,White","L,M,XL,S",Spring&Fall,是
新品,GB,1729880128547035666,S260724023247,LovelyWholesale - US,标码女装,女士套装及西服,4.1,https://p16-oec-va.ibyteimg.com/tos-alisg-i-aphluv4xwc-sg/3fd0f722ff8d43babeae8c7d3e70933f~tplv-o3syd03w52-resize-jpeg:1000:1000.image?,2026/7/24,,,0,18,,https://shop.tiktok.com/view/product/1729880128547035666?region=GB&locale=en,13.72,"Burgundy,Gray,Khaki,Black,Navy blue","XXL,M,S,L,XL",Spring&Fall,是
新品,GB,1729885918909209413,S260803018229,ZANZEA CHOICE,标码女装,女士套装及西服,4.1,https://p16-oec-va.ibyteimg.com/tos-alisg-i-aphluv4xwc-sg/7ed8c71e86ed47cdba95c68ed4cf9f63~tplv-o3syd03w52-resize-jpeg:1000:1000.image?,2026/8/8,,,48,19,,https://shop.tiktok.com/view/product/1729885918909209413?region=GB&locale=en,24.83,"Black,Bean paste pink,Blue","S,XL,XXL,L,M",Spring&Fall,否
新品,GB,1729877556577344325,S260721004561,ZANZEA CHOICE,标码女装,女士套装及西服,4.1,https://p16-oec-va.ibyteimg.com/tos-alisg-i-aphluv4xwc-sg/4a37c13b6b7c46749997f56af8852d5c~tplv-o3syd03w52-resize-jpeg:1000:1000.image?,2026/7/31,,,30,20,,https://shop.tiktok.com/view/product/1729877556577344325?region=GB&locale=en,21.33,"Black,Blue,Brown","L,XL,M,S",Spring&Fall,否
新品,GB,1729872838943611487,S260714028252,Vanshee Show,标码女装,女士套装及西服,4.5,https://p16-oec-va.ibyteimg.com/tos-alisg-i-aphluv4xwc-sg/8a92f61827904efc86cd5f9d354927e1~tplv-o3syd03w52-resize-jpeg:1000:1000.image?,2026/7/20,,,9,21,In Affiliate,https://shop.tiktok.com/view/product/1729872838943611487?region=GB&locale=en,19.19,Multi-color,"XL,M,L,S",Summer,是
新品,GB,1729883602225698965,S260730010219,Sanuuchic,标码女装,女士套装及西服,4.7,https://p16-oec-va.ibyteimg.com/tos-alisg-i-aphluv4xwc-sg/2f2c1f9508074c918bc3c7fd18728b87~tplv-o3syd03w52-resize-jpeg:1000:1000.image?,2026/8/5,,,0,22,,https://shop.tiktok.com/view/product/1729883602225698965?region=GB&locale=en,15.47,"Black,Burgundy,Gray,Beige,Brown","S,XL,L,XXL,M",Spring&Fall,是
新品,GB,1729877556840536671,S260719006847,Kaelia LLC,标码女装,女士套装及西服,4.5,https://p16-oec-va.ibyteimg.com/tos-alisg-i-aphluv4xwc-sg/38a1201a0865446c8d3c9ba6932afde0~tplv-o3syd03w52-resize-jpeg:1000:1000.image?,2026/7/21,,,0,23,,https://shop.tiktok.com/view/product/1729877556840536671?region=GB&locale=en,13.32,Multicolor,"M,L,XL,S",Spring&Fall,是
新品,GB,1729864248048589637,S260630023928,ZANZEA CHOICE,标码女装,女士套装及西服,4.1,https://p16-oec-va.ibyteimg.com/tos-maliva-i-o3syd03w52-us/8c60eb7d16be4aaa9e1df4c1e06293c7~tplv-o3syd03w52-resize-jpeg:1000:1000.image?,2026/7/30,,,47,24,,https://shop.tiktok.com/view/product/1729864248048589637?region=GB&locale=en,18.89,"Rust orange,Khaki,Navy blue","XXL,L,M,XL,S",Spring&Fall,否
新品,GB,1729872860405603141,S260714029911,ZANZEA CHOICE,标码女装,女士套装及西服,4.1,https://p16-oec-va.ibyteimg.com/tos-alisg-i-aphluv4xwc-sg/a85bb6b4d40c4e69ba0cfc0f7ccfe000~tplv-o3syd03w52-resize-jpeg:1000:1000.image?,2026/7/25,,,49,25,,https://shop.tiktok.com/view/product/1729872860405603141?region=GB&locale=en,22.46,"Dark wash,Burgundy,Khaki","XL,S,L,M,XXL",Spring&Fall,否
新品,GB,1729877473983634061,S260719021374,BOOM WOO,标码女装,女士套装及西服,4.5,https://p16-oec-va.ibyteimg.com/tos-alisg-i-aphluv4xwc-sg/f7e244debc5d4d47a82a79a6ae8e619b~tplv-o3syd03w52-resize-jpeg:1000:1000.image?,2026/7/21,,,0,26,In Affiliate,https://shop.tiktok.com/view/product/1729877473983634061?region=GB&locale=en,24.33,"Purple,Hot pink,White,Black,Dark Blue,Yellow,Green,Gray olive,Sky blue,Khaki,Pink,Baby pink","S,L,M,XL,XXL",Spring&Fall,是
新品,GB,1729877008643365355,S260720013610,DolceAmara,标码女装,女士套装及西服,4.8,https://p16-oec-va.ibyteimg.com/tos-alisg-i-aphluv4xwc-sg/eead7f9b9dfc4f15a1ff0fbfe04ee3ba~tplv-o3syd03w52-resize-jpeg:1000:1000.image?,2026/7/24,,,56,27,In Affiliate,https://shop.tiktok.com/view/product/1729877008643365355?region=GB&locale=en,24.04,"Brown,Apricot,Blue","L,M,XL,S",Spring&Fall,否
新品,GB,1729880014871042401,S260718029934,The Flood,标码女装,女士套装及西服,3.9,https://p16-oec-va.ibyteimg.com/tos-alisg-i-aphluv4xwc-sg/f107daf8551c4b248ad547f7a46bc81d~tplv-o3syd03w52-resize-jpeg:1000:1000.image?,2026/7/24,,,0,28,,https://shop.tiktok.com/view/product/1729880014871042401?region=GB&locale=en,24.24,"Sky blue,Dark Blue,Hot pink,Pink,Purple,Black,Gray olive,Khaki,Yellow,White,Green,Baby pink","S,XL,M,XXL,L",Spring&Fall,是
新品,GB,1729865995789310039,S260703013229,Inwely,标码女装,女士套装及西服,4.7,https://p16-oec-va.ibyteimg.com/tos-alisg-i-aphluv4xwc-sg/efa5bdd9c987451a9be418eefbfbd378~tplv-o3syd03w52-resize-jpeg:1000:1000.image?,2026/7/22,,,19,29,In Affiliate,https://shop.tiktok.com/view/product/1729865995789310039?region=GB&locale=en,24.42,"Army green,Navy blue,Brown","M,L,XL,S",Summer,否
新品,GB,1729887233133615854,S260803036681,Zisman,标码女装,女士套装及西服,4.4,https://p16-oec-va.ibyteimg.com/tos-alisg-i-aphluv4xwc-sg/88c855ade71b401583290de6c7fe4d21~tplv-o3syd03w52-resize-jpeg:1000:1000.image?,2026/8/5,,,0,30,,https://shop.tiktok.com/view/product/1729887233133615854?region=GB&locale=en,12.32,"Beige polka dots,Blue stripes","M,XL,L,S",Spring&Fall,是
新品,GB,1729881752425896611,S260727017592,Vincira,标码女装,女士套装及西服,4.5,https://p16-oec-va.ibyteimg.com/tos-alisg-i-aphluv4xwc-sg/9e48be877700412aabe60b37783502c8~tplv-o3syd03w52-resize-jpeg:1000:1000.image?,2026/8/9,,,31,31,,https://shop.tiktok.com/view/product/1729881752425896611?region=GB&locale=en,15.93,Brown,"L,M,XL,S",Spring&Fall,否
新品,GB,1729878676736285370,S260722035872,MIXIFashion,标码女装,女士套装及西服,4.6,https://p16-oec-va.ibyteimg.com/tos-alisg-i-aphluv4xwc-sg/19d7e8db28b143e4b2826ddef0b53371~tplv-o3syd03w52-resize-jpeg:1000:1000.image?,2026/7/31,,,54,32,,https://shop.tiktok.com/view/product/1729878676736285370?region=GB&locale=en,15.33,White,"XXL,S,L,M,XL",Summer,是
新品,GB,1729885560961801161,S260719016168,Verve Fashion,标码女装,女士套装及西服,4.5,https://p16-oec-va.ibyteimg.com/tos-alisg-i-aphluv4xwc-sg/4968fa2bc5ba4f1abe95e36618ca06a8~tplv-o3syd03w52-resize-jpeg:1000:1000.image?,2026/8/3,,,0,33,,https://shop.tiktok.com/view/product/1729885560961801161?region=GB&locale=en,13.72,"Red,Silver,Pink,Light wash,Army green,Light green,Hot pink,Black,Mint green,Dark gray","M,XXL,S,XL,L",Summer,是
新品,GB,1729887282624370731,S260803026226,Yinos Fashion,标码女装,女士套装及西服,4.7,https://p16-oec-va.ibyteimg.com/tos-alisg-i-aphluv4xwc-sg/55ef8a64d2fb4726824decb0fa4939db~tplv-o3syd03w52-resize-jpeg:1000:1000.image?,2026/8/12,,,25,34,,https://shop.tiktok.com/view/product/1729887282624370731?region=GB&locale=en,14.61,Light green,"XL,XS,M,L,S",Spring&Fall,否
新品,GB,1729892609980537811,S260811013671,sky costume,标码女装,女士套装及西服,4.4,https://p16-oec-va.ibyteimg.com/tos-alisg-i-aphluv4xwc-sg/e22c92febfe34484964de92cc05e804f~tplv-o3syd03w52-resize-jpeg:1000:1000.image?,2026/8/13,,,25,35,,https://shop.tiktok.com/view/product/1729892609980537811?region=GB&locale=en,15.36,Multicolor,"XXXL,L,S,M,XL,XXL",Spring&Fall,是
新品,GB,1729890902550420435,S260808012500,sky costume,标码女装,女士套装及西服,4.4,https://p16-oec-va.ibyteimg.com/tos-alisg-i-aphluv4xwc-sg/2b4e37b3fbab41eabee9fffc0f2b4148~tplv-o3syd03w52-resize-jpeg:1000:1000.image?,2026/8/10,,,49,36,,https://shop.tiktok.com/view/product/1729890902550420435?region=GB&locale=en,20.28,"Black,Dark Blue,Maroon","S,M,L,XL,XXL",Spring&Fall,是
新品,GB,1729891956885527064,S260810026960,Kliou Store,标码女装,女士套装及西服,4.4,https://p16-oec-va.ibyteimg.com/tos-alisg-i-aphluv4xwc-sg/b08cf93d20d64149affb1f34bc7ba0cd~tplv-o3syd03w52-resize-jpeg:1000:1000.image?,2026/8/15,,,15,37,,https://shop.tiktok.com/view/product/1729891956885527064?region=GB&locale=en,12.24,Gray,"S,M,L",NULL,否
新品,GB,1729889173530974357,S260806025792,Sanuuchic,标码女装,女士套装及西服,4.7,https://p16-oec-va.ibyteimg.com/tos-alisg-i-aphluv4xwc-sg/3e4a101e71fb4970adf9920be6f510f4~tplv-o3syd03w52-resize-jpeg:1000:1000.image?,2026/8/12,,,0,38,,https://shop.tiktok.com/view/product/1729889173530974357?region=GB&locale=en,21.68,Brown and white,"L,XL,S,M",Summer,是
新品,GB,1729891922881321003,S260810024431,Yinos Fashion,标码女装,女士套装及西服,4.7,https://p16-oec-va.ibyteimg.com/tos-alisg-i-aphluv4xwc-sg/53812566586e4994937b85151b977242~tplv-o3syd03w52-resize-jpeg:1000:1000.image?,2026/8/15,,,48,39,,https://shop.tiktok.com/view/product/1729891922881321003?region=GB&locale=en,20.71,"Burgundy,White with gray accents,Gray,Brown","S,XL,M,L",NULL,否
新品,GB,1729892506963188691,S260810022998,sky costume,标码女装,女士套装及西服,4.4,https://p16-oec-va.ibyteimg.com/tos-alisg-i-aphluv4xwc-sg/49a5c23bae194830a401f81eeb342049~tplv-o3syd03w52-resize-jpeg:1000:1000.image?,2026/8/13,,,22,40,,https://shop.tiktok.com/view/product/1729892506963188691?region=GB&locale=en,11.86,"Medium wash,Lemon yellow","S,M,XL,L,XXL",Summer,是
新品,GB,1729886926105450807,S260731021107,EVANDAL,标码女装,女士套装及西服,4.6,https://p16-oec-va.ibyteimg.com/tos-alisg-i-aphluv4xwc-sg/4d2f1b0d2a5246e7b5d88d9f1a0869a7~tplv-o3syd03w52-resize-jpeg:1000:1000.image?,2026/8/11,,,36,41,,https://shop.tiktok.com/view/product/1729886926105450807?region=GB&locale=en,20.1,Apricot,"L,S,XL,M",Spring&Fall,否
新品,GB,1729888419572652486,S260806004874,TY Trove,标码女装,女士套装及西服,4,https://p16-oec-va.ibyteimg.com/tos-alisg-i-aphluv4xwc-sg/bead7e1ccd1d467dae0960dc69c910b4~tplv-o3syd03w52-resize-jpeg:1000:1000.image?,2026/8/12,,,36,42,,https://shop.tiktok.com/view/product/1729888419572652486?region=GB&locale=en,15.01,White,"XL,M,L,S",Spring&Fall,否
新品,GB,1729888196561967980,S260806004452,DOUCIU Store,标码女装,女士套装及西服,4.3,https://p16-oec-va.ibyteimg.com/tos-alisg-i-aphluv4xwc-sg/a16cc5e2765349c190aadd6d24b83aad~tplv-o3syd03w52-resize-jpeg:1000:1000.image?,2026/8/11,,,18,43,,https://shop.tiktok.com/view/product/1729888196561967980?region=GB&locale=en,29.37,Chartreuse,"M,L,S",Spring&Fall,否
新品,GB,1729891957172901931,S260810027273,Yinos Fashion,标码女装,女士套装及西服,4.7,https://p16-oec-va.ibyteimg.com/tos-alisg-i-aphluv4xwc-sg/b8eac087b9d249b48c6ef8f1a19386d8~tplv-o3syd03w52-resize-jpeg:1000:1000.image?,2026/8/13,,,20,44,,https://shop.tiktok.com/view/product/1729891957172901931?region=GB&locale=en,15.76,Green,"XL,S,L,M",Spring&Fall,否
新品,GB,1729891923151132983,S260810025127,EVANDAL,标码女装,女士套装及西服,4.6,https://p16-oec-va.ibyteimg.com/tos-alisg-i-aphluv4xwc-sg/bbbb3ac776af49aeaf69ded90679daf8~tplv-o3syd03w52-resize-jpeg:1000:1000.image?,2026/8/14,,,36,45,,https://shop.tiktok.com/view/product/1729891923151132983?region=GB&locale=en,17.11,Black and white,"S,L,XL,M",NULL,否
新品,GB,1729892730978408491,S260811030081,Yinos Fashion,标码女装,女士套装及西服,4.7,https://p16-oec-va.ibyteimg.com/tos-alisg-i-aphluv4xwc-sg/49825ec1189540c08fa62be00131d98e~tplv-o3syd03w52-resize-jpeg:1000:1000.image?,2026/8/15,,,20,46,,https://shop.tiktok.com/view/product/1729892730978408491?region=GB&locale=en,18.89,Black,"M,S,XL,L",NULL,否
新品,GB,1729892558015993952,S260807013432,Luxury Leisure,标码女装,女士套装及西服,4.5,https://p16-oec-va.ibyteimg.com/tos-alisg-i-aphluv4xwc-sg/c885426dad2743fa8debf0194d94ca94~tplv-o3syd03w52-resize-jpeg:1000:1000.image?,2026/8/15,,,50,47,,https://shop.tiktok.com/view/product/1729892558015993952?region=GB&locale=en,15.47,"Army green,Orange","M,XL,L,XXL,S",NULL,是
新品,GB,1729889044211735439,S260806004551,FianiVibe,标码女装,女士套装及西服,4.7,https://p16-oec-va.ibyteimg.com/tos-alisg-i-aphluv4xwc-sg/2cab7bdf298541b09a5737bd266b723f~tplv-o3syd03w52-resize-jpeg:1000:1000.image?,2026/8/14,,,35,48,,https://shop.tiktok.com/view/product/1729889044211735439?region=GB&locale=en,17.33,Pink,"S,L,M,XL",NULL,否
新品,GB,1729889277982841143,S260806032015,EVANDAL,标码女装,女士套装及西服,4.6,https://p16-oec-va.ibyteimg.com/tos-alisg-i-aphluv4xwc-sg/212c457d91f545e5a2e546a397987fb9~tplv-o3syd03w52-resize-jpeg:1000:1000.image?,2026/8/11,,,36,49,,https://shop.tiktok.com/view/product/1729889277982841143?region=GB&locale=en,19.1,Pale blue,"XL,L,S,M",Spring&Fall,否
新品,GB,1729887476244977707,S260803020464,Yinos Fashion,标码女装,女士套装及西服,4.7,https://p16-oec-va.ibyteimg.com/tos-alisg-i-aphluv4xwc-sg/80a5bdd589a64a579f7bf47424ede756~tplv-o3syd03w52-resize-jpeg:1000:1000.image?,2026/8/11,,,11,50,,https://shop.tiktok.com/view/product/1729887476244977707?region=GB&locale=en,20.34,Brown,"XL,M,L,S",Summer,否
新品,GB,1729890948039677995,S260808019193,Yinos Fashion,标码女装,女士套装及西服,4.7,https://p16-oec-va.ibyteimg.com/tos-alisg-i-aphluv4xwc-sg/5ad414238c59435e8b16459510a26b75~tplv-o3syd03w52-resize-jpeg:1000:1000.image?,2026/8/13,,,20,51,,https://shop.tiktok.com/view/product/1729890948039677995?region=GB&locale=en,16.8,light yellow,"M,S,XL,L",Summer,否
新品,GB,1729891318292650027,S260809010943,Yinos Fashion,标码女装,女士套装及西服,4.7,https://p16-oec-va.ibyteimg.com/tos-alisg-i-aphluv4xwc-sg/88b18ab4d32447bda5bc7b6561136dd6~tplv-o3syd03w52-resize-jpeg:1000:1000.image?,2026/8/13,,,64,52,,https://shop.tiktok.com/view/product/1729891318292650027?region=GB&locale=en,15.09,"Pink,Light blue,Black,Yellow","XS,S,L,M",All Seasons,否
新品,GB,1729894858028652547,S260812043350,Eyvonne,标码女装,女士套装及西服,4.7,https://p16-oec-va.ibyteimg.com/tos-alisg-i-aphluv4xwc-sg/ae48fafe0efd4ac4a61772655dc2f73a~tplv-o3syd03w52-resize-jpeg:1000:1000.image?,2026/8/13,,,0,53,,https://shop.tiktok.com/view/product/1729894858028652547?region=GB&locale=en,21.82,Pink,"M,L,S,XL",Spring&Fall,是
新品,GB,1729890939447973931,S260808017924,Yinos Fashion,标码女装,女士套装及西服,4.7,https://p16-oec-va.ibyteimg.com/tos-alisg-i-aphluv4xwc-sg/2e016c86bdde4869aba9478b602611eb~tplv-o3syd03w52-resize-jpeg:1000:1000.image?,2026/8/14,,,20,54,,https://shop.tiktok.com/view/product/1729890939447973931?region=GB&locale=en,18.13,light yellow,"S,M,L,XL",NULL,否
新品,GB,1729888512856070598,S260806004228,TY Trove,标码女装,女士套装及西服,4,https://p16-oec-va.ibyteimg.com/tos-alisg-i-aphluv4xwc-sg/83cdaee586e94098a1bf7ff96138f63f~tplv-o3syd03w52-resize-jpeg:1000:1000.image?,2026/8/11,,,34,55,,https://shop.tiktok.com/view/product/1729888512856070598?region=GB&locale=en,15.53,Black,"M,S,XL,L",Spring&Fall,否
新品,GB,1729893636319910589,S260812039824,Minimalism style one,标码女装,女士套装及西服,3.6,https://p16-oec-va.ibyteimg.com/tos-alisg-i-aphluv4xwc-sg/e9cb5c72ca9d487890bbd7c6fa708146~tplv-o3syd03w52-resize-jpeg:1000:1000.image?,2026/8/12,,,0,56,,https://shop.tiktok.com/view/product/1729893636319910589?region=GB&locale=en,19.6,"Pink,Black","M,L,XXL,S,XL",Spring&Fall,是
新品,GB,1729887199732406896,S260805010114,IMILY BELA Boutique,标码女装,女士套装及西服,4.2,https://p16-oec-va.ibyteimg.com/tos-alisg-i-aphluv4xwc-sg/15735394ddd742d19311b70ae4b043fa~tplv-o3syd03w52-resize-jpeg:1000:1000.image?,2026/8/11,,,72,57,,https://shop.tiktok.com/view/product/1729887199732406896?region=GB&locale=en,44.07,"Light wash,Black,White","L,XL,S,M",Spring&Fall,否
新品,GB,1729883038440790892,S260729027963,DOUCIU Store,标码女装,女士套装及西服,4.3,https://p16-oec-va.ibyteimg.com/tos-alisg-i-aphluv4xwc-sg/c3c80d939afe4ee29eeb9077818220fc~tplv-o3syd03w52-resize-jpeg:1000:1000.image?,2026/8/15,,,15,58,,https://shop.tiktok.com/view/product/1729883038440790892?region=GB&locale=en,28.16,Black,"M,S,L",NULL,否
新品,GB,1729889622999538643,S260806032454,sky costume,标码女装,女士套装及西服,4.4,https://p16-oec-va.ibyteimg.com/tos-alisg-i-aphluv4xwc-sg/10428aff1ec04974ae346693d8da98b3~tplv-o3syd03w52-resize-jpeg:1000:1000.image?,2026/8/10,,,23,59,,https://shop.tiktok.com/view/product/1729889622999538643?region=GB&locale=en,11.62,Multicolor,"XXL,XL,M,L,S",Spring&Fall,是
新品,GB,1729893580025797309,S260812037326,Minimalism style one,标码女装,女士套装及西服,3.6,https://p16-oec-va.ibyteimg.com/tos-alisg-i-aphluv4xwc-sg/ab2809d6b11f4a1c8cbe9b37a1b27efc~tplv-o3syd03w52-resize-jpeg:1000:1000.image?,2026/8/12,,,0,60,,https://shop.tiktok.com/view/product/1729893580025797309?region=GB&locale=en,20.18,Apricot,"S,XXL,XL,L,M",Spring&Fall,是
新品,GB,1729894840484796419,S260813029844,Eyvonne,标码女装,女士套装及西服,4.7,https://p16-oec-va.ibyteimg.com/tos-alisg-i-aphluv4xwc-sg/0aa90fa5d1594108b3926d58301a2c30~tplv-o3syd03w52-resize-jpeg:1000:1000.image?,2026/8/13,,,0,61,,https://shop.tiktok.com/view/product/1729894840484796419?region=GB&locale=en,21.69,Stripe,"L,XL,M,S",Spring&Fall,是
新品,GB,1729891338030127147,S260809013409,Yinos Fashion,标码女装,女士套装及西服,4.7,https://p16-oec-va.ibyteimg.com/tos-alisg-i-aphluv4xwc-sg/12bb6f1775e84bedba0a150983802490~tplv-o3syd03w52-resize-jpeg:1000:1000.image?,2026/8/13,,,20,62,,https://shop.tiktok.com/view/product/1729891338030127147?region=GB&locale=en,14.69,Pink and brown stripes,"M,L,S,XL",Spring&Fall,否
新品,GB,1729887753996442579,S260805031122,sky costume,标码女装,女士套装及西服,4.4,https://p16-oec-va.ibyteimg.com/tos-alisg-i-aphluv4xwc-sg/0a7607a756ec4370829be6114d147385~tplv-o3syd03w52-resize-jpeg:1000:1000.image?,2026/8/13,,,171,63,,https://shop.tiktok.com/view/product/1729887753996442579?region=GB&locale=en,16.94,"Lilac,Khaki,Bright orange,Royal blue,Black,Light green,Emerald green","L,XXXL,S,XXL,XL,M",Spring&Fall,是
新品,GB,1729893333748717717,S260812012606,Sanuuchic,标码女装,女士套装及西服,4.7,https://p16-oec-va.ibyteimg.com/tos-alisg-i-aphluv4xwc-sg/8bd9d510fef744018cdff7f4c103ad00~tplv-o3syd03w52-resize-jpeg:1000:1000.image?,2026/8/14,,,0,64,,https://shop.tiktok.com/view/product/1729893333748717717?region=GB&locale=en,21.68,Stripe,"L,M,S,XL",NULL,是
新品,GB,1729892719694288939,S260811026729,Yinos Fashion,标码女装,女士套装及西服,4.7,https://p16-oec-va.ibyteimg.com/tos-alisg-i-aphluv4xwc-sg/2691830136794cccaee9632ebb233060~tplv-o3syd03w52-resize-jpeg:1000:1000.image?,2026/8/15,,,20,65,,https://shop.tiktok.com/view/product/1729892719694288939?region=GB&locale=en,16.19,Pink,"S,XL,L,M",NULL,否
新品,GB,1729886599595596087,S260803017908,EVANDAL,标码女装,女士套装及西服,4.6,https://p16-oec-va.ibyteimg.com/tos-alisg-i-aphluv4xwc-sg/73cf1c6bbfcf4f1ab9574544f620202b~tplv-o3syd03w52-resize-jpeg:1000:1000.image?,2026/8/14,,,48,66,,https://shop.tiktok.com/view/product/1729886599595596087?region=GB&locale=en,21.74,"Dark blue,Green","M,L,XL,S",NULL,否
新品,GB,1729889274800151064,S260806030532,Kliou Store,标码女装,女士套装及西服,4.4,https://p16-oec-va.ibyteimg.com/tos-alisg-i-aphluv4xwc-sg/b60808403238456e8e462a3ae1d7cb7e~tplv-o3syd03w52-resize-jpeg:1000:1000.image?,2026/8/15,,,15,67,,https://shop.tiktok.com/view/product/1729889274800151064?region=GB&locale=en,17.49,Green,"S,M,L",NULL,否
新品,GB,1729892708155758635,S260811026349,Yinos Fashion,标码女装,女士套装及西服,4.7,https://p16-oec-va.ibyteimg.com/tos-alisg-i-aphluv4xwc-sg/8aee26cf7b7e492088b174bb30f8faf0~tplv-o3syd03w52-resize-jpeg:1000:1000.image?,2026/8/15,,,20,68,,https://shop.tiktok.com/view/product/1729892708155758635?region=GB&locale=en,18.71,Black,"XL,S,L,M",NULL,否
新品,GB,1729892507049564203,S260808016369,Yinos Fashion,标码女装,女士套装及西服,4.7,https://p16-oec-va.ibyteimg.com/tos-alisg-i-aphluv4xwc-sg/2ae77c27e0b74675912f065446d2af1c~tplv-o3syd03w52-resize-jpeg:1000:1000.image?,2026/8/15,,,32,69,,https://shop.tiktok.com/view/product/1729892507049564203?region=GB&locale=en,16.75,"Deep blue,Black","L,S,M,XS",NULL,否
新品,GB,1729891894986119211,S260810023157,Yinos Fashion,标码女装,女士套装及西服,4.7,https://p16-oec-va.ibyteimg.com/tos-alisg-i-aphluv4xwc-sg/ab5bc88078ef471b8daff22b533e71d1~tplv-o3syd03w52-resize-jpeg:1000:1000.image?,2026/8/13,,,64,70,,https://shop.tiktok.com/view/product/1729891894986119211?region=GB&locale=en,15.49,"Yellow,Brown,Black,Deep blue","M,S,XL,L",Spring&Fall,否
新品,GB,1729883031945780076,S260729027098,DOUCIU Store,标码女装,女士套装及西服,4.3,https://p16-oec-va.ibyteimg.com/tos-alisg-i-aphluv4xwc-sg/2fcf762970454733a9d0a19767337fb8~tplv-o3syd03w52-resize-jpeg:1000:1000.image?,2026/8/10,,,15,71,,https://shop.tiktok.com/view/product/1729883031945780076?region=GB&locale=en,29.43,Lemon yellow,"L,S,M",Spring&Fall,否
新品,GB,1729890453983107221,S260807029328,Sanuuchic,标码女装,女士套装及西服,4.7,https://p16-oec-va.ibyteimg.com/tos-alisg-i-aphluv4xwc-sg/91ecc7bf3cf54ce9877e792d0bb621b8~tplv-o3syd03w52-resize-jpeg:1000:1000.image?,2026/8/12,,,0,72,,https://shop.tiktok.com/view/product/1729890453983107221?region=GB&locale=en,22.74,Brown,"L,XL,M,S",Spring&Fall,是
新品,GB,1729891848725633067,S260810019476,Yinos Fashion,标码女装,女士套装及西服,4.7,https://p16-oec-va.ibyteimg.com/tos-alisg-i-aphluv4xwc-sg/d3272223e5604a5f894cb7659c491016~tplv-o3syd03w52-resize-jpeg:1000:1000.image?,2026/8/14,,,20,73,,https://shop.tiktok.com/view/product/1729891848725633067?region=GB&locale=en,15.36,Black,"L,XL,M,S",NULL,否
新品,IT,1729886599595006263,S260803017908,EVANDAL,标码女装,女士套装及西服,4.8,https://p16-oec-va.ibyteimg.com/tos-alisg-i-aphluv4xwc-sg/e00aa702a17b4d02848351ac9d52f1d1~tplv-o3syd03w52-resize-jpeg:1000:1000.image?,2026/8/14,,,48,1,,https://shop.tiktok.com/view/product/1729886599595006263?region=IT&locale=it,48.12,"Dark blue,Green","M,L,XL,S",NULL,否
新品,IT,1729891603408132139,S260808017924,Yinos Fashion,标码女装,女士套装及西服,4.8,https://p16-oec-va.ibyteimg.com/tos-alisg-i-aphluv4xwc-sg/b03a96ee7a274aaf8d9eac2912a7ac56~tplv-o3syd03w52-resize-jpeg:1000:1000.image?,2026/8/14,,,20,2,,https://shop.tiktok.com/view/product/1729891603408132139?region=IT&locale=it,42.45,light yellow,"S,M,L,XL",NULL,否
新品,IT,1729892507506023379,S260810022998,sky costume,标码女装,女士套装及西服,4.5,https://p16-oec-va.ibyteimg.com/tos-alisg-i-aphluv4xwc-sg/8bc5b9768a844c52aaea4cc6d651661c~tplv-o3syd03w52-resize-jpeg:1000:1000.image?,2026/8/13,,,22,3,,https://shop.tiktok.com/view/product/1729892507506023379?region=IT&locale=it,35.09,"Medium wash,Lemon yellow","S,M,XL,L,XXL",Summer,是
新品,IT,1729891893322160171,S260810023157,Yinos Fashion,标码女装,女士套装及西服,4.8,https://p16-oec-va.ibyteimg.com/tos-alisg-i-aphluv4xwc-sg/191455fc809c4277a00e15f65cc7abb4~tplv-o3syd03w52-resize-jpeg:1000:1000.image?,2026/8/13,,,64,4,,https://shop.tiktok.com/view/product/1729891893322160171?region=IT&locale=it,37.31,"Yellow,Brown,Black,Deep blue","M,S,XL,L",Spring&Fall,否
新品,IT,1729892707060717611,S260811026349,Yinos Fashion,标码女装,女士套装及西服,4.8,https://p16-oec-va.ibyteimg.com/tos-alisg-i-aphluv4xwc-sg/56b2ac5ac83c484580ef4524d673eaca~tplv-o3syd03w52-resize-jpeg:1000:1000.image?,2026/8/15,,,20,5,,https://shop.tiktok.com/view/product/1729892707060717611?region=IT&locale=it,31.3,Black,"XL,S,L,M",NULL,否
新品,IT,1729892506208671787,S260808014580,Yinos Fashion,标码女装,女士套装及西服,4.8,https://p16-oec-va.ibyteimg.com/tos-alisg-i-aphluv4xwc-sg/8127f7369fd34ee78fbc85fba913cd66~tplv-o3syd03w52-resize-jpeg:1000:1000.image?,2026/8/15,,,20,6,,https://shop.tiktok.com/view/product/1729892506208671787?region=IT&locale=it,34.19,White with gray accents,"L,S,M,XL",NULL,否
新品,IT,1729892556820420704,S260807013830,Luxury Leisure,标码女装,女士套装及西服,4.8,https://p16-oec-va.ibyteimg.com/tos-maliva-i-o3syd03w52-us/fb97539a68ec46b6921f22c7e51c1bc1~tplv-o3syd03w52-resize-jpeg:1000:1000.image?,2026/8/15,,,25,8,,https://shop.tiktok.com/view/product/1729892556820420704?region=IT&locale=it,39.71,Black,"L,S,XXL,XL,M",NULL,是
新品,IT,1729883030051855212,S260729027098,DOUCIU Store,标码女装,女士套装及西服,4,https://p16-oec-va.ibyteimg.com/tos-alisg-i-aphluv4xwc-sg/2fcf762970454733a9d0a19767337fb8~tplv-o3syd03w52-resize-jpeg:1000:1000.image?,2026/8/10,,,15,9,,https://shop.tiktok.com/view/product/1729883030051855212?region=IT&locale=it,28.85,Lemon yellow,"L,S,M",Spring&Fall,否
新品,IT,1729893586178775741,S260812038209,Minimalism style one,标码女装,女士套装及西服,4.4,https://p16-oec-va.ibyteimg.com/tos-alisg-i-aphluv4xwc-sg/c7256a2a5246412e8208b8d18abd779a~tplv-o3syd03w52-resize-jpeg:1000:1000.image?,2026/8/12,,,0,10,,https://shop.tiktok.com/view/product/1729893586178775741?region=IT&locale=it,37.84,Apricot,"L,XL,M,XXL,S",NULL,是
新品,IT,1729892558274336864,S260807013432,Luxury Leisure,标码女装,女士套装及西服,4.8,https://p16-oec-va.ibyteimg.com/tos-alisg-i-aphluv4xwc-sg/2f7dbaf595984192961e438ecf73e65f~tplv-o3syd03w52-resize-jpeg:1000:1000.image?,2026/8/15,,,50,11,,https://shop.tiktok.com/view/product/1729892558274336864?region=IT&locale=it,32,"Army green,Orange","M,XL,L,XXL,S",NULL,是
新品,IT,1729889277755496759,S260806032015,EVANDAL,标码女装,女士套装及西服,4.8,https://p16-oec-va.ibyteimg.com/tos-alisg-i-aphluv4xwc-sg/212c457d91f545e5a2e546a397987fb9~tplv-o3syd03w52-resize-jpeg:1000:1000.image?,2026/8/11,,,36,12,,https://shop.tiktok.com/view/product/1729889277755496759?region=IT&locale=it,48.77,Pale blue,"XL,L,S,M",Spring&Fall,否
新品,IT,1729893569268980413,S260812037326,Minimalism style one,标码女装,女士套装及西服,4.4,https://p16-oec-va.ibyteimg.com/tos-alisg-i-aphluv4xwc-sg/ab2809d6b11f4a1c8cbe9b37a1b27efc~tplv-o3syd03w52-resize-jpeg:1000:1000.image?,2026/8/12,,,0,13,,https://shop.tiktok.com/view/product/1729893569268980413?region=IT&locale=it,42.38,Apricot,"S,XXL,XL,L,M",Spring&Fall,是
新品,IT,1729891848842025003,S260810019476,Yinos Fashion,标码女装,女士套装及西服,4.8,https://p16-oec-va.ibyteimg.com/tos-alisg-i-aphluv4xwc-sg/38795db957b44af591f3d07b77e81bb7~tplv-o3syd03w52-resize-jpeg:1000:1000.image?,2026/8/14,,,20,14,,https://shop.tiktok.com/view/product/1729891848842025003?region=IT&locale=it,27.79,Black,"L,XL,M,S",NULL,否
新品,IT,1729892720083179563,S260811026729,Yinos Fashion,标码女装,女士套装及西服,4.8,https://p16-oec-va.ibyteimg.com/tos-alisg-i-aphluv4xwc-sg/a4e65c07625340ce9f8590923e710b21~tplv-o3syd03w52-resize-jpeg:1000:1000.image?,2026/8/15,,,20,15,,https://shop.tiktok.com/view/product/1729892720083179563?region=IT&locale=it,29.75,Pink,"S,XL,L,M",NULL,否
新品,IT,1729888419522451910,S260806004874,TY Trove,标码女装,女士套装及西服,4,https://p16-oec-va.ibyteimg.com/tos-alisg-i-aphluv4xwc-sg/681fd3f45e8b4078b89d4cb623cdc3b9~tplv-o3syd03w52-resize-jpeg:1000:1000.image?,2026/8/12,,,36,16,,https://shop.tiktok.com/view/product/1729888419522451910?region=IT&locale=it,25.64,White,"XL,M,L,S",Spring&Fall,否
新品,IT,1729891956903746072,S260810026960,Kliou Store,标码女装,女士套装及西服,3.9,https://p16-oec-va.ibyteimg.com/tos-alisg-i-aphluv4xwc-sg/b08cf93d20d64149affb1f34bc7ba0cd~tplv-o3syd03w52-resize-jpeg:1000:1000.image?,2026/8/15,,,15,18,,https://shop.tiktok.com/view/product/1729891956903746072?region=IT&locale=it,24.75,Gray,"S,M,L",NULL,否
新品,IT,1729892368777583468,S260811015048,DOUCIU Store,标码女装,女士套装及西服,4,https://p16-oec-va.ibyteimg.com/tos-alisg-i-aphluv4xwc-sg/a4dd70dee67d4cba873831b6dc8cfeb9~tplv-o3syd03w52-resize-jpeg:1000:1000.image?,2026/8/15,,,15,19,,https://shop.tiktok.com/view/product/1729892368777583468?region=IT&locale=it,25.44,Royal blue,"L,S,M",NULL,否
新品,IT,1729892732543473707,S260811030081,Yinos Fashion,标码女装,女士套装及西服,4.8,https://p16-oec-va.ibyteimg.com/tos-alisg-i-aphluv4xwc-sg/42d6bffc2f5d479d92b85460e819fb9c~tplv-o3syd03w52-resize-jpeg:1000:1000.image?,2026/8/15,,,20,20,,https://shop.tiktok.com/view/product/1729892732543473707?region=IT&locale=it,34.2,Black,"M,S,XL,L",NULL,否
新品,IT,1729888512981178822,S260806004228,TY Trove,标码女装,女士套装及西服,4,https://p16-oec-va.ibyteimg.com/tos-alisg-i-aphluv4xwc-sg/3ce1a24789dd43c38168f1b308496c59~tplv-o3syd03w52-resize-jpeg:1000:1000.image?,2026/8/11,,,34,23,,https://shop.tiktok.com/view/product/1729888512981178822?region=IT&locale=it,24.29,Black,"M,S,XL,L",Spring&Fall,否
新品,IT,1729893278017755179,S260808016369,Yinos Fashion,标码女装,女士套装及西服,4.8,https://p16-oec-va.ibyteimg.com/tos-alisg-i-aphluv4xwc-sg/01cc9db432354ed990b444af65b2f114~tplv-o3syd03w52-resize-jpeg:1000:1000.image?,2026/8/15,,,32,26,,https://shop.tiktok.com/view/product/1729893278017755179?region=IT&locale=it,30.83,"Deep blue,Black","L,S,M,XS",NULL,否
新品,IT,1729892609999281107,S260811013671,sky costume,标码女装,女士套装及西服,4.5,https://p16-oec-va.ibyteimg.com/tos-alisg-i-aphluv4xwc-sg/f846deb3ae76438a99ce9eee2faa54c0~tplv-o3syd03w52-resize-jpeg:1000:1000.image?,2026/8/13,,,25,27,,https://shop.tiktok.com/view/product/1729892609999281107?region=IT&locale=it,35.9,Multicolor,"XXXL,L,S,M,XL,XXL",Spring&Fall,是
新品,IT,1729895829491784591,S260814017569,FianiVibe,标码女装,女士套装及西服,4.6,https://p16-oec-va.ibyteimg.com/tos-alisg-i-aphluv4xwc-sg/0562d6ef758e460db5dac331aefa7440~tplv-o3syd03w52-resize-jpeg:1000:1000.image?,2026/8/15,,,20,28,,https://shop.tiktok.com/view/product/1729895829491784591?region=IT&locale=it,51.68,Cream,"M,XL,L,S",NULL,否
新品,IT,1729888210222553964,S260806004452,DOUCIU Store,标码女装,女士套装及西服,4,https://p16-oec-va.ibyteimg.com/tos-alisg-i-aphluv4xwc-sg/a16cc5e2765349c190aadd6d24b83aad~tplv-o3syd03w52-resize-jpeg:1000:1000.image?,2026/8/11,,,18,32,,https://shop.tiktok.com/view/product/1729888210222553964?region=IT&locale=it,29.8,Chartreuse,"M,L,S",Spring&Fall,否
新品,IT,1729889799301077971,S260806032454,sky costume,标码女装,女士套装及西服,4.5,https://p16-oec-va.ibyteimg.com/tos-maliva-i-o3syd03w52-us/a1ed44f2c9bb408783622f23657565e9~tplv-o3syd03w52-resize-jpeg:1000:1000.image?,2026/8/10,,,23,33,,https://shop.tiktok.com/view/product/1729889799301077971?region=IT&locale=it,22.35,Multicolor,"XXL,XL,M,L,S",Spring&Fall,是
新品,IT,1729890948523137067,S260808019193,Yinos Fashion,标码女装,女士套装及西服,4.8,https://p16-oec-va.ibyteimg.com/tos-alisg-i-aphluv4xwc-sg/9e4c56f85d1e4757bb617b61c6c979e1~tplv-o3syd03w52-resize-jpeg:1000:1000.image?,2026/8/13,,,20,34,,https://shop.tiktok.com/view/product/1729890948523137067?region=IT&locale=it,30.45,light yellow,"M,S,XL,L",Summer,否
新品,IT,1729893615424084669,S260812039824,Minimalism style one,标码女装,女士套装及西服,4.4,https://p16-oec-va.ibyteimg.com/tos-alisg-i-aphluv4xwc-sg/e9cb5c72ca9d487890bbd7c6fa708146~tplv-o3syd03w52-resize-jpeg:1000:1000.image?,2026/8/12,,,0,35,,https://shop.tiktok.com/view/product/1729893615424084669?region=IT&locale=it,41.11,"Pink,Black","M,L,XXL,S,XL",Spring&Fall,是
新品,IT,1729891339823454251,S260809013409,Yinos Fashion,标码女装,女士套装及西服,4.8,https://p16-oec-va.ibyteimg.com/tos-alisg-i-aphluv4xwc-sg/2c50f2c26baf4ee9b26ac73f6fe9719e~tplv-o3syd03w52-resize-jpeg:1000:1000.image?,2026/8/13,,,20,37,,https://shop.tiktok.com/view/product/1729891339823454251?region=IT&locale=it,26.63,Pink and brown stripes,"M,L,S,XL",Spring&Fall,否
新品,IT,1729889233250589208,S260806030532,Kliou Store,标码女装,女士套装及西服,3.9,https://p16-oec-va.ibyteimg.com/tos-alisg-i-aphluv4xwc-sg/b60808403238456e8e462a3ae1d7cb7e~tplv-o3syd03w52-resize-jpeg:1000:1000.image?,2026/8/15,,,15,38,,https://shop.tiktok.com/view/product/1729889233250589208?region=IT&locale=it,38.78,Green,"S,M,L",NULL,否
新品,IT,1729887753975012307,S260805031122,sky costume,标码女装,女士套装及西服,4.5,https://p16-oec-va.ibyteimg.com/tos-maliva-i-o3syd03w52-us/7c0c6a8eee1a4635ac836e9375f1b1d9~tplv-o3syd03w52-resize-jpeg:1000:1000.image?,2026/8/13,,,171,40,,https://shop.tiktok.com/view/product/1729887753975012307?region=IT&locale=it,36.89,"Lilac,Khaki,Bright orange,Royal blue,Black,Light green,Emerald green","L,XXXL,S,XXL,XL,M",Spring&Fall,是
新品,IT,1729890902549371859,S260808012500,sky costume,标码女装,女士套装及西服,4.5,https://p16-oec-va.ibyteimg.com/tos-alisg-i-aphluv4xwc-sg/f7935d15c6c744809a29fed38a950cea~tplv-o3syd03w52-resize-jpeg:1000:1000.image?,2026/8/10,,,49,41,,https://shop.tiktok.com/view/product/1729890902549371859?region=IT&locale=it,35.43,"Black,Dark Blue,Maroon","S,M,L,XL,XXL",Spring&Fall,是
新品,MX,1736579443429311996,S260717031025,Hi anan,标码女装,女士针织衫,4.8,https://p16-oec-va.ibyteimg.com/tos-alisg-i-aphluv4xwc-sg/5bc919c282bb44e4a69c5b0c2e869584~tplv-o3syd03w52-resize-jpeg:1000:1000.image?,2026/7/24,,,91,1,In Affiliate,https://shop.tiktok.com/view/product/1736579443429311996?region=MX&locale=es,15.23,"Hot pink,Orange and black,Purple","L,XL,S,M",Spring&Fall,是
新品,MX,1736469852926084875,S260710016505,Bettina Closet,标码女装,女士针织衫,4.6,https://p16-oec-va.ibyteimg.com/tos-alisg-i-aphluv4xwc-sg/8f79a9dbb3014b7a947eb42782d3297f~tplv-o3syd03w52-resize-jpeg:1000:1000.image?,2026/7/21,,,57,3,In Affiliate,https://shop.tiktok.com/view/product/1736469852926084875?region=MX&locale=es,12.93,"Black,White,Apricot,Pink,Medium wash","L,S,XL,M",Spring&Fall,是
新品,MX,1736018162677286495,S260610014069,Sorvra,标码女装,女士套装及西服,4.5,https://p16-oec-va.ibyteimg.com/tos-alisg-i-aphluv4xwc-sg/57e67d46f8c147d3b406d1ee7f2e3718~tplv-o3syd03w52-resize-jpeg:1000:1000.image?,2026/7/31,,,9,4,,https://shop.tiktok.com/view/product/1736018162677286495?region=MX&locale=es,19.41,"Medium purple red,Black,Brown","L,S,M",Summer,是
新品,MX,1736544619294459898,S260715013560,Kisnow Trove,标码女装,女士套装及西服,4.6,https://p16-oec-va.ibyteimg.com/tos-alisg-i-aphluv4xwc-sg/8aa64d3657db4ffd9fc1d8c5b2cffa64~tplv-o3syd03w52-resize-jpeg:1000:1000.image?,2026/7/18,,,31,6,In Affiliate,https://shop.tiktok.com/view/product/1736544619294459898?region=MX&locale=es,31.41,Deep blue,"M,XL,S,L,XS",Spring&Fall,否
新品,MX,1736545500569437227,S260715006567,Yinos Fashion,标码女装,女士套装及西服,3.9,https://p16-oec-va.ibyteimg.com/tos-alisg-i-aphluv4xwc-sg/1d3102954b8a47d3a6f98dc47c83ddf9~tplv-o3syd03w52-resize-jpeg:1000:1000.image?,2026/7/18,,,89,7,In Affiliate,https://shop.tiktok.com/view/product/1736545500569437227?region=MX&locale=es,33.36,"Pink,Deep blue,Brown,Black,Burgundy","XS,M,L,S",All Seasons,否
新品,MX,1736970812391982123,S260810023157,Yinos Fashion,标码女装,女士套装及西服,3.9,https://p16-oec-va.ibyteimg.com/tos-alisg-i-aphluv4xwc-sg/191455fc809c4277a00e15f65cc7abb4~tplv-o3syd03w52-resize-jpeg:1000:1000.image?,2026/8/13,,,64,8,,https://shop.tiktok.com/view/product/1736970812391982123?region=MX&locale=es,25.18,"Black,Yellow,Deep blue,Brown","M,XL,S,L",Spring&Fall,否
新品,MX,1736883670308062519,S260731021107,EVANDAL,标码女装,女士套装及西服,3.7,https://p16-oec-va.ibyteimg.com/tos-alisg-i-aphluv4xwc-sg/4d2f1b0d2a5246e7b5d88d9f1a0869a7~tplv-o3syd03w52-resize-jpeg:1000:1000.image?,2026/8/11,,,36,9,,https://shop.tiktok.com/view/product/1736883670308062519?region=MX&locale=es,32.4,Apricot,"M,XL,L,S",Spring&Fall,否
新品,MX,1736914096632071317,S260806025792,Sanuuchic,标码女装,女士套装及西服,4.4,https://p16-oec-va.ibyteimg.com/tos-alisg-i-aphluv4xwc-sg/0a3d82412f6a469ea0639605b7c64d71~tplv-o3syd03w52-resize-jpeg:1000:1000.image?,2026/8/12,,,0,10,,https://shop.tiktok.com/view/product/1736914096632071317?region=MX&locale=es,23.68,Brown and white,"L,XL,M,S",Summer,是
新品,MX,1736772007146260332,S260729027963,DOUCIU Store,标码女装,女士套装及西服,4.5,https://p16-oec-va.ibyteimg.com/tos-alisg-i-aphluv4xwc-sg/c3c80d939afe4ee29eeb9077818220fc~tplv-o3syd03w52-resize-jpeg:1000:1000.image?,2026/8/15,,,15,11,,https://shop.tiktok.com/view/product/1736772007146260332?region=MX&locale=es,22.55,Black,"L,S,M",NULL,否
新品,MX,1736988468107445291,S260811030081,Yinos Fashion,标码女装,女士套装及西服,3.9,https://p16-oec-va.ibyteimg.com/tos-alisg-i-aphluv4xwc-sg/42d6bffc2f5d479d92b85460e819fb9c~tplv-o3syd03w52-resize-jpeg:1000:1000.image?,2026/8/15,,,20,12,,https://shop.tiktok.com/view/product/1736988468107445291?region=MX&locale=es,23.57,Black,"M,S,XL,L",NULL,否
新品,MX,1736907809910261190,S260806004228,TY Trove,标码女装,女士套装及西服,4.8,https://p16-oec-va.ibyteimg.com/tos-alisg-i-aphluv4xwc-sg/3ce1a24789dd43c38168f1b308496c59~tplv-o3syd03w52-resize-jpeg:1000:1000.image?,2026/8/11,,,34,13,,https://shop.tiktok.com/view/product/1736907809910261190?region=MX&locale=es,14.12,Black,"XL,L,M,S",Spring&Fall,否
新品,MX,1737040598901950351,S260814017569,FianiVibe,标码女装,女士套装及西服,4.9,https://p16-oec-va.ibyteimg.com/tos-alisg-i-aphluv4xwc-sg/0562d6ef758e460db5dac331aefa7440~tplv-o3syd03w52-resize-jpeg:1000:1000.image?,2026/8/15,,,20,14,,https://shop.tiktok.com/view/product/1737040598901950351?region=MX&locale=es,38.61,Cream,"S,L,XL,M",NULL,否
新品,MX,1736943656352973867,S260808019193,Yinos Fashion,标码女装,女士套装及西服,3.9,https://p16-oec-va.ibyteimg.com/tos-alisg-i-aphluv4xwc-sg/9e4c56f85d1e4757bb617b61c6c979e1~tplv-o3syd03w52-resize-jpeg:1000:1000.image?,2026/8/13,,,20,15,,https://shop.tiktok.com/view/product/1736943656352973867?region=MX&locale=es,20.29,light yellow,"S,XL,L,M",Summer,否
新品,MX,1737022978732557315,S260812043350,Eyvonne,标码女装,女士套装及西服,4.5,https://p16-oec-va.ibyteimg.com/tos-alisg-i-aphluv4xwc-sg/ae48fafe0efd4ac4a61772655dc2f73a~tplv-o3syd03w52-resize-jpeg:1000:1000.image?,2026/8/13,,,0,16,,https://shop.tiktok.com/view/product/1737022978732557315?region=MX&locale=es,28.91,Pink,"S,XL,L,M",Spring&Fall,是
新品,MX,1736971515347567659,S260810027273,Yinos Fashion,标码女装,女士套装及西服,3.9,https://p16-oec-va.ibyteimg.com/tos-alisg-i-aphluv4xwc-sg/03686d144c2041a4a38c40d194b99cd5~tplv-o3syd03w52-resize-jpeg:1000:1000.image?,2026/8/13,,,20,17,,https://shop.tiktok.com/view/product/1736971515347567659?region=MX&locale=es,20.23,Green,"S,XL,L,M",Spring&Fall,否
新品,MX,1737023016252834819,S260811038851,Eyvonne,标码女装,女士套装及西服,4.5,https://p16-oec-va.ibyteimg.com/tos-alisg-i-aphluv4xwc-sg/ae48fafe0efd4ac4a61772655dc2f73a~tplv-o3syd03w52-resize-jpeg:1000:1000.image?,2026/8/13,,,0,19,,https://shop.tiktok.com/view/product/1737023016252834819?region=MX&locale=es,28.91,Pink,"S,M,L,XL",Spring&Fall,是
新品,MX,1737002323613025429,S260812012606,Sanuuchic,标码女装,女士套装及西服,4.4,https://p16-oec-va.ibyteimg.com/tos-alisg-i-aphluv4xwc-sg/f477689e42f642e1bd6718b98779900e~tplv-o3syd03w52-resize-jpeg:1000:1000.image?,2026/8/14,,,0,20,,https://shop.tiktok.com/view/product/1737002323613025429?region=MX&locale=es,22.51,Stripe,"M,XL,S,L",NULL,是
新品,MX,1736876758315468087,S260803017908,EVANDAL,标码女装,女士套装及西服,3.7,https://p16-oec-va.ibyteimg.com/tos-alisg-i-aphluv4xwc-sg/86002772a68d4fc499d8e6010d213cd1~tplv-o3syd03w52-resize-jpeg:1000:1000.image?,2026/8/14,,,48,21,,https://shop.tiktok.com/view/product/1736876758315468087?region=MX&locale=es,33.57,"Dark blue,Green","M,L,S,XL",NULL,否
新品,MX,1736906971399226822,S260806003322,TY Trove,标码女装,女士套装及西服,4.8,https://p16-oec-va.ibyteimg.com/tos-alisg-i-aphluv4xwc-sg/820effbb1a5e431ea8a1c63595f763b9~tplv-o3syd03w52-resize-jpeg:1000:1000.image?,2026/8/12,,,36,22,,https://shop.tiktok.com/view/product/1736906971399226822?region=MX&locale=es,35.5,Deep blue,"L,M,XL,S",Summer,否
新品,MX,1737008140000134845,S260812039824,Minimalism style one,标码女装,女士套装及西服,4.5,https://p16-oec-va.ibyteimg.com/tos-alisg-i-aphluv4xwc-sg/e9cb5c72ca9d487890bbd7c6fa708146~tplv-o3syd03w52-resize-jpeg:1000:1000.image?,2026/8/12,,,0,23,,https://shop.tiktok.com/view/product/1737008140000134845?region=MX&locale=es,28.29,"Black,Pink","S,XL,L,M,XXL",Spring&Fall,是
新品,MX,1736988067413918763,S260811026349,Yinos Fashion,标码女装,女士套装及西服,3.9,https://p16-oec-va.ibyteimg.com/tos-alisg-i-aphluv4xwc-sg/56b2ac5ac83c484580ef4524d673eaca~tplv-o3syd03w52-resize-jpeg:1000:1000.image?,2026/8/15,,,20,24,,https://shop.tiktok.com/view/product/1736988067413918763?region=MX&locale=es,20.16,Black,"XL,L,M,S",NULL,否
新品,MX,1736930147393242261,S260807029328,Sanuuchic,标码女装,女士套装及西服,4.4,https://p16-oec-va.ibyteimg.com/tos-alisg-i-aphluv4xwc-sg/0759aa65ea814424a55690ede702fd33~tplv-o3syd03w52-resize-jpeg:1000:1000.image?,2026/8/12,,,0,27,,https://shop.tiktok.com/view/product/1736930147393242261?region=MX&locale=es,29.11,Brown,"S,XL,M,L",Spring&Fall,是
新品,MX,1736903659164370796,S260806004452,DOUCIU Store,标码女装,女士套装及西服,4.5,https://p16-oec-va.ibyteimg.com/tos-alisg-i-aphluv4xwc-sg/a16cc5e2765349c190aadd6d24b83aad~tplv-o3syd03w52-resize-jpeg:1000:1000.image?,2026/8/11,,,18,28,,https://shop.tiktok.com/view/product/1736903659164370796?region=MX&locale=es,28.8,Chartreuse,"L,S,M",Spring&Fall,否
新品,MX,1737008794646447805,S260812038209,Minimalism style one,标码女装,女士套装及西服,4.5,https://p16-oec-va.ibyteimg.com/tos-alisg-i-aphluv4xwc-sg/c7256a2a5246412e8208b8d18abd779a~tplv-o3syd03w52-resize-jpeg:1000:1000.image?,2026/8/12,,,0,29,,https://shop.tiktok.com/view/product/1737008794646447805?region=MX&locale=es,24.78,Apricot,"XL,M,S,XXL,L",NULL,是
新品,MX,1736970660434904107,S260810019476,Yinos Fashion,标码女装,女士套装及西服,3.9,https://p16-oec-va.ibyteimg.com/tos-alisg-i-aphluv4xwc-sg/38795db957b44af591f3d07b77e81bb7~tplv-o3syd03w52-resize-jpeg:1000:1000.image?,2026/8/14,,,20,30,,https://shop.tiktok.com/view/product/1736970660434904107?region=MX&locale=es,16.78,Black,"L,XL,M,S",NULL,否
新品,MX,1736970923863147563,S260810024431,Yinos Fashion,标码女装,女士套装及西服,3.9,https://p16-oec-va.ibyteimg.com/tos-alisg-i-aphluv4xwc-sg/15cc566dae85485c9106e221302da619~tplv-o3syd03w52-resize-jpeg:1000:1000.image?,2026/8/15,,,48,31,,https://shop.tiktok.com/view/product/1736970923863147563?region=MX&locale=es,58.78,"Gray,Brown,Burgundy,White with gray accents","S,L,XL,M",NULL,否
新品,MX,1736892433606870059,S260803020464,Yinos Fashion,标码女装,女士套装及西服,3.9,https://p16-oec-va.ibyteimg.com/tos-alisg-i-aphluv4xwc-sg/23e8f60c3e6c4b2795a7487cb381ad00~tplv-o3syd03w52-resize-jpeg:1000:1000.image?,2026/8/11,,,11,32,,https://shop.tiktok.com/view/product/1736892433606870059?region=MX&locale=es,21.45,Brown,"S,XL,M,L",Summer,否
新品,MX,1736954428271461419,S260809010943,Yinos Fashion,标码女装,女士套装及西服,3.9,https://p16-oec-va.ibyteimg.com/tos-alisg-i-aphluv4xwc-sg/c90edc3326824202bfe5931b6a3c3297~tplv-o3syd03w52-resize-jpeg:1000:1000.image?,2026/8/13,,,64,33,,https://shop.tiktok.com/view/product/1736954428271461419?region=MX&locale=es,14.3,"Pink,Light blue,Yellow,Black","S,L,M,XS",All Seasons,否
新品,MX,1737007840220907197,S260812037326,Minimalism style one,标码女装,女士套装及西服,4.5,https://p16-oec-va.ibyteimg.com/tos-alisg-i-aphluv4xwc-sg/ab2809d6b11f4a1c8cbe9b37a1b27efc~tplv-o3syd03w52-resize-jpeg:1000:1000.image?,2026/8/12,,,0,34,,https://shop.tiktok.com/view/product/1737007840220907197?region=MX&locale=es,29.67,Apricot,"XL,XXL,L,M,S",Spring&Fall,是
新品,MX,1736988217105351723,S260811026729,Yinos Fashion,标码女装,女士套装及西服,3.9,https://p16-oec-va.ibyteimg.com/tos-alisg-i-aphluv4xwc-sg/a4e65c07625340ce9f8590923e710b21~tplv-o3syd03w52-resize-jpeg:1000:1000.image?,2026/8/15,,,20,35,,https://shop.tiktok.com/view/product/1736988217105351723?region=MX&locale=es,18.3,Pink,"L,XL,S,M",NULL,否
新品,MX,1737004121619531715,S260812036739,Calorie Club,标码女装,女士套装及西服,4.6,https://p16-oec-va.ibyteimg.com/tos-alisg-i-aphluv4xwc-sg/13810dc8f3704feb9d3f1d3a57f28a6b~tplv-o3syd03w52-resize-jpeg:1000:1000.image?,2026/8/12,,,0,36,,https://shop.tiktok.com/view/product/1737004121619531715?region=MX&locale=es,35.52,"Dark brown,Sakura Pink,Premium Black,Cream Yellow,Light Gray","M,L,XL,S",Summer,是
新品,MX,1736905863462618566,S260806004874,TY Trove,标码女装,女士套装及西服,4.8,https://p16-oec-va.ibyteimg.com/tos-alisg-i-aphluv4xwc-sg/681fd3f45e8b4078b89d4cb623cdc3b9~tplv-o3syd03w52-resize-jpeg:1000:1000.image?,2026/8/12,,,36,37,,https://shop.tiktok.com/view/product/1736905863462618566?region=MX&locale=es,15.24,White,"XL,M,L,S",Spring&Fall,否
新品,US,1732499811390492868,S260718031004,FACIO Direct,标码女装,女士针织衫,4.2,https://p16-oec-va.ibyteimg.com/tos-maliva-i-o3syd03w52-us/1d7f65110c1446e8a4735771ca74028f~tplv-o3syd03w52-resize-jpeg:1000:1000.image?,2026/7/23,,,36,1,In Affiliate,https://shop.tiktok.com/view/product/1732499811390492868?region=US&locale=en,19.82,Navy blue,"M,S,L",Spring&Fall,是
新品,US,1732491183110066794,S260714010094,Chic Savvy Codes,标码女装,女士针织衫,3.6,https://p16-oec-va.ibyteimg.com/tos-maliva-i-o3syd03w52-us/9529943f50a3465398c58e7e6250dc66~tplv-o3syd03w52-resize-jpeg:1000:1000.image?,2026/7/27,,,166,2,,https://shop.tiktok.com/view/product/1732491183110066794?region=US&locale=en,15.55,"Coffee brown,Pink,Camel,Light blue,Gray,light yellow,Black,Deep blue,Mauve purple,Burgundy","M,S,L,XL,XXL",Spring&Fall,否
新品,US,1732524895998284124,S260731010905,Zhichn Clthing,标码女装,女士针织衫,4.9,https://p16-oec-va.ibyteimg.com/tos-maliva-i-o3syd03w52-us/eb7940cc65524fc383101e6ded839124~tplv-o3syd03w52-resize-jpeg:1000:1000.image?,2026/8/3,,,56,3,,https://shop.tiktok.com/view/product/1732524895998284124?region=US&locale=en,17.75,"Coffee brown,Cream,Black,Burgundy","M,S,L",Spring&Fall,否
新品,US,1732501678666191616,S260717021315,FashionNove,标码女装,女士下装,4.3,https://p16-oec-va.ibyteimg.com/tos-maliva-i-o3syd03w52-us/fc1b3dcd5c224c98b4bd64ab1371d7cb~tplv-o3syd03w52-resize-jpeg:1000:1000.image?,2026/7/23,,,21,8,,https://shop.tiktok.com/view/product/1732501678666191616?region=US&locale=en,12.14,"Black,Blue","M,S,L,XL",Summer,是
新品,US,1732490232480240124,S260714003622,Hi anan,标码女装,女士针织衫,4.4,https://p16-oec-va.ibyteimg.com/tos-maliva-i-o3syd03w52-us/621895efa6804e0993b6a809ef86ec99~tplv-o3syd03w52-resize-jpeg:1000:1000.image?,2026/7/30,,,25,12,,https://shop.tiktok.com/view/product/1732490232480240124?region=US&locale=en,21.66,"White,Black,Apricot","M,S,L,XL",Spring&Fall,是
新品,US,1732482882461470735,S260709040159,CITY GIRL,标码女装,女士下装,4.7,https://p16-oec-va.ibyteimg.com/tos-maliva-i-o3syd03w52-us/9b28ab0deca14111b2a64b8194177e18~tplv-o3syd03w52-resize-jpeg:1000:1000.image?,2026/7/19,,,31,14,,https://shop.tiktok.com/view/product/1732482882461470735?region=US&locale=en,11.3,"Pink,Off-white","M,S,L",Summer,否
新品,US,1732493515589980668,S260715013447,Hi anan,标码女装,女士针织衫,4.4,https://p16-oec-va.ibyteimg.com/tos-maliva-i-o3syd03w52-us/015b586b28b8465c896d442f335b827e~tplv-o3syd03w52-resize-jpeg:1000:1000.image?,2026/7/18,,,54,16,In Affiliate,https://shop.tiktok.com/view/product/1732493515589980668?region=US&locale=en,28.56,Orange and black,"M,S,L,XL",Spring&Fall,是
新品,US,1732504344777036361,S260721041847,Posh Couture,标码女装,女士下装,4.8,https://p16-oec-va.ibyteimg.com/tos-maliva-i-o3syd03w52-us/6e1bafbfdf914679b85d42b7808e47b1~tplv-o3syd03w52-resize-jpeg:1000:1000.image?,2026/7/24,,,14,17,,https://shop.tiktok.com/view/product/1732504344777036361?region=US&locale=en,11.41,Colorful stripes,"M,S,XS,L",Spring&Fall,否
新品,US,1732528477352399173,S260802016121,YouAnnn,标码女装,女士针织衫,4.1,https://p16-oec-va.ibyteimg.com/tos-alisg-i-aphluv4xwc-sg/2ef554f099a945eba52165e801433d6c~tplv-o3syd03w52-resize-jpeg:1000:1000.image?,2026/8/8,,,199,18,,https://shop.tiktok.com/view/product/1732528477352399173?region=US&locale=en,11.13,"Cream,Stone gray,Green","M,S,XL,L,XXL",Spring&Fall,否
新品,US,1732528071747277736,S260802005816,Chic Weaves,标码女装,女士针织衫,4.8,https://p16-oec-va.ibyteimg.com/tos-maliva-i-o3syd03w52-us/dc75f232593a46a1ae39c95584364897~tplv-o3syd03w52-resize-jpeg:1000:1000.image?,2026/8/5,,,162,21,,https://shop.tiktok.com/view/product/1732528071747277736?region=US&locale=en,18.84,"Baby pink,Khaki,Army green,Yellow","M,S,XL,L,XXL",Spring&Fall,是
新品,US,1732495660040557291,S260716036144,Bettlity,标码女装,女士针织衫,4.7,https://p16-oec-va.ibyteimg.com/tos-maliva-i-o3syd03w52-us/9275b5e1c4184b10b88fcaaf2d0d1563~tplv-o3syd03w52-resize-jpeg:1000:1000.image?,2026/7/20,,,53,23,In Affiliate,https://shop.tiktok.com/view/product/1732495660040557291?region=US&locale=en,18.75,"Khaki,White,Black","M,S,XS,L",Spring&Fall,是
新品,US,1732515836397523241,S260724023197,Kitten Knit,标码女装,女士针织衫,4.5,https://p16-oec-va.ibyteimg.com/tos-maliva-i-o3syd03w52-us/83f0658c640d4fe9b4c001a94477e9f3~tplv-o3syd03w52-resize-jpeg:1000:1000.image?,2026/7/27,,,13,25,,https://shop.tiktok.com/view/product/1732515836397523241?region=US&locale=en,21.59,Khaki,"M,S,L,XL,XXL",Spring&Fall,是
新品,US,1732524971055879124,S260731013848,fashion iconn,标码女装,女士针织衫,4.2,https://p16-oec-va.ibyteimg.com/tos-maliva-i-o3syd03w52-us/92afff5112d54322935ad2058bebfcb1~tplv-o3syd03w52-resize-jpeg:1000:1000.image?,2026/8/7,,,145,26,,https://shop.tiktok.com/view/product/1732524971055879124?region=US&locale=en,17.11,"Blue-gray-white color combination,Purple, pink, and white color combination,Orange brown and white color matching","M,S,XL,L,XXL",Spring&Fall,否
新品,US,1732500490997175019,S260719009345,Bettlity,标码女装,女士针织衫,4.7,https://p16-oec-va.ibyteimg.com/tos-maliva-i-o3syd03w52-us/e473738396774102b92e303990ca2d35~tplv-o3syd03w52-resize-jpeg:1000:1000.image?,2026/7/29,,,266,28,,https://shop.tiktok.com/view/product/1732500490997175019?region=US&locale=en,21.33,"Purple,Turquoise,Yellow,Dark orange,Bean paste pink","M,S,XL,L,XXL",Spring&Fall,是
新品,US,1732521127719899461,S260729039678,YouAnnn,标码女装,女士针织衫,4.1,https://p16-oec-va.ibyteimg.com/tos-maliva-i-o3syd03w52-us/0c6be27d31854ec98d681bb6a1d8480f~tplv-o3syd03w52-resize-jpeg:1000:1000.image?,2026/8/2,,,252,30,,https://shop.tiktok.com/view/product/1732521127719899461?region=US&locale=en,14.57,"Pink,White,Black,Apricot,Green","M,S,XL,L,XXL",Spring&Fall,否
新品,US,1732472648486916290,S260703027042,KediChic,标码女装,女士下装,4.3,https://p16-oec-va.ibyteimg.com/tos-maliva-i-o3syd03w52-us/84637365953045c7a8c1d41cacfc8eac~tplv-o3syd03w52-resize-jpeg:1000:1000.image?,2026/7/27,,,29,33,Not in Affiliate,https://shop.tiktok.com/view/product/1732472648486916290?region=US&locale=en,19.24,"Red,Black,Blue","M,S,XL,L",Spring&Fall,否
新品,US,1732500260776612256,S260717012611,Samielle,标码女装,女士套装及西服,3.9,https://p16-oec-va.ibyteimg.com/tos-maliva-i-o3syd03w52-us/be18194345fb4381b2dda3ed48be23c3~tplv-o3syd03w52-resize-jpeg:1000:1000.image?,2026/8/1,,,26,36,,https://shop.tiktok.com/view/product/1732500260776612256?region=US&locale=en,32.26,Apricot,"M,S,L,XL",Spring&Fall,否
新品,US,1732486166953038312,S260711025057,UREREM fashion,标码女装,女士套装及西服,3.9,https://p16-oec-va.ibyteimg.com/tos-maliva-i-o3syd03w52-us/ae73af6ab8ef406a8d070febf94f7bf8~tplv-o3syd03w52-resize-jpeg:1000:1000.image?,2026/7/29,,,99,37,,https://shop.tiktok.com/view/product/1732486166953038312?region=US&locale=en,17.13,"red and blue stripes,Red,White powder,Yellow,Gray","M,S,XS,L,XXL,XL",Spring&Fall,否
新品,US,1732493314330562603,S260715006567,Yinos Fashion,标码女装,女士套装及西服,4.7,https://p16-oec-va.ibyteimg.com/tos-maliva-i-o3syd03w52-us/a7d07534b2f444fa92a0f30bf5d373a7~tplv-o3syd03w52-resize-jpeg:1000:1000.image?,2026/7/18,,,89,38,,https://shop.tiktok.com/view/product/1732493314330562603?region=US&locale=en,12,"Burgundy,Pink,Black,Deep blue,Brown","M,S,XS,L",All Seasons,否
新品,US,1732510348557456013,S260723008506,XGYW FASHION,标码女装,女士套装及西服,4.1,https://p16-oec-va.ibyteimg.com/tos-maliva-i-o3syd03w52-us/bbb00abb56bd407998d4d0107980d93e~tplv-o3syd03w52-resize-jpeg:1000:1000.image?,2026/8/4,,,19,43,,https://shop.tiktok.com/view/product/1732510348557456013?region=US&locale=en,15.39,Black,"M,S,L,XL,XXL",Spring&Fall,是
新品,US,1732516113931932462,S260727025302,Einsamw,标码女装,女士套装及西服,4.6,https://p16-oec-va.ibyteimg.com/tos-alisg-i-aphluv4xwc-sg/457ee5f7e52d4299a235a69dc467a2c7~tplv-o3syd03w52-resize-jpeg:1000:1000.image?,2026/7/29,,,64,44,,https://shop.tiktok.com/view/product/1732516113931932462?region=US&locale=en,34.39,"Black,Dark wash,Brown","M,S,XL,L",Spring&Fall,否
新品,US,1732529314129679064,S260803010750,Asvivid,标码女装,女士套装及西服,4.9,https://p16-oec-va.ibyteimg.com/tos-alisg-i-aphluv4xwc-sg/06cbaf0fa4fb4f99af58bace13f490ad~tplv-o3syd03w52-resize-jpeg:1000:1000.image?,2026/8/3,,,0,45,,https://shop.tiktok.com/view/product/1732529314129679064?region=US&locale=en,41.76,Multicolor,"M,S,L,XL",Spring&Fall,是
新品,US,1732501782249705559,S260720009205,Novelife,标码女装,女士套装及西服,4.7,https://p16-oec-va.ibyteimg.com/tos-maliva-i-o3syd03w52-us/d680bb7c399c477cb3c4f4791080f93a~tplv-o3syd03w52-resize-jpeg:1000:1000.image?,2026/7/30,,,44,46,,https://shop.tiktok.com/view/product/1732501782249705559?region=US&locale=en,50.37,Yellow,"M,S,L,XL",Spring&Fall,否
新品,US,1732534384439825353,S260803016932,Verve Fashion,标码女装,女士套装及西服,4.7,https://p16-oec-va.ibyteimg.com/tos-alisg-i-aphluv4xwc-sg/59d34075ea2f41cfacd1cdb5ff49f2e6~tplv-o3syd03w52-resize-jpeg:1000:1000.image?,2026/8/5,,,0,47,,https://shop.tiktok.com/view/product/1732534384439825353?region=US&locale=en,8.22,"Light green,Red,Army green,Black,Dark gray,Light wash,Apricot,Silver,Purple,Mint green,Pink,Hot pink,Yellow,White,Brown","M,S,XL,L,XXL",Summer,是
新品,US,1732506024430244654,S260722019854,Einsamw,标码女装,女士套装及西服,4.6,https://p16-oec-va.ibyteimg.com/tos-alisg-i-aphluv4xwc-sg/17bb2b0898804780a2e7104351129820~tplv-o3syd03w52-resize-jpeg:1000:1000.image?,2026/8/4,,,81,49,,https://shop.tiktok.com/view/product/1732506024430244654?region=US&locale=en,30.78,Pink,"M,S,XL,L",Spring&Fall,否
新品,US,1732472526242681664,S260703015858,ZhiMore,标码女装,女士套装及西服,3.8,https://p16-oec-va.ibyteimg.com/tos-maliva-i-o3syd03w52-us/43b9c0b7d63341b9b60a52cfe7329053~tplv-o3syd03w52-resize-jpeg:1000:1000.image?,2026/7/24,,,43,50,In Affiliate,https://shop.tiktok.com/view/product/1732472526242681664?region=US&locale=en,23.48,"Pink,Black,Sky blue","M,S,L,XL,XXL",Spring&Fall,否
新品,US,1732515391875552250,S260725020099,Lira Maison,标码女装,女士套装及西服,3.8,https://p16-oec-va.ibyteimg.com/tos-maliva-i-o3syd03w52-us/0a56e186f43848efa4a6306097f01695~tplv-o3syd03w52-resize-jpeg:1000:1000.image?,2026/7/27,,,21,51,,https://shop.tiktok.com/view/product/1732515391875552250?region=US&locale=en,21.94,Pink,"M,S,XL,L",Summer,否
新品,US,1732470632208896395,S260702023062,CYOUNCE,标码女装,女士套装及西服,4.4,https://p16-oec-va.ibyteimg.com/tos-alisg-i-aphluv4xwc-sg/467cbe2e8d9944c6a548134eb8752dac~tplv-o3syd03w52-resize-jpeg:1000:1000.image?,2026/7/18,,,118,53,In Affiliate,https://shop.tiktok.com/view/product/1732470632208896395?region=US&locale=en,13.19,"Pink,Yellow,White,Brown","M,S,L,XL",Summer,否
新品,US,1732506044112736304,S260722017353,AXU Clothing,标码女装,女士套装及西服,3.8,https://p16-oec-va.ibyteimg.com/tos-maliva-i-o3syd03w52-us/e35c66f2e16940f4947b95093addff69~tplv-o3syd03w52-resize-jpeg:1000:1000.image?,2026/7/25,,,22,54,,https://shop.tiktok.com/view/product/1732506044112736304?region=US&locale=en,12.98,Mauve purple,"M,S,XL,L,XXL",Spring&Fall,否
新品,US,1732532770788446661,S260804022632,Spoils Me,标码女装,女士套装及西服,4,https://p16-oec-va.ibyteimg.com/tos-maliva-i-o3syd03w52-us/623037904ca04e3ea54ebc526065fc55~tplv-o3syd03w52-resize-jpeg:1000:1000.image?,2026/8/5,,,0,55,,https://shop.tiktok.com/view/product/1732532770788446661?region=US&locale=en,41.74,"Pink,Red,Gray,Black,Deep blue,Dark green,Burgundy","M,S,L,XL,XXL",Spring&Fall,是
新品,US,1732476573887467936,S260706017878,Samielle,标码女装,女士套装及西服,3.9,https://p16-oec-va.ibyteimg.com/tos-maliva-i-o3syd03w52-us/62980530a25045f3a138cc3f644ce4f3~tplv-o3syd03w52-resize-jpeg:1000:1000.image?,2026/7/21,,,24,57,In Affiliate,https://shop.tiktok.com/view/product/1732476573887467936?region=US&locale=en,37.44,"wine red,Green","M,S,XL,L",Spring&Fall,否
新品,US,1732510860044309178,S260724032021,MIXIFashion,标码女装,女士套装及西服,4.2,https://p16-oec-va.ibyteimg.com/tos-maliva-i-o3syd03w52-us/5383038f21aa495d9fe137035db096ca~tplv-o3syd03w52-resize-jpeg:1000:1000.image?,2026/8/1,,,77,61,,https://shop.tiktok.com/view/product/1732510860044309178?region=US&locale=en,27.5,Gray,"M,S,XL,L",Spring&Fall,是
新品,US,1732507674141430735,S260723002641,Celdra,标码女装,女士套装及西服,3.8,https://p16-oec-va.ibyteimg.com/tos-maliva-i-o3syd03w52-us/dad1e8d0558b438d89d51659839d04e6~tplv-o3syd03w52-resize-jpeg:1000:1000.image?,2026/8/2,,,46,64,,https://shop.tiktok.com/view/product/1732507674141430735?region=US&locale=en,26.49,Pink,"M,S,XL,L",Summer,否
新品,US,1732548252840727135,S260810016252,Vanshee Show,标码女装,女士套装及西服,4.9,https://p16-oec-va.ibyteimg.com/tos-alisg-i-aphluv4xwc-sg/7035bf63d20b403b9fd048d9f60b287b~tplv-o3syd03w52-resize-jpeg:1000:1000.image?,2026/8/11,,,0,65,,https://shop.tiktok.com/view/product/1732548252840727135?region=US&locale=en,12.24,Baby pink,"M,S,XL,L",Spring&Fall,是
新品,US,1732532653076746847,S260804017814,Vanshee Show,标码女装,女士套装及西服,4.9,https://p16-oec-va.ibyteimg.com/tos-maliva-i-o3syd03w52-us/fe0ab95c09a848909fabaf34760eac90~tplv-o3syd03w52-resize-jpeg:1000:1000.image?,2026/8/8,,,1,66,,https://shop.tiktok.com/view/product/1732532653076746847?region=US&locale=en,11.62,Silver,"M,S,XL,L",All Seasons,是
新品,US,1732466496269226338,S260630020994,Upsun,标码女装,女士套装及西服,3.7,https://p16-oec-va.ibyteimg.com/tos-maliva-i-o3syd03w52-us/5ede71a3365140fe902da7fc2a4eb348~tplv-o3syd03w52-resize-jpeg:1000:1000.image?,2026/7/31,,,29,69,,https://shop.tiktok.com/view/product/1732466496269226338?region=US&locale=en,21.83,Pink,"M,S,XL,L",Spring&Fall,否
新品,US,1732515669648314411,S260724018419,Yinos Fashion,标码女装,女士套装及西服,4.7,https://p16-oec-va.ibyteimg.com/tos-maliva-i-o3syd03w52-us/a05daf69ba88495eb6fa4f73d77ca3c5~tplv-o3syd03w52-resize-jpeg:1000:1000.image?,2026/8/1,,,25,70,,https://shop.tiktok.com/view/product/1732515669648314411?region=US&locale=en,13.47,"Dark green,Dark Blue","M,S,L,XL",Spring&Fall,否
新品,US,1732507661574837193,S260722023850,Verve Fashion,标码女装,女士套装及西服,4.7,https://p16-oec-va.ibyteimg.com/tos-maliva-i-o3syd03w52-us/8b9d4a54c24e428e9cdce3902a519de6~tplv-o3syd03w52-resize-jpeg:1000:1000.image?,2026/7/23,,,0,71,In Affiliate,https://shop.tiktok.com/view/product/1732507661574837193?region=US&locale=en,9.31,"Silver,Purple,Mint green,Pink,Hot pink,Red,Light green,Army green,Yellow,Black,Dark gray,Apricot","M,S,XL,L,XS",Summer,是
新品,US,1732503842826719319,S260721025239,Novelife,标码女装,女士套装及西服,4.7,https://p16-oec-va.ibyteimg.com/tos-maliva-i-o3syd03w52-us/b5ab35c0829b464e81ed8c19ba83ab64~tplv-o3syd03w52-resize-jpeg:1000:1000.image?,2026/7/30,,,34,73,,https://shop.tiktok.com/view/product/1732503842826719319?region=US&locale=en,18.39,Gray,"M,S,XL,L",Summer,否
新品,US,1732514734772687272,S260726012651,YMW,标码女装,女士套装及西服,4.1,https://p16-oec-va.ibyteimg.com/tos-alisg-i-aphluv4xwc-sg/3ef72d92fa984f789191e10bb0f69ec6~tplv-o3syd03w52-resize-jpeg:1000:1000.image?,2026/8/6,,,127,74,,https://shop.tiktok.com/view/product/1732514734772687272?region=US&locale=en,25.17,"Red,Black,Green","M,S,XL,L,XXL",All Seasons,是
新品,US,1732515712245338131,S260727009846,PrettyElenay,标码女装,女士套装及西服,4.1,https://p16-oec-va.ibyteimg.com/tos-maliva-i-o3syd03w52-us/973d55c51cf24027942d3f8e29e215f7~tplv-o3syd03w52-resize-jpeg:1000:1000.image?,2026/8/8,,,25,77,,https://shop.tiktok.com/view/product/1732515712245338131?region=US&locale=en,11.84,Green,"M,S,XL,L",Spring&Fall,否
新品,US,1732520837638164934,S260729032476,TY Trove,标码女装,女士套装及西服,4.2,https://p16-oec-va.ibyteimg.com/tos-maliva-i-o3syd03w52-us/11a014e9dbb64bbe8b361d8f98493d7e~tplv-o3syd03w52-resize-jpeg:1000:1000.image?,2026/8/9,,,129,79,,https://shop.tiktok.com/view/product/1732520837638164934?region=US&locale=en,17.28,"Navy blue,Gray,White,Black","M,S,XL,L,XXL",Spring&Fall,否
新品,US,1732520580008218667,S260724012120,Yinos Fashion,标码女装,女士套装及西服,4.7,https://p16-oec-va.ibyteimg.com/tos-maliva-i-o3syd03w52-us/fb90ff8e94cd4592aa787153bdc3ebac~tplv-o3syd03w52-resize-jpeg:1000:1000.image?,2026/8/1,,,13,82,,https://shop.tiktok.com/view/product/1732520580008218667?region=US&locale=en,8.15,Pink and brown stripes,"M,S,XL,L",Summer,否
新品,US,1732548431023542315,S260808014580,Yinos Fashion,标码女装,女士套装及西服,4.7,https://p16-oec-va.ibyteimg.com/tos-maliva-i-o3syd03w52-us/5c69eea95aea45f9adc515658dac982e~tplv-o3syd03w52-resize-jpeg:1000:1000.image?,2026/8/15,,,20,86,,https://shop.tiktok.com/view/product/1732548431023542315?region=US&locale=en,21.05,White with gray accents,"M,S,L,XL",NULL,否
新品,US,1732536528680489414,S260806004228,TY Trove,标码女装,女士套装及西服,4.2,https://p16-oec-va.ibyteimg.com/tos-maliva-i-o3syd03w52-us/83cdaee586e94098a1bf7ff96138f63f~tplv-o3syd03w52-resize-jpeg:1000:1000.image?,2026/8/11,,,34,87,,https://shop.tiktok.com/view/product/1732536528680489414?region=US&locale=en,9.76,Black,"M,S,XL,L",Spring&Fall,否
新品,US,1732548975518453803,S260811026729,Yinos Fashion,标码女装,女士套装及西服,4.7,https://p16-oec-va.ibyteimg.com/tos-maliva-i-o3syd03w52-us/2691830136794cccaee9632ebb233060~tplv-o3syd03w52-resize-jpeg:1000:1000.image?,2026/8/15,,,20,88,,https://shop.tiktok.com/view/product/1732548975518453803?region=US&locale=en,20.39,Pink,"M,S,XL,L",NULL,否
新品,US,1732546003264770091,S260810027273,Yinos Fashion,标码女装,女士套装及西服,4.7,https://p16-oec-va.ibyteimg.com/tos-maliva-i-o3syd03w52-us/b8eac087b9d249b48c6ef8f1a19386d8~tplv-o3syd03w52-resize-jpeg:1000:1000.image?,2026/8/13,,,20,89,,https://shop.tiktok.com/view/product/1732546003264770091?region=US&locale=en,18.75,Green,"M,S,L,XL",Spring&Fall,否
新品,US,1732551006612983851,S260808016369,Yinos Fashion,标码女装,女士套装及西服,4.7,https://p16-oec-va.ibyteimg.com/tos-maliva-i-o3syd03w52-us/2ae77c27e0b74675912f065446d2af1c~tplv-o3syd03w52-resize-jpeg:1000:1000.image?,2026/8/15,,,32,91,,https://shop.tiktok.com/view/product/1732551006612983851?region=US&locale=en,22.09,"Black,Deep blue","M,S,L,XS",NULL,否
新品,US,1732548643894104160,S260807013830,Luxury Leisure,标码女装,女士套装及西服,4.7,https://p16-oec-va.ibyteimg.com/tos-alisg-i-aphluv4xwc-sg/ccadf837f6244e31b3a5e8a4fc66814a~tplv-o3syd03w52-resize-jpeg:1000:1000.image?,2026/8/15,,,25,93,,https://shop.tiktok.com/view/product/1732548643894104160?region=US&locale=en,22.05,Black,"M,S,L,XL,XXL",NULL,是
新品,US,1732535115796747219,S260805031122,sky costume,标码女装,女士套装及西服,4.5,https://p16-oec-va.ibyteimg.com/tos-maliva-i-o3syd03w52-us/0a7607a756ec4370829be6114d147385~tplv-o3syd03w52-resize-jpeg:1000:1000.image?,2026/8/13,,,171,95,,https://shop.tiktok.com/view/product/1732535115796747219?region=US&locale=en,24.47,"Royal blue,Khaki,Emerald green,Light green,Lilac,Black,Bright orange","M,XXXL,S,L,XL,XXL",Spring&Fall,是
新品,US,1732502107361481099,S260720010912,CYOUNCE,标码女装,女士套装及西服,4.4,https://p16-oec-va.ibyteimg.com/tos-maliva-i-o3syd03w52-us/bafad5a3d1bd400a830c57a6f69e15f0~tplv-o3syd03w52-resize-jpeg:1000:1000.image?,2026/8/10,,,36,96,,https://shop.tiktok.com/view/product/1732502107361481099?region=US&locale=en,12.21,Blue,"M,S,L,XL",Summer,否
新品,US,1732536270690226630,S260806004874,TY Trove,标码女装,女士套装及西服,4.2,https://p16-oec-va.ibyteimg.com/tos-alisg-i-aphluv4xwc-sg/bead7e1ccd1d467dae0960dc69c910b4~tplv-o3syd03w52-resize-jpeg:1000:1000.image?,2026/8/12,,,36,97,,https://shop.tiktok.com/view/product/1732536270690226630?region=US&locale=en,10.32,White,"M,S,XL,L",Spring&Fall,否
新品,US,1732543606683964371,S260808012500,sky costume,标码女装,女士套装及西服,4.5,https://p16-oec-va.ibyteimg.com/tos-maliva-i-o3syd03w52-us/2b4e37b3fbab41eabee9fffc0f2b4148~tplv-o3syd03w52-resize-jpeg:1000:1000.image?,2026/8/10,,,49,98,,https://shop.tiktok.com/view/product/1732543606683964371?region=US&locale=en,20.53,"Black,Dark Blue,Maroon","M,S,XL,L,XXL",Spring&Fall,是
新品,US,1732548949036339243,S260811026349,Yinos Fashion,标码女装,女士套装及西服,4.7,https://p16-oec-va.ibyteimg.com/tos-maliva-i-o3syd03w52-us/8aee26cf7b7e492088b174bb30f8faf0~tplv-o3syd03w52-resize-jpeg:1000:1000.image?,2026/8/15,,,20,99,,https://shop.tiktok.com/view/product/1732548949036339243?region=US&locale=en,20.83,Black,"M,S,XL,L",NULL,否
新品,US,1732534340373942315,S260803026226,Yinos Fashion,标码女装,女士套装及西服,4.7,https://p16-oec-va.ibyteimg.com/tos-maliva-i-o3syd03w52-us/55ef8a64d2fb4726824decb0fa4939db~tplv-o3syd03w52-resize-jpeg:1000:1000.image?,2026/8/12,,,25,100,,https://shop.tiktok.com/view/product/1732534340373942315?region=US&locale=en,9.06,Light green,"M,S,L,XS,XL",Spring&Fall,否
新品,US,1732541577480343595,S260808019193,Yinos Fashion,标码女装,女士套装及西服,4.7,https://p16-oec-va.ibyteimg.com/tos-alisg-i-aphluv4xwc-sg/5ad414238c59435e8b16459510a26b75~tplv-o3syd03w52-resize-jpeg:1000:1000.image?,2026/8/13,,,20,101,,https://shop.tiktok.com/view/product/1732541577480343595?region=US&locale=en,20.73,light yellow,"M,S,XL,L",Summer,否
新品,US,1732545822395240491,S260810019476,Yinos Fashion,标码女装,女士套装及西服,4.7,https://p16-oec-va.ibyteimg.com/tos-maliva-i-o3syd03w52-us/d3272223e5604a5f894cb7659c491016~tplv-o3syd03w52-resize-jpeg:1000:1000.image?,2026/8/14,,,20,102,,https://shop.tiktok.com/view/product/1732545822395240491?region=US&locale=en,13.74,Black,"M,S,L,XL",NULL,否
新品,US,1732550939150947032,S260812013428,Asvivid,标码女装,女士套装及西服,4.9,https://p16-oec-va.ibyteimg.com/tos-alisg-i-aphluv4xwc-sg/b4682ebeafaf4d55a805ebe52abb6b10~tplv-o3syd03w52-resize-jpeg:1000:1000.image?,2026/8/12,,,0,104,,https://shop.tiktok.com/view/product/1732550939150947032?region=US&locale=en,33.63,Khaki,"M,S,L,XL",Summer,是
新品,US,1732543456071880747,S260809010943,Yinos Fashion,标码女装,女士套装及西服,4.7,https://p16-oec-va.ibyteimg.com/tos-maliva-i-o3syd03w52-us/88b18ab4d32447bda5bc7b6561136dd6~tplv-o3syd03w52-resize-jpeg:1000:1000.image?,2026/8/13,,,64,106,,https://shop.tiktok.com/view/product/1732543456071880747?region=US&locale=en,15.16,"Pink,Light blue,Yellow,Black","M,S,XS,L",All Seasons,否
新品,US,1732544899141308459,S260808017924,Yinos Fashion,标码女装,女士套装及西服,4.7,https://p16-oec-va.ibyteimg.com/tos-maliva-i-o3syd03w52-us/2e016c86bdde4869aba9478b602611eb~tplv-o3syd03w52-resize-jpeg:1000:1000.image?,2026/8/14,,,20,107,,https://shop.tiktok.com/view/product/1732544899141308459?region=US&locale=en,24.52,light yellow,"M,S,L,XL",NULL,否
爆品,DE,1729572315950324623,S250704007193,FianiVibe,标码女装,女士下装,4.6,https://p16-oec-va.ibyteimg.com/tos-alisg-i-aphluv4xwc-sg/2b0577ce062f4a9f999101f749600d67~tplv-o3syd03w52-resize-jpeg:1000:1000.image?,2025/7/12,,,1460,1,In Affiliate,https://shop.tiktok.com/view/product/1729572315950324623?region=DE&locale=de,22.93,"Blue,Navy blue,Cream,Brown,Dark gray,Black,Green","XXL,XS,XL,M,L,S",Spring&Fall,否
爆品,DE,1729507830226655299,S241205008501,Chic Unique Designs,标码女装,女士下装,4.9,https://p16-oec-eu-common-no.tiktokcdn-eu.com/tos-no1a-i-t5fjg24jzw-no/18468b6b649a42fba815291542a0c826~tplv-t5fjg24jzw-resize-jpeg:1000:1000.image?,2025/5/15,,,2717,2,In Affiliate,https://shop.tiktok.com/view/product/1729507830226655299?region=DE&locale=de,10.17,"Khaki,Multicolor4,Multicolor10,Sky blue,Multicolor11,Multicolor8,Multicolor7,Multicolor12,Reddish Purple,Multicolor1,Multicolor2,Black,Bright blue,Blue and white,Multicolor-multicolor,Multicolor6,Multicolor3,Multicolor9,Dark Blue,Multicolor5","S,M,L,XL,XXL",Summer,否
爆品,DE,1729565365957270415,S250624012254,FianiVibe,标码女装,女士下装,4.6,https://p16-oec-va.ibyteimg.com/tos-alisg-i-aphluv4xwc-sg/f138a9761b88417ba25cd2fe939d9c6d~tplv-o3syd03w52-resize-jpeg:1000:1000.image?,2025/7/5,,,3984,3,In Affiliate,https://shop.tiktok.com/view/product/1729565365957270415?region=DE&locale=de,22.84,"Light wash,Green,Red,Apricot,Pink,Black,Brown,Blue","XS,S,XL,M,L",Spring&Fall,否
爆品,DE,1729744074009123838,S260105038071,Ailyak knit,标码女装,女士针织衫,4.9,https://p16-oec-va.ibyteimg.com/tos-alisg-i-aphluv4xwc-sg/821987d9a96d41839c30a6a413046dd7~tplv-o3syd03w52-resize-jpeg:1000:1000.image?,2026/1/5,,,1800,4,In Affiliate,https://shop.tiktok.com/view/product/1729744074009123838?region=DE&locale=de,25.68,"Green,Light blue,White,Hot pink,Purple,Yellow,Red,Black Silver,Cloud white,Light green,Pink,Strong white,Golden,Baby pink,Blue,Black,Medium wash,Orange,Apricot","S,M,L,XXL,XS,XL",Summer,是
爆品,DE,1729848959837707176,S260610003638,Chic Weaves,标码女装,女士针织衫,4.1,https://p16-oec-va.ibyteimg.com/tos-alisg-i-aphluv4xwc-sg/3a81623b19d548d7a18d03a635b92f58~tplv-o3syd03w52-resize-jpeg:1000:1000.image?,2026/6/12,,,2145,5,In Affiliate,https://shop.tiktok.com/view/product/1729848959837707176?region=DE&locale=de,27.85,"Purple - Multicolor 3,Apricot Color - Multicolor 4,Pink - Multicolor 2,Grass green - multicolor 10,Cranberry Red - Multicolor 9,Multi-color,Light Blue - Multicolor 5,Denim blue - color 7,Colorful 6 — mixed colors,White - Multicolor 8","S,M,L,XXL,XL",NULL,是
爆品,DE,1729503312364673611,S240905000268,StreetWeat Outfits,标码女装,女士下装,4.6,https://p16-oec-va.ibyteimg.com/tos-alisg-i-aphluv4xwc-sg/c54f1523cee54d0eb20be0bf7916da47~tplv-o3syd03w52-resize-jpeg:1000:1000.image?,2025/5/8,,,1595,6,In Affiliate,https://shop.tiktok.com/view/product/1729503312364673611?region=DE&locale=de,21.41,"Purple,Copper brown,Light brown,Green,Rust Red,Yellow,Coral pink,White,Champagne,Grey,Coffee brown,Flame red,Blue,Brown,Deep red","S,XL,XXL,L,M,XS",Spring&Fall,是
爆品,DE,1729788012839999555,S260329023012,Chic Unique Designs,标码女装,女士下装,4.9,https://p16-oec-eu-common-no.tiktokcdn-eu.com/tos-no1a-i-t5fjg24jzw-no/542b5ef130b5441ca000d3d60db436e2~tplv-t5fjg24jzw-resize-jpeg:1000:1000.image?,2026/4/3,,,569,7,In Affiliate,https://shop.tiktok.com/view/product/1729788012839999555?region=DE&locale=de,22.14,"Multicolor2,Multicolor1,Multi-color,Coffee brown","XXL,M,S,L,XL",Summer,否
爆品,DE,1729787628482828890,S260328033125,Orgnvin,标码女装,女士针织衫,4.6,https://p16-oec-va.ibyteimg.com/tos-alisg-i-aphluv4xwc-sg/fde0ab89f648480798902029eab7ff9e~tplv-o3syd03w52-resize-jpeg:1000:1000.image?,2026/3/28,,,424,8,In Affiliate,https://shop.tiktok.com/view/product/1729787628482828890?region=DE&locale=de,23.22,"Yellow,Fawn brown,Apricot,Hot pink,Burgundy,Royal blue,Black,Light wash,Pink,White","M,XL,L,S",Spring&Fall,是
爆品,DE,1729759592831227981,S260128044038,YarnPop,标码女装,女士针织衫,4.7,https://p16-oec-eu-common-no.tiktokcdn-eu.com/tos-no1a-i-t5fjg24jzw-no/dc6dbd86b3b64487b57940b383eb292c~tplv-t5fjg24jzw-resize-jpeg:1000:1000.image?,2026/1/30,,,1404,9,In Affiliate,https://shop.tiktok.com/view/product/1729759592831227981?region=DE&locale=de,23.85,"Baby pink,White,Apricot,Brown,Sky blue,Cream,Coral pink,Black,Bright yellow,Khaki,Light green,Green","XL,M,L,S",NULL,是
爆品,DE,1729482732204890668,S241207006420,Lefter Shorts,标码女装,女士下装,4.8,https://p16-oec-eu-common-no.tiktokcdn-eu.com/tos-no1a-i-t5fjg24jzw-no/ff8c65c587ee495a8a0b837e4f5b1620~tplv-t5fjg24jzw-resize-jpeg:1000:1000.image?,2025/4/9,,,2863,10,In Affiliate,https://shop.tiktok.com/view/product/1729482732204890668?region=DE&locale=de,21.59,"Blue,Baby pink,Dark Blue,Lime Green,Dark Gray,Red,Black,Mauve purple,pebble lime,Off white","XXL,S,XS,M,XL,L",Summer,是
爆品,DE,1729788388106541143,S260330016047,Inwely,标码女装,女士下装,4,https://p16-oec-va.ibyteimg.com/tos-alisg-i-aphluv4xwc-sg/c854ce606dc04cccb35bcbfee7a7f705~tplv-o3syd03w52-resize-jpeg:1000:1000.image?,2026/4/9,,,1757,11,In Affiliate,https://shop.tiktok.com/view/product/1729788388106541143?region=DE&locale=de,35.61,"Beige,Black,Coffee brown,Purple,Royal blue","L,XXL,S,M,XL",All Seasons,否
爆品,DE,1729787528436423241,S260328015052,JANE DRESSINGLOG,标码女装,女士针织衫,4.4,https://p16-oec-eu-common-no.tiktokcdn-eu.com/tos-no1a-i-t5fjg24jzw-no/f9bf6ebd58774cc0bbf82c46c5d1acce~tplv-t5fjg24jzw-resize-jpeg:1000:1000.image?,2026/3/28,,,58,12,In Affiliate,https://shop.tiktok.com/view/product/1729787528436423241?region=DE&locale=de,47.62,"Black,Olive green,Khaki","XS,L,M,S,XL",Summer,是
爆品,DE,1729480595614243372,S250216006757,Lefter Shorts,标码女装,女士下装,4.8,https://p16-oec-eu-common-no.tiktokcdn-eu.com/tos-no1a-i-t5fjg24jzw-no/f63b822b92b644e08c63c80e224275c1~tplv-t5fjg24jzw-resize-jpeg:1000:1000.image?,2025/4/7,,,3684,13,In Affiliate,https://shop.tiktok.com/view/product/1729480595614243372?region=DE&locale=de,19.13,"Off white,Deep red,Black,Pink,Dark green,Dark Blue,Lime Green,Burgundy","L,XL,M,XS,XXL,S",All Seasons,是
爆品,DE,1729837427024042094,S260528008769,Soft Frame,标码女装,女士下装,4.7,https://p16-oec-va.ibyteimg.com/tos-alisg-i-aphluv4xwc-sg/6a358cf3be744fb4af771e3b8c5927db~tplv-o3syd03w52-resize-jpeg:1000:1000.image?,2026/5/31,,,2283,14,In Affiliate,https://shop.tiktok.com/view/product/1729837427024042094?region=DE&locale=de,24.3,"Copper brown,Off-white polka dots,Coffee brown,Blue-brown,Black,Khaki,Pastel blue,Reed green","L,M,XL,S",Spring&Fall,否
爆品,ES,1729499202269191007,S240516003315,SaltWhite,标码女装,女士下装,4.8,https://p16-oec-eu-common-no.tiktokcdn-eu.com/tos-no1a-i-t5fjg24jzw-no/3307bf27cf674d66b69f6d2b420f4ebb~tplv-t5fjg24jzw-resize-jpeg:1000:1000.image?,2025/5/2,,,3484,1,In Affiliate,https://shop.tiktok.com/view/product/1729499202269191007?region=ES&locale=es,18.95,"Navy Blue*1 pc+Khaki*1 pc+Black*1 pc,Turquoise blue,Hot pink,Black*1 pc+Khaki*1 pc,Blue,Green,Purple*1 pc+Sky Blue*1 pc+Pink*1 pc,Lime yellow,Purple,Black,Navy blue,Pink,Khaki,Army green,Sky blue,Coffee brown,Deep red,Pink*1 pc+Sky Blue*1 pc+Khaki*1 pc,Black*1 pc+Navy Blue*1 pc,Lime orange","XXL,XL,M,S,L",Summer,是
爆品,ES,1729480029049232223,S240724005872,SaltWhite,标码女装,女士下装,4.8,https://p16-oec-eu-common-no.tiktokcdn-eu.com/tos-no1a-i-t5fjg24jzw-no/7146496d5f984ab8b3d8f4d721f2fd37~tplv-t5fjg24jzw-resize-jpeg:1000:1000.image?,2025/4/6,,,1693,2,In Affiliate,https://shop.tiktok.com/view/product/1729480029049232223?region=ES&locale=es,16.71,"Rust Red,Multicolor2,Multicolor6,Multicolor8,Multicolor5,Multicolor1,Multicolor3,Black,Multicolor7,Multicolor4,Multicolor","XL,S,M,L,XXL",Summer,是
爆品,FR,1729669325614586124,S251021057012,Eloise Archive,标码女装,女士下装,4.1,https://p16-oec-eu-common-no.tiktokcdn-eu.com/tos-no1a-i-t5fjg24jzw-no/55aa0c0c340f4f28a035e3620ebef458~tplv-t5fjg24jzw-resize-jpeg:1000:1000.image?,2025/11/7,,,2970,1,In Affiliate,https://shop.tiktok.com/view/product/1729669325614586124?region=FR&locale=fr,8.99,"Cream,Fawn brown,Gray,Dark Gray,Brown,Black","XXL,XL,M,S,L",Summer,否
爆品,FR,1729575690139507537,S250526013318,Shiny Girl VIP,标码女装,女士下装,4.5,https://p16-oec-eu-common-no.tiktokcdn-eu.com/tos-no1a-i-t5fjg24jzw-no/c32170b5a6f24eb28e2a2092cea97b35~tplv-t5fjg24jzw-resize-jpeg:1000:1000.image?,2025/7/15,,,1657,2,In Affiliate,https://shop.tiktok.com/view/product/1729575690139507537?region=FR&locale=fr,16.11,"Black,Burgundy,Brown,Blue,Coffee brown","L,XL,S,M,XS",Spring&Fall,否
爆品,GB,1729443457023904835,S241205008501,Chic Unique Designs,标码女装,女士下装,5,https://p16-oec-eu-common-no.tiktokcdn-eu.com/tos-no1a-i-t5fjg24jzw-no/da7e88d1945f4a4381dfef83ead9db21~tplv-t5fjg24jzw-resize-jpeg:1000:1000.image?,2024/12/18,,,2717,1,In Affiliate,https://shop.tiktok.com/view/product/1729443457023904835?region=GB&locale=en,8.56,"Khaki,Multicolor4,Multicolor10,Sky blue,Multicolor11,Multicolor8,Multicolor7,Multicolor12,Reddish Purple,Multicolor1,Multicolor2,Black,Bright blue,Blue and white,Multicolor-multicolor,Multicolor6,Multicolor3,Multicolor9,Dark Blue,Multicolor5","S,M,L,XL,XXL",Summer,否
爆品,GB,1729837427069917294,S260528008769,Soft Frame,标码女装,女士下装,4.6,https://p16-oec-va.ibyteimg.com/tos-alisg-i-aphluv4xwc-sg/220a576ec8d74b719311cbeae5c08ea8~tplv-o3syd03w52-resize-jpeg:1000:1000.image?,2026/5/31,,,2283,2,In Affiliate,https://shop.tiktok.com/view/product/1729837427069917294?region=GB&locale=en,13.37,"Copper brown,Off-white polka dots,Coffee brown,Blue-brown,Black,Khaki,Pastel blue,Reed green","L,M,XL,S",Spring&Fall,否
爆品,GB,1729794195037985731,S260408047252,Calorie Club,标码女装,女士下装,4.8,https://p16-oec-va.ibyteimg.com/tos-alisg-i-aphluv4xwc-sg/06dd3abe47d0451b91f1c4a0fc0429d9~tplv-o3syd03w52-resize-jpeg:1000:1000.image?,2026/4/8,,,2353,3,In Affiliate,https://shop.tiktok.com/view/product/1729794195037985731?region=GB&locale=en,13.13,"Premium Black,Forest Green,Moss green,Chocolate Brown + Cherry Red,Eggplant purple,Chocolate Brown,Creamy White,Wine stain red,Sakura Pink,Cherry Red,Premium Black + Premium Black,Micro-stamp blue + black coffee,Mulberry,Seaside Blue,Black coffee,Light Blue Micro Stamp","S,L,XL,M",All Seasons,是
爆品,GB,1729572312673393551,S250704007193,FianiVibe,标码女装,女士下装,4.7,https://p16-oec-eu-common-no.tiktokcdn-eu.com/tos-no1a-i-t5fjg24jzw-no/2ddbc3583d8e4ad2bcdd97edb4e51683~tplv-t5fjg24jzw-resize-jpeg:1000:1000.image?,2025/7/12,,,1460,4,In Affiliate,https://shop.tiktok.com/view/product/1729572312673393551?region=GB&locale=en,13.95,"Blue,Navy blue,Cream,Brown,Dark gray,Black,Green","XXL,XS,XL,M,L,S",All Seasons,否
爆品,GB,1729451270051827526,S241229002061,Chic Panthers,标码女装,女士下装,4.9,https://p16-oec-eu-common-no.tiktokcdn-eu.com/tos-no1a-i-t5fjg24jzw-no/41b36c23a6604f3cbafee73b055ee1a5~tplv-t5fjg24jzw-resize-jpeg:1000:1000.image?,2025/1/11,,,1514,5,In Affiliate,https://shop.tiktok.com/view/product/1729451270051827526?region=GB&locale=en,13.25,"Apricot,Khaki,Black","L,S,XS,M,XL",Summer,否
爆品,GB,1729860120392538620,S260625005679,Hi anan,标码女装,女士针织衫,4.9,https://p16-oec-va.ibyteimg.com/tos-alisg-i-aphluv4xwc-sg/8115d325e1944c5c8465e26f94c313bd~tplv-o3syd03w52-resize-jpeg:1000:1000.image?,2026/7/3,,,987,6,In Affiliate,https://shop.tiktok.com/view/product/1729860120392538620?region=GB&locale=en,21.65,"Medium wash,White,Khaki,Brown,Black","S,L,M,XL",Spring&Fall,是
爆品,GB,1729862995649141343,S260629018452,Vanshee Show,标码女装,女士套装及西服,4.5,https://p16-oec-va.ibyteimg.com/tos-alisg-i-aphluv4xwc-sg/05cdf2ef52894c5a84f77d96a5ca4ef8~tplv-o3syd03w52-resize-jpeg:1000:1000.image?,2026/6/29,,,694,7,In Affiliate,https://shop.tiktok.com/view/product/1729862995649141343?region=GB&locale=en,12.87,"Coffee brown,Yellow,Light wash","M,S,XL,L",Summer,是
爆品,GB,1729795747216988651,S260410016609,DolceAmara,标码女装,女士套装及西服,4.8,https://p16-oec-va.ibyteimg.com/tos-alisg-i-aphluv4xwc-sg/d531f89c717040f5a479a3ddf3be6769~tplv-o3syd03w52-resize-jpeg:1000:1000.image?,2026/4/22,,,830,8,In Affiliate,https://shop.tiktok.com/view/product/1729795747216988651?region=GB&locale=en,25.5,"Burgundy,Yellow,Blue,Khaki gray,Pink","S,XL,XXL,M,L",Summer,否
爆品,MX,1733874905916605671,S260105096548,NovaMode.,标码女装,女士下装,4.9,https://p16-oec-va.ibyteimg.com/tos-alisg-i-aphluv4xwc-sg/2f76bd8c57fe4ea280740016bf03d4d5~tplv-o3syd03w52-resize-jpeg:1000:1000.image?,2026/1/12,,,1824,1,In Affiliate,https://shop.tiktok.com/view/product/1733874905916605671?region=MX&locale=es,12.97,"Brown,Apricot,Black,Dark gray","XL,L,S,M,XS",Summer,是
爆品,MX,1731489139310101735,S250418017608,NovaMode.,标码女装,女士下装,4.9,https://p16-oec-va.ibyteimg.com/tos-alisg-i-aphluv4xwc-sg/5c86bcf618f944db88a01bb204a6b4c9~tplv-o3syd03w52-resize-jpeg:1000:1000.image?,2025/5/23,,,15121,3,In Affiliate,https://shop.tiktok.com/view/product/1731489139310101735?region=MX&locale=es,22.8,"Black,White,Apricot,Iron gray,Dark Gray,Dark brown","S,M,XS,XL,L",Spring&Fall,是
爆品,MX,1732166692461053902,S240825000469,Red Desert Rose,标码女装,女士下装,3.9,https://p16-oec-va.ibyteimg.com/tos-alisg-i-aphluv4xwc-sg/6d28864309cf43dc950c1da98f611add~tplv-o3syd03w52-resize-jpeg:1000:1000.image?,2025/8/9,,,606,4,In Affiliate,https://shop.tiktok.com/view/product/1732166692461053902?region=MX&locale=es,10.82,"Off white,Black,Dark Blue,Grey,Dark green,Blue,Navy blue,Burgundy,Pink and black,Signal Black","S,M,XL,XXL,L",Spring&Fall,否
爆品,MX,1731760042524248066,S241112011069,Low Price Fashion,标码女装,女士针织衫,3.9,https://p16-oec-va.ibyteimg.com/tos-maliva-i-o3syd03w52-us/cdd6f179e5fe4dd499f857dc2a3a9d30~tplv-o3syd03w52-resize-jpeg:1000:1000.image?,2025/1/22,,,4403,5,In Affiliate,https://shop.tiktok.com/view/product/1731760042524248066?region=MX&locale=es,6.61,"Off white,Deep red,Black,Rusty pink,Coffee brown,Yellow,Navy blue,Grey,Gray,Dark Gray","M,XL,L,XXL,S,XS",Summer,否
爆品,MX,1736018389534607272,S260610003638,Chic Weaves,标码女装,女士针织衫,4.9,https://p16-oec-va.ibyteimg.com/tos-alisg-i-aphluv4xwc-sg/4700572bb7984ba5a8dfaa9039598554~tplv-o3syd03w52-resize-jpeg:1000:1000.image?,2026/6/12,,,2145,6,In Affiliate,https://shop.tiktok.com/view/product/1736018389534607272?region=MX&locale=es,27.54,"Denim blue - color 7,Colorful 6 — mixed colors,Multi-color,Apricot Color - Multicolor 4,White - Multicolor 8,Cranberry Red - Multicolor 9,Light Blue - Multicolor 5,Grass green - multicolor 10,Pink - Multicolor 2,Purple - Multicolor 3","S,M,XXL,L,XL",Spring&Fall,是
爆品,MX,1732148265786182188,S250216006757,Lefter Shorts,标码女装,女士下装,5,https://p16-oec-va.ibyteimg.com/tos-alisg-i-aphluv4xwc-sg/f63b822b92b644e08c63c80e224275c1~tplv-o3syd03w52-resize-jpeg:1000:1000.image?,2025/3/21,,,3684,7,In Affiliate,https://shop.tiktok.com/view/product/1732148265786182188?region=MX&locale=es,6.92,"Dark green,Burgundy,Pink,Deep red,Lime Green,Dark Blue,Black,Off white","L,XL,M,XXL,XS,S",All Seasons,是
爆品,MX,1733778256429352022,S251128066417,Chic Silk Elite,标码女装,女士下装,4.9,https://p16-oec-va.ibyteimg.com/tos-alisg-i-aphluv4xwc-sg/0252f9d3446740ad92de64e967c978ba~tplv-o3syd03w52-resize-jpeg:1000:1000.image?,2025/12/29,,,1868,8,In Affiliate,https://shop.tiktok.com/view/product/1733778256429352022?region=MX&locale=es,15.22,"Black,Hot pink,Green,Yellow,Purple,Dark wash,Blue,Orange,Brown","XL,M,XXL,S,L",Spring&Fall,否
爆品,MX,1732142326870804210,S250526003309,ZANZEAFASHION,标码女装,女士套装及西服,4.8,https://p16-oec-va.ibyteimg.com/tos-alisg-i-aphluv4xwc-sg/3019c2bfedd7405a99f373d44596cd15~tplv-o3syd03w52-resize-jpeg:1000:1000.image?,2025/8/6,,,1411,9,In Affiliate,https://shop.tiktok.com/view/product/1732142326870804210?region=MX&locale=es,19.68,"Jet black,Orange,Army green,Gray,Hot pink,Baby pink,Khaki,Dark Blue,Rust orange,Blue,White,Lemon yellow,Green,Black,Navy blue,Rose gold,Apricot","M,S,L,XL,XXL",Summer,否
爆品,MX,1735452995481273972,S260506017962,Edge Grace,标码女装,女士套装及西服,4.7,https://p16-oec-va.ibyteimg.com/tos-alisg-i-aphluv4xwc-sg/85b657fd10604b928b62b7a66a4c2c08~tplv-o3syd03w52-resize-jpeg:1000:1000.image?,2026/5/11,,,472,11,In Affiliate,https://shop.tiktok.com/view/product/1735452995481273972?region=MX&locale=es,16.8,"Blue,Brown,Pink + Apricot","S,XL,XS,M,L",Spring&Fall,否
爆品,MX,1734018734132266734,S260115025821,Zisman,标码女装,女士套装及西服,4.8,https://p16-oec-va.ibyteimg.com/tos-alisg-i-aphluv4xwc-sg/49070d15e7f148f292bdccb8db0e34c3~tplv-o3syd03w52-resize-jpeg:1000:1000.image?,2026/1/15,,,2573,12,In Affiliate,https://shop.tiktok.com/view/product/1734018734132266734?region=MX&locale=es,13.34,"Navy blue,Pure Green,Apricot,Coffee brown,Red,Blue Leaves,Brown (Solid Color),Hot pink,Green,Green (Solid Color),Blue","L,S,M,XL",Spring&Fall,是
爆品,MX,1734079199999002054,S260119029096,TY Trove,标码女装,女士套装及西服,4.8,https://p16-oec-va.ibyteimg.com/tos-alisg-i-aphluv4xwc-sg/82aebb268277468d822ecd42452e7cc2~tplv-o3syd03w52-resize-jpeg:1000:1000.image?,2026/3/23,,,1811,13,In Affiliate,https://shop.tiktok.com/view/product/1734079199999002054?region=MX&locale=es,29.95,"Black,Brown,Pink,White,Khaki,Fawn brown,Apricot","L,M,XL,XXL,S",Spring&Fall,否
爆品,MX,1731697781461452404,S250402011967,Edge Grace,标码女装,女士套装及西服,4.7,https://p16-oec-va.ibyteimg.com/tos-alisg-i-aphluv4xwc-sg/0f21198891ec4ed4af57f3b34d5b92e8~tplv-o3syd03w52-resize-jpeg:1000:1000.image?,2025/6/17,,,630,14,In Affiliate,https://shop.tiktok.com/view/product/1731697781461452404?region=MX&locale=es,21.69,"Khaki,Maroon,Coffee brown,Navy blue,Burgundy","S,M,L,XL,XS",Summer,否
爆品,MX,1735235915322853370,S260421023266,Lira Maison,标码女装,女士套装及西服,4.9,https://p16-oec-va.ibyteimg.com/tos-alisg-i-aphluv4xwc-sg/35824ad951d94bb3beca13f105dcca2e~tplv-o3syd03w52-resize-jpeg:1000:1000.image?,2026/5/3,,,2372,15,In Affiliate,https://shop.tiktok.com/view/product/1735235915322853370?region=MX&locale=es,16.15,"Burgundy,Navy blue,Green,Brown,Dark gray,Black","XL,M,L,S,XS",Spring&Fall,否
爆品,MX,1735492223212487790,S260508026117,Soft Frame,标码女装,女士套装及西服,4.9,https://p16-oec-va.ibyteimg.com/tos-alisg-i-aphluv4xwc-sg/d6e3baada90c420dbb9bf9c82255a2d5~tplv-o3syd03w52-resize-jpeg:1000:1000.image?,2026/5/13,,,2643,16,In Affiliate,https://shop.tiktok.com/view/product/1735492223212487790?region=MX&locale=es,17.2,"Apricot,Pink 2,Yellow,Brown,Blue and white stripes,Baby pink,Mulberry,Burgundy,Blue and brown stripes,Light yellow,Royal blue","S,XL,M,XS,L",Summer,否
爆品,MX,1731489185716602251,S241014010646,CYOUNCE,标码女装,女士套装及西服,4.8,https://p16-oec-va.ibyteimg.com/tos-alisg-i-aphluv4xwc-sg/2c468d3fd8244ec3932f9a6963c6508a~tplv-o3syd03w52-resize-jpeg:1000:1000.image?,2025/5/23,,,1114,17,In Affiliate,https://shop.tiktok.com/view/product/1731489185716602251?region=MX&locale=es,10.51,"Black,Yellow,Green,Pink,Blue","M,XXL,XL,S,L",Spring&Fall,否
爆品,MX,1733731512774525995,S251225067766,Yinos Fashion,标码女装,女士套装及西服,3.9,https://p16-oec-va.ibyteimg.com/tos-alisg-i-aphluv4xwc-sg/9891cc5f290d4abf8e2eed6273823af7~tplv-o3syd03w52-resize-jpeg:1000:1000.image?,2026/1/8,,,2358,18,In Affiliate,https://shop.tiktok.com/view/product/1733731512774525995?region=MX&locale=es,12.53,"Military Green,Light wash,Golden,Burgundy,Royal blue,Pink,Dark brown,Bright orange,Hot pink,Emerald green,Light pink,Black,Dark gray,Khaki,Dark purple","S,L,XXS,M,XL,XS",All Seasons,否
爆品,MX,1731590566122128971,S250423005939,StreetWeat Outfits,标码女装,女士套装及西服,4.4,https://p16-oec-va.ibyteimg.com/tos-alisg-i-aphluv4xwc-sg/c07843772d9b4320b72ffdee19f7aa74~tplv-o3syd03w52-resize-jpeg:1000:1000.image?,2025/6/4,,,1683,19,In Affiliate,https://shop.tiktok.com/view/product/1731590566122128971?region=MX&locale=es,9.51,"Red,Navy blue,Yellow,Blue,Fawn brown,Purple,Lilac,Off white","XS,S,M,L",Summer,是
爆品,MX,1734110162492950366,S260121030138,Mayins,标码女装,女士套装及西服,5,https://p16-oec-va.ibyteimg.com/tos-alisg-i-aphluv4xwc-sg/9997f634de8c413ebac31bdece55575d~tplv-o3syd03w52-resize-jpeg:1000:1000.image?,2026/1/26,,,1982,20,In Affiliate,https://shop.tiktok.com/view/product/1734110162492950366?region=MX&locale=es,12.22,"Pink,Brown,Baby pink,Black,Green,White,Black - Polka Dot","L,M,XL,S,XXL",Summer,否
爆品,US,1732414001197060975,S260526030088,Fourfo,标码女装,女士下装,4.8,https://p16-oec-va.ibyteimg.com/tos-maliva-i-o3syd03w52-us/0d37a5df195a444d95bcd15b3f913d8d~tplv-o3syd03w52-resize-jpeg:1000:1000.image?,2026/5/31,,,1383,1,In Affiliate,https://shop.tiktok.com/view/product/1732414001197060975?region=US&locale=en,16.82,"Light green,Gray,Black,Brown","M,S,L",Summer,是
爆品,US,1729975611144770325,S241102005244,AOMR,标码女装,女士下装,4.3,https://p16-oec-va.ibyteimg.com/tos-alisg-i-aphluv4xwc-sg/056c0af5872f43b28e4b87ea98dfb219~tplv-o3syd03w52-resize-jpeg:1000:1000.image?,2024/11/17,,,749,3,In Affiliate,https://shop.tiktok.com/view/product/1729975611144770325?region=US&locale=en,8.87,"Grey,Black,Burgundy","M,S,L",All Seasons,是
爆品,US,1729479845478241357,S260128044038,YarnPop,标码女装,女士针织衫,4.2,https://p16-oec-ttp.tiktokcdn-us.com/tos-useast5-i-omjb5zjo8w-tx/1d6c49c3b5644ea4b296d23fd0d287f5~tplv-omjb5zjo8w-resize-jpeg:1000:1000.image?,2026/1/30,,,1404,5,In Affiliate,https://shop.tiktok.com/view/product/1729479845478241357?region=US&locale=en,13.74,"Green,Baby pink,Khaki,Cream,Light green,White,Black,Coral pink,Sky blue,Apricot,Bright yellow,Brown","M,S,L,XL",Spring&Fall,是
爆品,US,1731404975383220420,S250625021533,FACIO Direct,标码女装,女士针织衫,4.2,https://p16-oec-va.ibyteimg.com/tos-maliva-i-o3syd03w52-us/433091c8ea0a4e1cb30cc4898bc960ac~tplv-o3syd03w52-resize-jpeg:1000:1000.image?,2025/7/5,,,1502,6,In Affiliate,https://shop.tiktok.com/view/product/1731404975383220420?region=US&locale=en,26.94,"Coral red,Khaki,Red,Olive green,Light blue,Navy blue,Lilac,Mocha brown,Black,Dark gray,Pastel blue,Green,Blue,Coffee brown,Mint green,Pink,Yellow,Mauve purple,Brown","M,S,XL,L,XS",Spring&Fall,是
爆品,US,1732299577584423108,S260320070427,FACIO Direct,标码女装,女士针织衫,4.2,https://p16-oec-va.ibyteimg.com/tos-alisg-i-aphluv4xwc-sg/5bb89d8bccc542cea49ac2252dcb5732~tplv-o3syd03w52-resize-jpeg:1000:1000.image?,2026/3/30,,,775,7,In Affiliate,https://shop.tiktok.com/view/product/1732299577584423108?region=US&locale=en,12.53,"Green,Coffee brown,Pink,Khaki,Yellow,White,Pastel blue,Burgundy","M,S,L,XS,XL",Summer,是
爆品,US,1729387696935768412,S230627004373,Zhichn Clthing,标码女装,女士针织衫,4.9,https://p16-oec-va.ibyteimg.com/tos-maliva-i-o3syd03w52-us/aeecf0bc9d4548c78eee1e994fa0f4ac~tplv-o3syd03w52-resize-jpeg:1000:1000.image?,2023/8/7,,,3714,9,In Affiliate,https://shop.tiktok.com/view/product/1729387696935768412?region=US&locale=en,14.81,"Dusty Blue,Light Blue*1 pc+Light Gray*1 pc,Brown*1 pc+Apricot*1 pc,Pale Green*1 pc+White*1 pc,Cream*1 pc+Pale Green*1 pc+Gray*1 pc,White*1 pc+Light Blue*1 pc,Off white,Ocean blue,Gray*1 pc+White*1 pc,Grey,Chartreuse,Curry*1 pc+Cream*1 pc,Coffee Brown*1 pc+Brown*1 pc+Apricot*1 pc,Pale green, Gray*1 pc+Black*1 pc+ Blue*1 pc,Brown,Burgundy,Curry,Gray*1 pc+Black*1 pc+Cream*1 pc,Cream,Brown*1 pc+Coffee Brown*1 pc,Black,Apricot,Light Blue,Coffee brown,Pink,Black*1 pc+White*1 pc+Ocean Blue*1 pc,White*1 pc+Light Gray*1 pc+Light Blue*1 pc,Gray*1 pc+Black*1 pc,Mauve Purple*1 pc+White*1 pc,pebble lime,Cream*1 pc+Black*1 pc,Mauve purple","M,S,L",Spring&Fall,否
爆品,US,1732527901015904604,S260801021614,Zhichn Clthing,标码女装,女士针织衫,4.9,https://p16-oec-va.ibyteimg.com/tos-maliva-i-o3syd03w52-us/4d387946a76f4899905d2837739f2e3f~tplv-o3syd03w52-resize-jpeg:1000:1000.image?,2026/8/4,,,1425,10,,https://shop.tiktok.com/view/product/1732527901015904604?region=US&locale=en,22.94,"Brown,Coffee brown,Cream,Pine green,Yellow,Violet,Black,Coral pink,Mulberry,Apricot,Dark Blue,Burgundy","M,S,L",Spring&Fall,否
爆品,US,1730065980107165698,S241112011069,Low Price Fashion,标码女装,女士针织衫,4.9,https://p16-oec-ttp.tiktokcdn-us.com/tos-useast5-i-omjb5zjo8w-tx/cdd6f179e5fe4dd499f857dc2a3a9d30~tplv-omjb5zjo8w-resize-jpeg:1000:1000.image?,2024/11/26,,,4403,11,In Affiliate,https://shop.tiktok.com/view/product/1730065980107165698?region=US&locale=en,7.04,"Coffee brown,Grey,Dark Gray,Navy blue,Deep red,Rusty pink,Yellow,Gray,Black,Off white","M,S,XL,L,XXL,XS",Summer,否
爆品,US,1731210981194699450,S250517011022,MIXIFashion,标码女装,女士套装及西服,4.2,https://p16-oec-ttp.tiktokcdn-us.com/tos-useast5-i-omjb5zjo8w-tx/ae8a898f24434ff6b528b4c29fa89354~tplv-omjb5zjo8w-resize-jpeg:1000:1000.image?,2025/5/23,,,6679,12,In Affiliate,https://shop.tiktok.com/view/product/1731210981194699450?region=US&locale=en,22.32,"Coffee brown,Baby pink,Strong white,Olive green,Lilac,Black,Apricot,Blue","M,S,L,XL,XXL",Summer,是
爆品,US,1732399461808968134,S260515012899,TY Trove,标码女装,女士套装及西服,4.2,https://p16-oec-va.ibyteimg.com/tos-alisg-i-aphluv4xwc-sg/fac7cd69173b494180c8361d23cbaeb3~tplv-o3syd03w52-resize-jpeg:1000:1000.image?,2026/5/29,,,544,13,In Affiliate,https://shop.tiktok.com/view/product/1732399461808968134?region=US&locale=en,30.75,"Pink,Black,Blue","M,S,L,XL",Summer,否
爆品,US,1732400337455583419,S260516000966,Comfleur,标码女装,女士套装及西服,4.2,https://p16-oec-ttp.tiktokcdn-us.com/tos-useast5-i-omjb5zjo8w-tx/823b30c3823c4428b118854c7d5a00d1~tplv-omjb5zjo8w-resize-jpeg:1000:1000.image?,2026/5/22,,,1639,14,In Affiliate,https://shop.tiktok.com/view/product/1732400337455583419?region=US&locale=en,21.95,"Khaki,Hot pink,Army green,Dark purple,Gray,Black,Dark wash,Burgundy","M,S,XL,L,XS",Summer,是
爆品,US,1732459620209169226,S260624031983,"Pusheng2 Fushi Co., DongGuan",标码女装,女士套装及西服,4.9,https://p16-oec-va.ibyteimg.com/tos-maliva-i-o3syd03w52-us/fe2b01860e1843128c5f0946225e89c1~tplv-o3syd03w52-resize-jpeg:1000:1000.image?,2026/7/1,,,918,15,In Affiliate,https://shop.tiktok.com/view/product/1732459620209169226?region=US&locale=en,19.3,"Khaki,Navy blue,Coffee color,Black,Dark gray,Light gray,Apricot","M,S,XL,L,XXL",Spring&Fall,否
爆品,US,1732361826291257881,S260423031134,chrzz,标码女装,女士套装及西服,4.9,https://p16-oec-va.ibyteimg.com/tos-maliva-i-o3syd03w52-us/0827d08309574528926eb99652c367c5~tplv-o3syd03w52-resize-jpeg:1000:1000.image?,2026/4/23,,,1185,16,In Affiliate,https://shop.tiktok.com/view/product/1732361826291257881?region=US&locale=en,25.91,"Hot pink,White,Black,Chartreuse,Coral pink","M,S,XL,L,XXL",Spring&Fall,是
爆品,US,1732415814797136631,S260527035597,FlaireX,标码女装,女士套装及西服,3.9,https://p16-oec-ttp.tiktokcdn-us.com/tos-useast5-i-omjb5zjo8w-tx/00a9832d53884ffb83ed588d0541fabc~tplv-omjb5zjo8w-resize-jpeg:1000:1000.image?,2026/5/31,,,437,17,In Affiliate,https://shop.tiktok.com/view/product/1732415814797136631?region=US&locale=en,16.98,"Pink,Black,Apricot,Brown","M,S,XL,L",Spring&Fall,是
爆品,US,1731768770148340574,S250908019507,Mayins,标码女装,女士套装及西服,4.8,https://p16-oec-va.ibyteimg.com/tos-alisg-i-aphluv4xwc-sg/ee8403ae88c845fea2f90b83e13a3149~tplv-o3syd03w52-resize-jpeg:1000:1000.image?,2025/9/14,,,1503,18,In Affiliate,https://shop.tiktok.com/view/product/1731768770148340574?region=US&locale=en,15.02,"Black - Polka Dot,Pink,Multicolor2,Multicolor3,White,Multicolor,Red - Polka Dot,Brown","M,S,XL,L,XXL",Spring&Fall,否
爆品,US,1732286763402563671,S260312021243,Novelife,标码女装,女士套装及西服,4.7,https://p16-oec-va.ibyteimg.com/tos-maliva-i-o3syd03w52-us/4a9dea752c43440db2a9704031671b81~tplv-o3syd03w52-resize-jpeg:1000:1000.image?,2026/3/24,,,2485,19,In Affiliate,https://shop.tiktok.com/view/product/1732286763402563671?region=US&locale=en,19.56,"White and Red,White and Green,Yellow,Pink-brown mix,Brown and blue,Black,Brown","M,S,XL,L,XXL",Summer,否
爆品,US,1731180402442277182,S250505013441,Sleek Nova,标码女装,女士套装及西服,4,https://p16-oec-va.ibyteimg.com/tos-maliva-i-o3syd03w52-us/abfc23a0c6ad4b058b919b8d4100e7c4~tplv-o3syd03w52-resize-jpeg:1000:1000.image?,2025/5/17,,,3124,20,In Affiliate,https://shop.tiktok.com/view/product/1731180402442277182?region=US&locale=en,10.09,"Silver,Khaki,Hot pink,Lilac,Black,Lime yellow,Fawn brown,Chartreuse,Miami blue,Apricot,Blue","M,S,L,XL,XXL",Summer,否
爆品,US,1731433230082871614,S250705016183,Sleek Nova,标码女装,女士套装及西服,4,https://p16-oec-ttp.tiktokcdn-us.com/tos-useast5-i-omjb5zjo8w-tx/2b4fe396c5c146839ec2c1d04cfee53b~tplv-omjb5zjo8w-resize-jpeg:1000:1000.image?,2025/7/10,,,2682,21,In Affiliate,https://shop.tiktok.com/view/product/1731433230082871614?region=US&locale=en,14.02,"Brown,Khaki,Hot pink,Red,White,Black,Chartreuse,Miami blue,Blue","M,S,XL,L,XXL",Spring&Fall,否
爆品,US,1732210529250284399,S260109088278,Fourfo,标码女装,女士套装及西服,4.8,https://p16-oec-ttp.tiktokcdn-us.com/tos-useast5-i-omjb5zjo8w-tx/ce56d0d52ab34508aa35224296197511~tplv-omjb5zjo8w-resize-jpeg:1000:1000.image?,2026/1/15,,,163,22,In Affiliate,https://shop.tiktok.com/view/product/1732210529250284399?region=US&locale=en,16.18,Brown,"M,S,L",Summer,是
爆品,US,1732352193703482186,S260417005144,"Pusheng2 Fushi Co., DongGuan",标码女装,女士套装及西服,4.9,https://p16-oec-ttp.tiktokcdn-us.com/tos-useast5-i-omjb5zjo8w-tx/841d7867cd3247759a36ff11567ebf76~tplv-omjb5zjo8w-resize-jpeg:1000:1000.image?,2026/4/27,,,674,23,In Affiliate,https://shop.tiktok.com/view/product/1732352193703482186?region=US&locale=en,14.95,"Coffee brown,Khaki,Navy blue,Gray,Black,Dark gray,Apricot","M,S,L,XL,XXL",All Seasons,否
爆品,US,1732229235456119030,S260116031981,ASTYR,标码女装,女士套装及西服,4.3,https://p16-oec-ttp.tiktokcdn-us.com/tos-useast5-i-omjb5zjo8w-tx/65f565e73f964767ae62b76a1cb70dee~tplv-omjb5zjo8w-resize-jpeg:1000:1000.image?,2026/1/26,,,1677,24,In Affiliate,https://shop.tiktok.com/view/product/1732229235456119030?region=US&locale=en,11.79,"Red,Army green,Black,Sky blue,Bright orange,Brown","M,S,XL,L,XXL",Summer,否
爆品,US,1729650042121916869,S240902006916,Spoils Me,标码女装,女士套装及西服,4,https://p16-oec-ttp.tiktokcdn-us.com/tos-useast5-i-omjb5zjo8w-tx/62deecc35ef44ba8b8008792210bd079~tplv-omjb5zjo8w-resize-jpeg:1000:1000.image?,2024/9/18,,,2336,25,In Affiliate,https://shop.tiktok.com/view/product/1729650042121916869?region=US&locale=en,26.77,"Burgundy,Army green,Black,Off white,Dark green,Green,Blue,Grey,Pink,Emerald green,Deep red,Sky blue,Dark Blue,Brown","M,S,L,XL,XXL",Spring&Fall,是
爆品,US,1732534894525190944,S260805007831,Zhengliang Studio,标码女装,女士套装及西服,4.7,https://p16-oec-va.ibyteimg.com/tos-maliva-i-o3syd03w52-us/5ede3b1fb80d46c3900d00cad2729467~tplv-o3syd03w52-resize-jpeg:1000:1000.image?,2026/8/5,,,2,26,,https://shop.tiktok.com/view/product/1732534894525190944?region=US&locale=en,26.39,"Smoke gray,Khaki,Orange,Peacock Green,Ginger Yellow,Black,Dark blue,Gemstone blue,Green,Blue,Pink,Purple taro,Hot pink,Emerald green,Coffee color,Lemon yellow,White,Sky blue,Burgundy","M,S,XL,L",Spring&Fall,是
爆品,US,1731981994370044690,S251026041411,Youman Clothing,标码女装,女士套装及西服,4.9,https://p16-oec-ttp.tiktokcdn-us.com/tos-useast5-i-omjb5zjo8w-tx/95e084a803e54caa8770fa31eb0ca155~tplv-omjb5zjo8w-resize-jpeg:1000:1000.image?,2025/10/26,,,664,27,In Affiliate,https://shop.tiktok.com/view/product/1731981994370044690?region=US&locale=en,9.13,"Baby pink,Black and gray,Pink and black,Gray,Black + pink leopard print,White,Black,Yellow leopard print","M,S,L,XS",Summer,否
爆品,US,1732328454721082319,S260409019475,Celdra,标码女装,女士套装及西服,3.8,https://p16-oec-va.ibyteimg.com/tos-maliva-i-o3syd03w52-us/c8abb31755144e7b9cfc86bb1c264f63~tplv-o3syd03w52-resize-jpeg:1000:1000.image?,2026/4/28,,,921,28,In Affiliate,https://shop.tiktok.com/view/product/1732328454721082319?region=US&locale=en,15.23,"Pink,Red,Black,Apricot,Blue","M,S,L,XL",Summer,否
爆品,US,1732412374530494782,S260525025740,Sleek Nova,标码女装,女士套装及西服,4,https://p16-oec-va.ibyteimg.com/tos-maliva-i-o3syd03w52-us/af5e016d7c0949ff8ef377b6d82838f7~tplv-o3syd03w52-resize-jpeg:1000:1000.image?,2026/6/8,,,1415,29,In Affiliate,https://shop.tiktok.com/view/product/1732412374530494782?region=US&locale=en,12.7,"Red,Lemon yellow,Black,Chartreuse,Miami blue,Bright orange,Mullein green,Apricot","M,S,L,XL,XXL",Summer,否
高潜,FR,1729877447360683006,S260720039600,Ailyak knit,标码女装,女士针织衫,4.9,https://p16-oec-va.ibyteimg.com/tos-alisg-i-aphluv4xwc-sg/95f2d7c979614dd0b3ff92bf861f4075~tplv-o3syd03w52-resize-jpeg:1000:1000.image?,2026/7/21,,,194,1,,https://shop.tiktok.com/view/product/1729877447360683006?region=FR&locale=fr,39.71,"Apricot,Black,Red","M,L,XXL,S,XL",Spring&Fall,是
高潜,GB,1729788013078943811,S260329023012,Chic Unique Designs,标码女装,女士下装,5,https://p16-oec-eu-common-no.tiktokcdn-eu.com/tos-no1a-i-t5fjg24jzw-no/542b5ef130b5441ca000d3d60db436e2~tplv-t5fjg24jzw-resize-jpeg:1000:1000.image?,2026/4/3,,,569,1,In Affiliate,https://shop.tiktok.com/view/product/1729788013078943811?region=GB&locale=en,12.84,"Multicolor2,Multicolor1,Multi-color,Coffee brown","XXL,M,S,L,XL",Summer,否
高潜,GB,1729575688891112273,S250526013318,Shiny Girl VIP,标码女装,女士下装,4.6,https://p16-oec-va.ibyteimg.com/tos-alisg-i-aphluv4xwc-sg/d9e069f2e9ed4b2f8ee38a9bad1b8b6b~tplv-o3syd03w52-resize-jpeg:1000:1000.image?,2025/7/15,,,1657,2,In Affiliate,https://shop.tiktok.com/view/product/1729575688891112273?region=GB&locale=en,9.43,"Black,Burgundy,Brown,Blue,Coffee brown","L,XL,S,M,XS",Spring&Fall,否
高潜,GB,1729564522911537348,S250625021533,FACIO Direct,标码女装,女士针织衫,4.7,https://p16-oec-va.ibyteimg.com/tos-alisg-i-aphluv4xwc-sg/109dff1c042b4e0caf0ec6f142b30bc0~tplv-o3syd03w52-resize-jpeg:1000:1000.image?,2025/7/5,,,1502,3,In Affiliate,https://shop.tiktok.com/view/product/1729564522911537348?region=GB&locale=en,25.38,"Coffee brown,Light blue,Mint green,Green,Navy blue,Pink,Black,Khaki,Blue,Pastel blue,Coral red,Red,Brown,Mauve purple,Olive green,Mocha brown,Lilac,Yellow,Dark gray","M,S,L,XL,XS",Spring&Fall,是
高潜,GB,1729409495036104543,S240516003315,SaltWhite,标码女装,女士下装,4.9,https://p16-oec-eu-common-no.tiktokcdn-eu.com/tos-no1a-i-t5fjg24jzw-no/3307bf27cf674d66b69f6d2b420f4ebb~tplv-t5fjg24jzw-resize-jpeg:1000:1000.image?,2024/5/23,,,3484,4,In Affiliate,https://shop.tiktok.com/view/product/1729409495036104543?region=GB&locale=en,9.58,"Navy Blue*1 pc+Khaki*1 pc+Black*1 pc,Turquoise blue,Hot pink,Black*1 pc+Khaki*1 pc,Blue,Green,Purple*1 pc+Sky Blue*1 pc+Pink*1 pc,Lime yellow,Purple,Black,Navy blue,Pink,Khaki,Army green,Sky blue,Coffee brown,Deep red,Pink*1 pc+Sky Blue*1 pc+Khaki*1 pc,Black*1 pc+Navy Blue*1 pc,Lime orange","XXL,XL,M,S,L",Summer,是
高潜,GB,1729490084240268126,S250405005806,Mayins,标码女装,女士下装,4.6,https://p16-oec-va.ibyteimg.com/tos-alisg-i-aphluv4xwc-sg/aaf0d32406ca4030925797a3320fd92f~tplv-o3syd03w52-resize-jpeg:1000:1000.image?,2025/4/19,,,4242,5,In Affiliate,https://shop.tiktok.com/view/product/1729490084240268126?region=GB&locale=en,13.6,"Navy blue,Yellow,Fawn brown,Red,Pale green,Blue,Black and White","S,M,XXL,L,XL",Summer,否
高潜,GB,1729782233781541060,S260318058158,FACIO Direct,标码女装,女士针织衫,4.7,https://p16-oec-va.ibyteimg.com/tos-alisg-i-aphluv4xwc-sg/3fefa2f578064576a84267ba48f90690~tplv-o3syd03w52-resize-jpeg:1000:1000.image?,2026/3/20,,,545,6,In Affiliate,https://shop.tiktok.com/view/product/1729782233781541060?region=GB&locale=en,16.64,"Mauve purple,Pink,Yellow,Orange,Green,Lilac,Deep pink,Hot pink,Mint green","M,S,XS,XL,L,XXS",Summer,是
高潜,GB,1729532420923496763,S250528013711,Hotgrils clothes,标码女装,女士下装,4.6,https://p16-oec-eu-common-no.tiktokcdn-eu.com/tos-no1a-i-t5fjg24jzw-no/6c81fe63e53e4d61aade5ac44709ba9c~tplv-t5fjg24jzw-resize-jpeg:1000:1000.image?,2025/6/9,,,355,7,In Affiliate,https://shop.tiktok.com/view/product/1729532420923496763?region=GB&locale=en,16.15,"Grey,Blue,Green,Rust orange","L,M,S,XL,XS",Summer,是
高潜,GB,1729400672215403868,S230627004373,Zhichn Clthing,标码女装,女士针织衫,4.5,https://p16-oec-eu-common-no.tiktokcdn-eu.com/tos-no1a-i-t5fjg24jzw-no/aeecf0bc9d4548c78eee1e994fa0f4ac~tplv-t5fjg24jzw-resize-jpeg:1000:1000.image?,2023/8/2,,,3714,8,In Affiliate,https://shop.tiktok.com/view/product/1729400672215403868?region=GB&locale=en,15.33,"Pink,Dusty Blue,Light Blue,Gray*1 pc+Black*1 pc,Coffee Brown*1 pc+Brown*1 pc+Apricot*1 pc,Cream*1 pc+Black*1 pc,Chartreuse,Brown,Gray*1 pc+White*1 pc, Gray*1 pc+Black*1 pc+ Blue*1 pc,Burgundy,Brown*1 pc+Coffee Brown*1 pc,Grey,Cream,Curry,Gray*1 pc+Black*1 pc+Cream*1 pc,Off white,Light Blue*1 pc+Light Gray*1 pc,Black,Ocean blue,pebble lime,Mauve purple,Pale green,Mauve Purple*1 pc+White*1 pc,White*1 pc+Light Gray*1 pc+Light Blue*1 pc,Curry*1 pc+Cream*1 pc,Cream*1 pc+Pale Green*1 pc+Gray*1 pc,Black*1 pc+White*1 pc+Ocean Blue*1 pc,Brown*1 pc+Apricot*1 pc,Apricot,Pale Green*1 pc+White*1 pc,Coffee brown,White*1 pc+Light Blue*1 pc","L,S,M",Spring&Fall,否
高潜,GB,1729565065338461022,S250623014760,Mayins,标码女装,女士下装,4.6,https://p16-oec-eu-common-no.tiktokcdn-eu.com/tos-no1a-i-t5fjg24jzw-no/d1e6575478d94bef83430b4d4e530dbd~tplv-t5fjg24jzw-resize-jpeg:1000:1000.image?,2025/7/5,,,1910,9,In Affiliate,https://shop.tiktok.com/view/product/1729565065338461022?region=GB&locale=en,15.07,"Brown,Black,Pink,Apricot,Navy blue,White,Dark gray","XL,M,S,XS,L,XXL",Spring&Fall,否
高潜,GB,1729428493585517799,S240913009120,NovaMode.,标码女装,女士下装,4.7,https://p16-oec-va.ibyteimg.com/tos-alisg-i-aphluv4xwc-sg/095ccbd945bb4b519875fcc0670489df~tplv-o3syd03w52-resize-jpeg:1000:1000.image?,2024/9/30,,,2637,10,In Affiliate,https://shop.tiktok.com/view/product/1729428493585517799?region=GB&locale=en,24.29,"Grey,Deep red,Off White*1 pc+Dark Brown*1 pc,Black,Multicolor,Purple,Dark brown,Black*1 pc+Dark Brown*1 pc,Dark Gray,Off-white,Multicolor1,Khaki gray,pebble lime,Blue,Black*1 pc+Off White*1 pc","S,L,M,XXL,XS,XL",Spring&Fall,是
高潜,GB,1729495612344867047,S250418017608,NovaMode.,标码女装,女士下装,4.7,https://p16-oec-va.ibyteimg.com/tos-alisg-i-aphluv4xwc-sg/84f39e8db0c14dc39283a97128be22c3~tplv-o3syd03w52-resize-jpeg:1000:1000.image?,2025/4/27,,,15121,11,In Affiliate,https://shop.tiktok.com/view/product/1729495612344867047?region=GB&locale=en,17.19,"Dark Gray,Dark brown,Apricot,White,Black,Iron gray","S,XL,M,XS,L",Spring&Fall,是
高潜,GB,1729423493396991839,S240724005872,SaltWhite,标码女装,女士下装,4.9,https://p16-oec-eu-common-no.tiktokcdn-eu.com/tos-no1a-i-t5fjg24jzw-no/7146496d5f984ab8b3d8f4d721f2fd37~tplv-t5fjg24jzw-resize-jpeg:1000:1000.image?,2024/8/5,,,1693,12,In Affiliate,https://shop.tiktok.com/view/product/1729423493396991839?region=GB&locale=en,10.63,"Rust Red,Multicolor2,Multicolor6,Multicolor8,Multicolor5,Multicolor1,Multicolor3,Black,Multicolor7,Multicolor4,Multicolor","XL,S,M,L,XXL",Summer,是
高潜,GB,1729616704727783645,S250815017748,Cyan grass seedling,标码女装,女士下装,4.6,https://p16-oec-eu-common-no.tiktokcdn-eu.com/tos-no1a-i-t5fjg24jzw-no/cb080f6c23a544c6bd9a5f0792747570~tplv-t5fjg24jzw-resize-jpeg:1000:1000.image?,2025/8/23,,,961,13,In Affiliate,https://shop.tiktok.com/view/product/1729616704727783645?region=GB&locale=en,13.55,"Black,White,Turquoise,Mulberry,Fawn brown","L,M,XL,S",Spring&Fall,否
高潜,GB,1729403961292525333,S240108003392,AOMR,标码女装,女士下装,4.5,https://p16-oec-eu-common-no.tiktokcdn-eu.com/tos-no1a-i-t5fjg24jzw-no/9ceb4268f02d43d1b08072986847b335~tplv-t5fjg24jzw-resize-jpeg:1000:1000.image?,2024/1/22,,,424,14,In Affiliate,https://shop.tiktok.com/view/product/1729403961292525333?region=GB&locale=en,15.51,"Black*1 pc+Gray*1 pc,Baby pink,Grey,Brown,Apricot*1 pc+Black*1 pc,Beige,Apricot*1 pc+Brown*1 pc,Apricot,Black*1 pc+Baby Pink*1 pc,Black,Apricot*1 pc+Gray*1 pc,Apricot*1 pc+Black*1 pc+Gray*1 pc+Baby Pink*1 pc","L,M,S",Spring&Fall,是
高潜,GB,1729428040262258251,S240905000268,StreetWeat Outfits,标码女装,女士下装,4.8,https://p16-oec-va.ibyteimg.com/tos-alisg-i-aphluv4xwc-sg/91353aa1a86e4ae28e4eef79de2c42ca~tplv-o3syd03w52-resize-jpeg:1000:1000.image?,2024/9/25,,,1595,15,In Affiliate,https://shop.tiktok.com/view/product/1729428040262258251?region=GB&locale=en,10.72,"Purple,Copper brown,Light brown,Green,Rust Red,Yellow,Coral pink,White,Champagne,Grey,Coffee brown,Flame red,Blue,Brown,Deep red","S,XL,XXL,L,M,XS",Spring&Fall,是
高潜,GB,1729787628536699482,S260328033125,Orgnvin,标码女装,女士针织衫,4.6,https://p16-oec-va.ibyteimg.com/tos-alisg-i-aphluv4xwc-sg/18b7bd94ed7e4d2a8368d65f6cddcaf4~tplv-o3syd03w52-resize-jpeg:1000:1000.image?,2026/3/28,,,424,16,In Affiliate,https://shop.tiktok.com/view/product/1729787628536699482?region=GB&locale=en,16.86,"Yellow,Fawn brown,Apricot,Hot pink,Burgundy,Royal blue,Black,Light wash,Pink,White","M,XL,L,S",Spring&Fall,是
高潜,GB,1729807327383493471,S260423028363,SaltWhite,标码女装,女士下装,4.9,https://p16-oec-eu-common-no.tiktokcdn-eu.com/tos-no1a-i-t5fjg24jzw-no/a9ce7e166d1d4152812ca2b2ec646441~tplv-t5fjg24jzw-resize-jpeg:1000:1000.image?,2026/4/25,,,243,17,In Affiliate,https://shop.tiktok.com/view/product/1729807327383493471?region=GB&locale=en,11.19,"Heather violet,Black,Khaki,Blue,Red","XL,M,XXL,L,S",All Seasons,是
高潜,GB,1729878942673836497,S260722039435,Bargain Stylish,标码女装,女士针织衫,4.5,https://p16-oec-va.ibyteimg.com/tos-alisg-i-aphluv4xwc-sg/bff225645a544ebd8c0ab683b90dadca~tplv-o3syd03w52-resize-jpeg:1000:1000.image?,2026/7/22,,,14,18,In Affiliate,https://shop.tiktok.com/view/product/1729878942673836497?region=GB&locale=en,22.73,"Royal blue,Purple,Sky blue,Black,Gray,Lilac,Burgundy,Red,Cream,Green,Brown,Orange,Khaki gray,Pink","L,M,S,XS,XL",Spring&Fall,是
高潜,GB,1729883376719141189,S260729039678,YouAnnn,标码女装,女士针织衫,4.7,https://p16-oec-va.ibyteimg.com/tos-alisg-i-aphluv4xwc-sg/0c6be27d31854ec98d681bb6a1d8480f~tplv-o3syd03w52-resize-jpeg:1000:1000.image?,2026/8/2,,,252,19,,https://shop.tiktok.com/view/product/1729883376719141189?region=GB&locale=en,15.59,"Apricot,Green,White,Pink,Black","S,L,XL,XXL,M",Spring&Fall,否
高潜,GB,1729852544905550446,S260612031079,LINGliang Fashion,标码女装,女士针织衫,4.5,https://p16-oec-va.ibyteimg.com/tos-alisg-i-aphluv4xwc-sg/e244ccfab55d4ba78a184faed8df8c8d~tplv-o3syd03w52-resize-jpeg:1000:1000.image?,2026/6/12,,,434,20,In Affiliate,https://shop.tiktok.com/view/product/1729852544905550446?region=GB&locale=en,15.83,"Heather violet,Pink,Apricot,Light wash,White,Maroon,Reddish orange,Khaki,Black,Golden,Burgundy,Army green,Coffee brown","XS,L,S,M",Summer,是
高潜,GB,1729786017223318037,S260325075712,Chic Materialist,标码女装,女士下装,4.3,https://p16-oec-eu-common-no.tiktokcdn-eu.com/tos-no1a-i-t5fjg24jzw-no/1390a29b552b4b789ce063de5371bae4~tplv-t5fjg24jzw-resize-jpeg:1000:1000.image?,2026/3/25,,,1993,21,In Affiliate,https://shop.tiktok.com/view/product/1729786017223318037?region=GB&locale=en,21.08,"Black,Rust red,Khaki gray,Mauve purple,Pastel blue,Dusty Blue","M,XL,S,L",Spring&Fall,是
高潜,GB,1729644208013089093,S250924067608,YouAnnn,标码女装,女士针织衫,4.7,https://p16-oec-va.ibyteimg.com/tos-alisg-i-aphluv4xwc-sg/f5baf4707b984974a4f21c94b4fcdb36~tplv-o3syd03w52-resize-jpeg:1000:1000.image?,2025/10/2,,,529,22,In Affiliate,https://shop.tiktok.com/view/product/1729644208013089093?region=GB&locale=en,22.12,"Red,Gray,Camel,Black,Pink,White","XXL,S,XL,M,L",Spring&Fall,否
高潜,GB,1729583237522561206,S250630002371,AloiiaOnline,标码女装,女士下装,4.8,https://p16-oec-eu-common-no.tiktokcdn-eu.com/tos-no1a-i-t5fjg24jzw-no/6fb4c874e1914176ab5199b025bc0b84~tplv-t5fjg24jzw-resize-jpeg:1000:1000.image?,2025/7/23,,,1182,23,In Affiliate,https://shop.tiktok.com/view/product/1729583237522561206?region=GB&locale=en,21.52,"Brown,Hot pink,Blue,Red","M,XS,XXL,XL,S,L",Spring&Fall,否
高潜,GB,1729511228133710686,S250507011364,Mayins,标码女装,女士下装,4.6,https://p16-oec-eu-common-no.tiktokcdn-eu.com/tos-no1a-i-t5fjg24jzw-no/73d451e2d8f040a09422c2f1fb60aed0~tplv-t5fjg24jzw-resize-jpeg:1000:1000.image?,2025/5/19,,,1648,24,In Affiliate,https://shop.tiktok.com/view/product/1729511228133710686?region=GB&locale=en,16.7,"Multicolor4,Multicolor2,Blue,Multicolor1,Jet black,Multicolor3,Multicolor5","S,XL,L,XXL,M",Summer,否
高潜,GB,1729490128414677841,S250412010028,Shiny Girl VIP,标码女装,女士下装,4.6,https://p16-oec-eu-common-no.tiktokcdn-eu.com/tos-no1a-i-t5fjg24jzw-no/94350e3419594ceb95423af3cc5a2a09~tplv-t5fjg24jzw-resize-jpeg:1000:1000.image?,2025/4/20,,,379,25,In Affiliate,https://shop.tiktok.com/view/product/1729490128414677841?region=GB&locale=en,17.72,"Pink,Apricot,Black,Off white,Khaki,Red,Light blue","XL,S,XS,L,M",All Seasons,否
高潜,GB,1729426419377540360,S240828007847,CozyMetic,标码女装,女士下装,4.6,https://p16-oec-eu-common-no.tiktokcdn-eu.com/tos-no1a-i-t5fjg24jzw-no/b3e4710879ef429da89fa2b13d92026e~tplv-t5fjg24jzw-resize-jpeg:1000:1000.image?,2024/9/3,,,421,26,In Affiliate,https://shop.tiktok.com/view/product/1729426419377540360?region=GB&locale=en,11.37,"Deep red,Burgundy,Green,Pink,Olive brown,Pale blue,Black,Dark Gray,Navy blue,Army green","XL,S,L,XXL,M",All Seasons,是
高潜,GB,1729826227952261794,S260507025810,Haute Codes,标码女装,女士下装,4.8,https://p16-oec-va.ibyteimg.com/tos-alisg-i-aphluv4xwc-sg/0f9769331dba4ab88679f307b371283c~tplv-o3syd03w52-resize-jpeg:1000:1000.image?,2026/5/19,,,374,27,In Affiliate,https://shop.tiktok.com/view/product/1729826227952261794?region=GB&locale=en,13.65,"Brown,Black,Green","XL,M,L,S",All Seasons,否
高潜,GB,1729793944973842765,S260408016870,Follome,标码女装,女士下装,4.5,https://p16-oec-va.ibyteimg.com/tos-alisg-i-aphluv4xwc-sg/e03e124f723a4bcaae907674dc9ccf63~tplv-o3syd03w52-resize-jpeg:1000:1000.image?,2026/4/25,,,784,28,In Affiliate,https://shop.tiktok.com/view/product/1729793944973842765?region=GB&locale=en,8.75,"Red,Black,Green,Pink,Brown","S,L,XL,M",Summer,否
高潜,GB,1729522220564387920,S250429015155,chic angel,标码女装,女士下装,4.4,https://p16-oec-eu-common-no.tiktokcdn-eu.com/tos-no1a-i-t5fjg24jzw-no/8bc2b457f05d4ff9832bb458ebcbfb65~tplv-t5fjg24jzw-resize-jpeg:1000:1000.image?,2025/6/1,,,342,29,In Affiliate,https://shop.tiktok.com/view/product/1729522220564387920?region=GB&locale=en,16.09,Black and white,"XL,S,M,L",Summer,否
高潜,GB,1729469794749615660,S250216006757,Lefter Shorts,标码女装,女士下装,4.8,https://p16-oec-eu-common-no.tiktokcdn-eu.com/tos-no1a-i-t5fjg24jzw-no/a322f6e050294af8b18e9937f355c067~tplv-t5fjg24jzw-resize-jpeg:1000:1000.image?,2025/3/14,,,3684,30,In Affiliate,https://shop.tiktok.com/view/product/1729469794749615660?region=GB&locale=en,8.5,"Off white,Deep red,Black,Pink,Dark green,Dark Blue,Lime Green,Burgundy","L,XL,M,XS,XXL,S",Summer,是
高潜,GB,1729454844760919596,S241207006420,Lefter Shorts,标码女装,女士下装,4.8,https://p16-oec-va.ibyteimg.com/tos-alisg-i-aphluv4xwc-sg/15f13d166a3641a08ee6bcf2a4329b59~tplv-o3syd03w52-resize-jpeg:1000:1000.image?,2025/1/19,,,2863,31,In Affiliate,https://shop.tiktok.com/view/product/1729454844760919596?region=GB&locale=en,10.81,"Blue,Baby pink,Dark Blue,Lime Green,Dark Gray,Red,Black,Mauve purple,pebble lime,Off white","XXL,S,XS,M,XL,L",Summer,是
高潜,GB,1729783557146319044,S260320070427,FACIO Direct,标码女装,女士针织衫,4.7,https://p16-oec-va.ibyteimg.com/tos-alisg-i-aphluv4xwc-sg/5bb89d8bccc542cea49ac2252dcb5732~tplv-o3syd03w52-resize-jpeg:1000:1000.image?,2026/3/30,,,775,32,In Affiliate,https://shop.tiktok.com/view/product/1729783557146319044?region=GB&locale=en,14.7,"Pastel blue,Khaki,Burgundy,Pink,Coffee brown,White,Yellow,Green","XS,S,M,XL,L",Summer,是
高潜,GB,1729450699799566396,S250311021136,Chic Chic Sweater,标码女装,女士针织衫,4.7,https://p16-oec-eu-common-no.tiktokcdn-eu.com/tos-no1a-i-t5fjg24jzw-no/30e78360310a45759d8083a679410057~tplv-t5fjg24jzw-resize-jpeg:1000:1000.image?,2025/3/23,,,1883,33,In Affiliate,https://shop.tiktok.com/view/product/1729450699799566396?region=GB&locale=en,12.05,"Yellow,Dark green,Purple,Olive green,Navy blue,Red,Grey,Brown,Rust orange,Mauve purple,Pastel blue,Light Gray,Burgundy,Baby pink,Mint green,Lemon yellow,Off white,Emerald green,Camel,Blue,Black,Lavender","L,M,XL,XXL,S",Summer,否
高潜,GB,1729475097096132771,S250317018578,Yz Sweaters,标码女装,女士针织衫,4.9,https://p16-oec-va.ibyteimg.com/tos-alisg-i-aphluv4xwc-sg/cc0b324b11ad4993b568075b5abc7ff2~tplv-o3syd03w52-resize-jpeg:1000:1000.image?,2025/3/27,,,2793,34,In Affiliate,https://shop.tiktok.com/view/product/1729475097096132771?region=GB&locale=en,12.94,"Yellow,Pink,Maroon,Grey,Light Blue,Off white,Beige,Black,Royal blue","XL,S,M,L",Spring&Fall,否
高潜,GB,1729744272552663127,S260105062922,Novelife,标码女装,女士下装,4.5,https://p16-oec-va.ibyteimg.com/tos-alisg-i-aphluv4xwc-sg/9face7aa88b941088142ae4cc3f4218e~tplv-o3syd03w52-resize-jpeg:1000:1000.image?,2026/1/20,,,1175,35,In Affiliate,https://shop.tiktok.com/view/product/1729744272552663127?region=GB&locale=en,14.22,"Apricot,Red,Black,Royal blue,Brown","XXL,S,XL,M,L",Summer,否
高潜,GB,1729828506519837521,S260508032143,Shiny Girl VIP,标码女装,女士下装,4.6,https://p16-oec-eu-common-no.tiktokcdn-eu.com/tos-no1a-i-t5fjg24jzw-no/cd095711a3b441e189ef81fac2dbeb8e~tplv-t5fjg24jzw-resize-jpeg:1000:1000.image?,2026/5/30,,,201,36,In Affiliate,https://shop.tiktok.com/view/product/1729828506519837521?region=GB&locale=en,9.62,"White,Yellow,Black,Dark gray,Coffee brown","S,L,XS,M",Summer,否
高潜,GB,1729404960360009306,S240224002234,Orgnvin,标码女装,女士针织衫,4.6,https://p16-oec-va.ibyteimg.com/tos-alisg-i-aphluv4xwc-sg/adfdd41e1e244e78be0485bbd81a1f1e~tplv-o3syd03w52-resize-jpeg:1000:1000.image?,2024/3/11,,,6269,37,In Affiliate,https://shop.tiktok.com/view/product/1729404960360009306?region=GB&locale=en,11.45,"Turquoise,Army green,Orange,Yellow,Mint green,Hot pink,Purple,Sky blue,Khaki,Apricot,Copper brown,Red,Burgundy,Coffee brown,Royal blue,Off white,Lilac,Black,Baby pink","L,M,XL,S",Spring&Fall,是
高潜,GB,1729730946947324067,S251217171519,Yz Sweaters,标码女装,女士针织衫,4.9,https://p16-oec-va.ibyteimg.com/tos-alisg-i-aphluv4xwc-sg/a66fedb5d9f241b796c54a49032280c3~tplv-o3syd03w52-resize-jpeg:1000:1000.image?,2025/12/29,,,2108,38,In Affiliate,https://shop.tiktok.com/view/product/1729730946947324067?region=GB&locale=en,15.6,"Black,Yellow,Beige,Pink,White","M,XL,L,S",Summer,否
高潜,GB,1729797760476158765,S260413019134,CHAENIL,标码女装,女士下装,4.8,https://p16-oec-eu-common-no.tiktokcdn-eu.com/tos-no1a-i-t5fjg24jzw-no/cdc472f8f9fe473f995bdb8dc6104c51~tplv-t5fjg24jzw-resize-jpeg:1000:1000.image?,2026/4/15,,,214,39,In Affiliate,https://shop.tiktok.com/view/product/1729797760476158765?region=GB&locale=en,9.29,"Green,Black,Gray","L,S,M,XXL,XL",Summer,否
高潜,GB,1729848956076923816,S260610003638,Chic Weaves,标码女装,女士针织衫,4.7,https://p16-oec-va.ibyteimg.com/tos-alisg-i-aphluv4xwc-sg/3377b9f9af2146b88ad37e9bb64f79f7~tplv-o3syd03w52-resize-jpeg:1000:1000.image?,2026/6/12,,,2145,40,In Affiliate,https://shop.tiktok.com/view/product/1729848956076923816?region=GB&locale=en,23.08,"Purple - Multicolor 3,Apricot Color - Multicolor 4,Pink - Multicolor 2,Grass green - multicolor 10,Cranberry Red - Multicolor 9,Multi-color,Light Blue - Multicolor 5,Denim blue - color 7,Colorful 6 — mixed colors,White - Multicolor 8","S,M,L,XXL,XL",Spring&Fall,是
高潜,GB,1729838478085822790,S260530000602,Chic Luxe Fibers,标码女装,女士下装,4.5,https://p16-oec-va.ibyteimg.com/tos-alisg-i-aphluv4xwc-sg/f9258d7e211f473e9a1da4f12a580d71~tplv-o3syd03w52-resize-jpeg:1000:1000.image?,2026/6/7,,,158,41,In Affiliate,https://shop.tiktok.com/view/product/1729838478085822790?region=GB&locale=en,18.36,"Black,White","S,M,XS,XL,L",Summer,否
高潜,GB,1729449728563448912,S241128008371,chic angel,标码女装,女士下装,4.4,https://p16-oec-eu-common-no.tiktokcdn-eu.com/tos-no1a-i-t5fjg24jzw-no/f20e0a24fbb8407999ef327a1796f21e~tplv-t5fjg24jzw-resize-jpeg:1000:1000.image?,2025/1/6,,,385,42,In Affiliate,https://shop.tiktok.com/view/product/1729449728563448912?region=GB&locale=en,17.67,"Grey,Pink,Off white,Dark Gray,Black","S,M,L,XL",Spring&Fall,否
高潜,GB,1729463020131028293,S250218002732,YouAnnn,标码女装,女士针织衫,4.7,https://p16-oec-eu-common-no.tiktokcdn-eu.com/tos-no1a-i-t5fjg24jzw-no/1619845fe64848078a78b85c95806fa3~tplv-t5fjg24jzw-resize-jpeg:1000:1000.image?,2025/2/24,,,1336,43,In Affiliate,https://shop.tiktok.com/view/product/1729463020131028293?region=GB&locale=en,12.75,"Grey,Royal blue,Royal Blue,Brown and white,Blue,Mauve purple,Black and white,Yellow,Pink,Burgundy,Green,Hot pink,Black,Bright orange,Lime Green,Off white,Light Gray,pebble lime","XXL,M,L,XL,S",Summer,否
高潜,GB,1729758955534522973,S260127035644,Chic NBold,标码女装,女士下装,4.8,https://p16-oec-va.ibyteimg.com/tos-alisg-i-aphluv4xwc-sg/604566a8489c47d7b5be32a4d924193d~tplv-o3syd03w52-resize-jpeg:1000:1000.image?,2026/4/11,,,250,44,In Affiliate,https://shop.tiktok.com/view/product/1729758955534522973?region=GB&locale=en,15.77,Black,"L,S,XL,M",Summer,否
高潜,GB,1729565364664834959,S250624012254,FianiVibe,标码女装,女士下装,4.7,https://p16-oec-va.ibyteimg.com/tos-alisg-i-aphluv4xwc-sg/db2b1be85f504b3f891f22b7ecde9f70~tplv-o3syd03w52-resize-jpeg:1000:1000.image?,2025/7/5,,,3984,45,In Affiliate,https://shop.tiktok.com/view/product/1729565364664834959?region=GB&locale=en,18.91,"Light wash,Green,Red,Apricot,Pink,Black,Brown,Blue","XS,S,XL,M,L",Summer,否
高潜,GB,1729829562958059699,S260515022184,ZOVINRIA,标码女装,女士针织衫,4.7,https://p16-oec-va.ibyteimg.com/tos-alisg-i-aphluv4xwc-sg/a72fc5278d5746c6ac75720d1bdda203~tplv-o3syd03w52-resize-jpeg:1000:1000.image?,2026/5/24,,,534,46,In Affiliate,https://shop.tiktok.com/view/product/1729829562958059699?region=GB&locale=en,16.72,"Khaki,Coffee brown,Burgundy,White","S,L,M",Summer,否
高潜,GB,1729864638924823502,S260701030315,Red Desert Rose,标码女装,女士下装,4.5,https://p16-oec-va.ibyteimg.com/tos-alisg-i-aphluv4xwc-sg/76c0d2944cc649a1aaa4329e9d64186a~tplv-o3syd03w52-resize-jpeg:1000:1000.image?,2026/7/3,,,176,47,,https://shop.tiktok.com/view/product/1729864638924823502?region=GB&locale=en,16.49,"Black,Dark beige,Fawn brown","XXL,XL,S,L,XS,M",Spring&Fall,否
高潜,GB,1729852273764834009,S260612000520,Auspico,标码女装,女士针织衫,4.4,https://p16-oec-va.ibyteimg.com/tos-alisg-i-aphluv4xwc-sg/d21a66a799064d34a86be2afb9f33a03~tplv-o3syd03w52-resize-jpeg:1000:1000.image?,2026/6/12,,,0,48,In Affiliate,https://shop.tiktok.com/view/product/1729852273764834009?region=GB&locale=en,18.02,"Yellow,Black,Gray,Red,Green,Baby pink,White","L,M,S,XL,XS",Spring&Fall,是
高潜,GB,1729862733603904448,S260625033314,Cute Pants,标码女装,女士下装,4,https://p16-oec-va.ibyteimg.com/tos-alisg-i-aphluv4xwc-sg/09a0510d3dee4a0a824800b2bf10e787~tplv-o3syd03w52-resize-jpeg:1000:1000.image?,2026/7/11,,,223,49,In Affiliate,https://shop.tiktok.com/view/product/1729862733603904448?region=GB&locale=en,9.04,"Tie knot,Black bow 2,Flower petal knot,Polka dot bow,Black bow,White bow,Bow detail","XL,M,XXL,S,L",All Seasons,否
高潜,GB,1729577421137877806,S250707004357,Einsamw,标码女装,女士下装,4.8,https://p16-oec-eu-common-no.tiktokcdn-eu.com/tos-no1a-i-t5fjg24jzw-no/107f66e5a4f34122a4f07243348b6871~tplv-t5fjg24jzw-resize-jpeg:1000:1000.image?,2025/7/17,,,329,50,In Affiliate,https://shop.tiktok.com/view/product/1729577421137877806?region=GB&locale=en,18.61,"White,Black,Gray","XL,S,L,M",Spring&Fall,否
高潜,GB,1729592890778753626,S250726019376,Orgnvin,标码女装,女士针织衫,4.6,https://p16-oec-va.ibyteimg.com/tos-alisg-i-aphluv4xwc-sg/1489f8715e3c4b2d97d6be2f723e0304~tplv-o3syd03w52-resize-jpeg:1000:1000.image?,2025/7/31,,,697,51,In Affiliate,https://shop.tiktok.com/view/product/1729592890778753626?region=GB&locale=en,28.9,"Gray,Royal blue,Burgundy,Pale green,Army green,Khaki,Purple,Black,Hot pink,Pink,White,Coffee brown,Orange,Light blue,Apricot","XS,M,L,XL,S",Summer,是
高潜,GB,1729808623977929567,S260424029237,SaltWhite,标码女装,女士下装,4.9,https://p16-oec-eu-common-no.tiktokcdn-eu.com/tos-no1a-i-t5fjg24jzw-no/44b2bdca8b6d401d9fac73e3b0995efd~tplv-t5fjg24jzw-resize-jpeg:1000:1000.image?,2026/4/26,,,280,52,In Affiliate,https://shop.tiktok.com/view/product/1729808623977929567?region=GB&locale=en,14.38,"Pink,Black,Light green,White,Apricot","XL,M,XXL,S,L",Spring&Fall,是
高潜,GB,1729427669857897797,S240904006922,YouAnnn,标码女装,女士针织衫,4.7,https://p16-oec-eu-common-no.tiktokcdn-eu.com/tos-no1a-i-t5fjg24jzw-no/77764b9be97d4e4ea0c6bb52275675a1~tplv-t5fjg24jzw-resize-jpeg:1000:1000.image?,2024/9/19,,,1046,53,In Affiliate,https://shop.tiktok.com/view/product/1729427669857897797?region=GB&locale=en,14.8,"Blue,Dark brown,Brown,Light Blue,Purple,Beige,Lime yellow,Green,Off white,Hot pink,Burgundy,Pink,Apricot,Dark green,Black,Grey,Medium wash","M,XXL,XL,L,S",Spring&Fall,否
高潜,GB,1729830892586178739,S260507009559,ZOVINRIA,标码女装,女士针织衫,4.7,https://p16-oec-va.ibyteimg.com/tos-alisg-i-aphluv4xwc-sg/6c61391d19734429a696386abf22744f~tplv-o3syd03w52-resize-jpeg:1000:1000.image?,2026/5/21,,,374,54,In Affiliate,https://shop.tiktok.com/view/product/1729830892586178739?region=GB&locale=en,9.88,"Black,Khaki,White","M,S,L",Summer,否
高潜,GB,1729426537589083213,S240829008924,YarnPop,标码女装,女士针织衫,4.5,https://p16-oec-va.ibyteimg.com/tos-alisg-i-aphluv4xwc-sg/c853335d8ec348d1a373056089f46cd0~tplv-o3syd03w52-resize-jpeg:1000:1000.image?,2024/9/4,,,148,55,In Affiliate,https://shop.tiktok.com/view/product/1729426537589083213?region=GB&locale=en,15.93,"Light wash,Pink,White,Apricot,Black","XL,L,M,S",Spring&Fall,是
高潜,MX,1734790190015612579,S260323018717,Vincira,标码女装,女士下装,4.8,https://p16-oec-va.ibyteimg.com/tos-alisg-i-aphluv4xwc-sg/9171c9a7ad5a4889819017ff9e27f293~tplv-o3syd03w52-resize-jpeg:1000:1000.image?,2026/4/2,,,1952,1,In Affiliate,https://shop.tiktok.com/view/product/1734790190015612579?region=MX&locale=es,14.52,"Red,Black,Navy blue,Green,Brown","S,XXL,L,XL,M",NULL,否
高潜,MX,1734489248870139829,S260302015737,JAX STAR,标码女装,女士下装,3.9,https://p16-oec-va.ibyteimg.com/tos-alisg-i-aphluv4xwc-sg/c9de4f1a5d764668a22dcaaf0dc2a7fb~tplv-o3syd03w52-resize-jpeg:1000:1000.image?,2026/3/17,,,463,2,In Affiliate,https://shop.tiktok.com/view/product/1734489248870139829?region=MX&locale=es,13.83,"Purple,Royal blue,Black,Navy blue,White,Khaki,Gray","L,XL,M,S",Spring&Fall,否
高潜,MX,1732174642719786044,S250311021136,Chic Chic Sweater,标码女装,女士针织衫,5,https://p16-oec-va.ibyteimg.com/tos-maliva-i-o3syd03w52-us/30e78360310a45759d8083a679410057~tplv-o3syd03w52-resize-jpeg:1000:1000.image?,2025/8/10,,,1883,3,In Affiliate,https://shop.tiktok.com/view/product/1732174642719786044?region=MX&locale=es,11.8,"Yellow,Blue,Grey,Off white,Dark green,Purple,Olive green,Navy blue,Red,Rust orange,Brown,Baby pink,Mauve purple,Burgundy,Light Gray,Pastel blue,Mint green,Camel,Lemon yellow,Emerald green,Lavender,Black","L,XXL,XL,M,S",Summer,否
高潜,MX,1734831074966930965,S260325075712,Chic Materialist,标码女装,女士下装,4.8,https://p16-oec-va.ibyteimg.com/tos-alisg-i-aphluv4xwc-sg/1390a29b552b4b789ce063de5371bae4~tplv-o3syd03w52-resize-jpeg:1000:1000.image?,2026/3/25,,,1993,4,In Affiliate,https://shop.tiktok.com/view/product/1734831074966930965?region=MX&locale=es,17.79,"Khaki gray,Mauve purple,Black,Dusty Blue,Rust red,Pastel blue","L,S,M,XL",Spring&Fall,是
高潜,MX,1732182878298081030,S250627017569,Knit Mix,标码女装,女士针织衫,4.3,https://p16-oec-va.ibyteimg.com/tos-alisg-i-aphluv4xwc-sg/a56f62fda4814a0a83fabf5c97f9f489~tplv-o3syd03w52-resize-jpeg:1000:1000.image?,2025/8/11,,,565,5,In Affiliate,https://shop.tiktok.com/view/product/1732182878298081030?region=MX&locale=es,11.45,"DarkBrown,Olive green,Beige,Coffee brown,Daffodil yellow,White,Dark gray,Black,Green,Sepia,Apricot,Yellow,Dark green,Gray,Wine red,Purple,Orange,Blue,Mulberry,Navy blue,Pink","XS,XXL,M,XL,S,L",Spring&Fall,否
高潜,MX,1732171022378371303,S240913009120,NovaMode.,标码女装,女士下装,4.9,https://p16-oec-va.ibyteimg.com/tos-alisg-i-aphluv4xwc-sg/559b027624434942b729c9d478640fcb~tplv-o3syd03w52-resize-jpeg:1000:1000.image?,2025/3/24,,,2637,7,In Affiliate,https://shop.tiktok.com/view/product/1732171022378371303?region=MX&locale=es,9.57,"Off-white,Multicolor,Khaki gray,Black,pebble lime,Deep red,Purple,Dark brown,Multicolor1,Black*1 pc+Dark Brown*1 pc,Blue,Black*1 pc+Off White*1 pc,Dark Gray,Off White*1 pc+Dark Brown*1 pc,Grey","S,L,XS,XXL,XL,M",Spring&Fall,是
高潜,MX,1735971917025150485,S260607019165,Chic Materialist,标码女装,女士下装,4.8,https://p16-oec-va.ibyteimg.com/tos-alisg-i-aphluv4xwc-sg/7de99c7731474293a86f6e8cf2b30bb9~tplv-o3syd03w52-resize-jpeg:1000:1000.image?,2026/6/7,,,116,8,In Affiliate,https://shop.tiktok.com/view/product/1735971917025150485?region=MX&locale=es,13.1,"Khaki gray,Dusty Blue,Pastel blue,Black,Rust red","S,M,L,XL",NULL,是
高潜,MX,1732125949773253210,S231108004319,Orgnvin,标码女装,女士针织衫,4.8,https://p16-oec-va.ibyteimg.com/tos-alisg-i-aphluv4xwc-sg/4241e69978204407957c59e9caa4a206~tplv-o3syd03w52-resize-jpeg:1000:1000.image?,2025/3/19,,,3202,9,In Affiliate,https://shop.tiktok.com/view/product/1732125949773253210?region=MX&locale=es,10.92,"Turquoise blue,Hot Pink*1 pc+White*1 pc,Hot pink,Black,Coffee brown,Black*1 pc+White*1 pc,Orange,Coffee Brown*1 pc+Black*1 pc,Dark Gray,Deep red,Burgundy,Khaki,Light wash,Royal Blue,Army green,Purple,Off white,Lemon yellow,Green,Pink","S,L,XL,M",Spring&Fall,是
高潜,MX,1734821064479900829,S260325016111,Veyra Style,标码女装,女士下装,4.7,https://p16-oec-va.ibyteimg.com/tos-alisg-i-aphluv4xwc-sg/c7d1b85b296c45bd888e28f11bde1f77~tplv-o3syd03w52-resize-jpeg:1000:1000.image?,2026/3/25,,,129,10,In Affiliate,https://shop.tiktok.com/view/product/1734821064479900829?region=MX&locale=es,9.12,"Coffee brown,Light pink,Pink,Black and white,Sky blue,Yellow","XS,S,L,M",Summer,是
高潜,MX,1731467598007010891,S240905000268,StreetWeat Outfits,标码女装,女士下装,4.4,https://p16-oec-va.ibyteimg.com/tos-alisg-i-aphluv4xwc-sg/c54f1523cee54d0eb20be0bf7916da47~tplv-o3syd03w52-resize-jpeg:1000:1000.image?,2025/5/20,,,1595,11,In Affiliate,https://shop.tiktok.com/view/product/1731467598007010891?region=MX&locale=es,14.27,"Coffee brown,Deep red,Light brown,Brown,Coral pink,Copper brown,Purple,Green,Rust Red,Yellow,White,Blue,Flame red,Champagne,Grey","XS,S,M,XL,XXL,L",Spring&Fall,是
高潜,MX,1734750716098086427,S260318073472,Vivo Chic,标码女装,女士套装及西服,4.8,https://p16-oec-va.ibyteimg.com/tos-alisg-i-aphluv4xwc-sg/98e6aedd327a423a85256f97bd5d9b40~tplv-o3syd03w52-resize-jpeg:1000:1000.image?,2026/3/20,,,165,12,In Affiliate,https://shop.tiktok.com/view/product/1734750716098086427?region=MX&locale=es,9.33,"Deep pink,Navy blue,Cream","S,L,M,XL",Summer,否
高潜,US,1732197469032321255,S260105096548,NovaMode.,标码女装,女士下装,4.4,https://p16-oec-ttp.tiktokcdn-us.com/tos-useast5-i-omjb5zjo8w-tx/bea96f25ec6440b0bf32d2e896a37b67~tplv-omjb5zjo8w-resize-jpeg:1000:1000.image?,2026/1/12,,,1824,1,In Affiliate,https://shop.tiktok.com/view/product/1732197469032321255?region=US&locale=en,15.4,"Black,Dark gray,Apricot,Brown","M,S,XL,L,XS",Summer,是
高潜,US,1732307573801324559,S260326066996,CNUSCB44ELYU,标码女装,女士下装,4,https://p16-oec-ttp.tiktokcdn-us.com/tos-useast5-i-omjb5zjo8w-tx/b844dd099da142febf4c54b756fabb43~tplv-omjb5zjo8w-resize-jpeg:1000:1000.image?,2026/3/27,,,723,2,In Affiliate,https://shop.tiktok.com/view/product/1732307573801324559?region=US&locale=en,11.1,Black,"M,S,L,XS,XXL,XL",Summer,是
高潜,US,1732114586775490750,S251203077768,Wake Seasons,标码女装,女士下装,4.2,https://p16-oec-ttp.tiktokcdn-us.com/tos-useast5-i-omjb5zjo8w-tx/ed437192e3af42159d6d1bdb407ade71~tplv-omjb5zjo8w-resize-jpeg:1000:1000.image?,2025/12/3,,,480,3,In Affiliate,https://shop.tiktok.com/view/product/1732114586775490750?region=US&locale=en,9,"Four-bar coffee color,White pants with black polka dots,Multicolor7,Light blue,Multicolor6,Multicolor9,Multicolor12,Multicolor,Black and white checkered pattern,Blue pants with white polka dots,Black,Multicolor1,Multicolor8,Pink,Multicolor11,Multicolor5,Multicolor2,Multicolor3,Yellow,Sky blue,Black pants with white polka dots,Multicolor10,Multicolor4","M,S,XL,L",Summer,是
高潜,US,1732382203202670607,S260501013498,CITY GIRL,标码女装,女士下装,4.7,https://p16-oec-va.ibyteimg.com/tos-maliva-i-o3syd03w52-us/04e81c4b99f7459da2cbb19906681260~tplv-o3syd03w52-resize-jpeg:1000:1000.image?,2026/6/1,,,293,4,In Affiliate,https://shop.tiktok.com/view/product/1732382203202670607?region=US&locale=en,14.68,"Medium wash,Yellow,Black,Burgundy","M,S,L,XL",Summer,否
高潜,US,1729496540721878298,S260303040474,LILYTREE,标码女装,女士针织衫,4.3,https://p16-oec-va.ibyteimg.com/tos-maliva-i-o3syd03w52-us/a2517ef7f8e744f7a1e2a40007ff7229~tplv-o3syd03w52-resize-jpeg:1000:1000.image?,2026/3/5,,,540,5,In Affiliate,https://shop.tiktok.com/view/product/1729496540721878298?region=US&locale=en,13.39,"Medium wash,Taro Pink,Yellow,White,Black","M,S,L,XL",Summer,否
高潜,US,1732197188142075991,S260105062922,Novelife,标码女装,女士下装,4.7,https://p16-oec-va.ibyteimg.com/tos-maliva-i-o3syd03w52-us/9face7aa88b941088142ae4cc3f4218e~tplv-o3syd03w52-resize-jpeg:1000:1000.image?,2026/1/20,,,1175,6,In Affiliate,https://shop.tiktok.com/view/product/1732197188142075991?region=US&locale=en,11.21,"Royal blue,Red,Black,Apricot,Brown","M,S,XL,L,XXL",Summer,否
高潜,US,1731061893945200720,S250316007676,chic angel,标码女装,女士下装,3.8,https://p16-oec-va.ibyteimg.com/tos-maliva-i-o3syd03w52-us/777aa41971554c33b6753fb3dbd5a09e~tplv-o3syd03w52-resize-jpeg:1000:1000.image?,2025/4/20,,,1788,7,In Affiliate,https://shop.tiktok.com/view/product/1731061893945200720?region=US&locale=en,9.85,"Pink,Khaki,Olive green,Light blue,Black,Off white,Dark brown,Beige,Salmon pink,Apricot,Dark wash,Burgundy","M,S,XL,L",Spring&Fall,否
高潜,US,1732416695313207406,S260528008769,Soft Frame,标码女装,女士下装,3.9,https://p16-oec-va.ibyteimg.com/tos-maliva-i-o3syd03w52-us/220a576ec8d74b719311cbeae5c08ea8~tplv-o3syd03w52-resize-jpeg:1000:1000.image?,2026/5/31,,,2283,8,In Affiliate,https://shop.tiktok.com/view/product/1732416695313207406?region=US&locale=en,15.6,"Coffee brown,Blue-brown,Khaki,Reed green,Black,Pastel blue,Off-white polka dots,Copper brown","M,S,L,XL",Spring&Fall,否
高潜,US,1730942130085007916,S250322009473,Lefter Shorts,标码女装,女士下装,4.9,https://p16-oec-va.ibyteimg.com/tos-maliva-i-o3syd03w52-us/ce497c48479148769cdd494d513f1b51~tplv-o3syd03w52-resize-jpeg:1000:1000.image?,2025/3/28,,,1113,9,In Affiliate,https://shop.tiktok.com/view/product/1730942130085007916?region=US&locale=en,34.52,"Multicolor5,Multicolor2,Multicolor3,Multicolor6,Multicolor1,Multicolor4","M,S,L,XL,XXL,XS",Summer,是
高潜,US,1732440286140535386,S260612038720,Orgnvin,标码女装,女士针织衫,4.7,https://p16-oec-va.ibyteimg.com/tos-maliva-i-o3syd03w52-us/b484c7c9559c49328fc66f1b682c548e~tplv-o3syd03w52-resize-jpeg:1000:1000.image?,2026/6/13,,,1247,10,In Affiliate,https://shop.tiktok.com/view/product/1732440286140535386?region=US&locale=en,17.86,"Khaki,Dark Gray,Red,Gray,Black,Light wash,Reddish Purple,Dark wash,Green,Coffee brown,Pink,Hot pink,Yellow,White,Mauve purple,Burgundy","M,S,L,XL",Summer,是
高潜,US,1730296702011019331,S241205008501,Chic Unique Designs,标码女装,女士下装,4.7,https://p16-oec-ttp.tiktokcdn-us.com/tos-useast5-i-omjb5zjo8w-tx/b66a5a3703274cdcbb85b0e3be20de76~tplv-omjb5zjo8w-resize-jpeg:1000:1000.image?,2024/12/18,,,2717,11,In Affiliate,https://shop.tiktok.com/view/product/1730296702011019331?region=US&locale=en,9.65,"Bright blue,Khaki,Multicolor7,Multicolor6,Multicolor9,Multicolor12,Black,Reddish Purple,Multicolor1,Multicolor8,Multicolor11,Multicolor5,Multicolor2,Multicolor3,Multicolor-multicolor,Blue and white,Sky blue,Multicolor10,Dark Blue,Multicolor4","M,S,XL,L,XXL",Summer,否
高潜,US,1731699699888657099,S250830026033,Personalized knittin,标码女装,女士针织衫,4.5,https://p16-oec-ttp.tiktokcdn-us.com/tos-useast5-i-omjb5zjo8w-tx/a6bf63e72a604b2f9666789c37530eae~tplv-omjb5zjo8w-resize-jpeg:1000:1000.image?,2025/8/30,,,129,12,In Affiliate,https://shop.tiktok.com/view/product/1731699699888657099?region=US&locale=en,25.54,"White,Black,Apricot,Brown","M,S,L,XL",Spring&Fall,是
高潜,US,1732301183887904958,S260322037312,Wake Seasons,标码女装,女士下装,4.2,https://p16-oec-ttp.tiktokcdn-us.com/tos-useast5-i-omjb5zjo8w-tx/3ec8bd93571f4f789ef08fa3086e041b~tplv-omjb5zjo8w-resize-jpeg:1000:1000.image?,2026/3/22,,,534,14,In Affiliate,https://shop.tiktok.com/view/product/1732301183887904958?region=US&locale=en,6.72,"2222 Diamond Pattern Black Waist Label Edition,Baby pink,Gray, Chapter 2223,Chapter 2222: Yellow Leopard Print,Drawstring 2282,Gray,Black leopard print,Multicolor12,Black,Multicolor,2280 Black & White Checkered,Multicolor1,Blue,Drawstring spots,Pink,Multicolor5,Multicolor2,Chapter 2222 White Leopard Print,Chapter 2232 – Yellow,Multicolor3,White,Multicolor4,Pink leopard print","M,S,L,XL",Summer,是
高潜,US,1731506450497114620,S250719019896,Hi anan,标码女装,女士针织衫,4.4,https://p16-oec-va.ibyteimg.com/tos-maliva-i-o3syd03w52-us/8416511e9351413f8a1cb389a5c57a13~tplv-o3syd03w52-resize-jpeg:1000:1000.image?,2025/7/24,,,1379,15,In Affiliate,https://shop.tiktok.com/view/product/1731506450497114620?region=US&locale=en,20.47,"Silver,Curry,Royal blue,Khaki,Turquoise,Dark beige,Black","M,S,L,XL",Spring&Fall,是
高潜,US,1729436976944550677,S240108003392,AOMR,标码女装,女士下装,4.3,https://p16-oec-va.ibyteimg.com/tos-maliva-i-o3syd03w52-us/a4d4418140424fa9a36f0c4ceaf4cf34~tplv-o3syd03w52-resize-jpeg:1000:1000.image?,2024/1/22,,,424,16,In Affiliate,https://shop.tiktok.com/view/product/1729436976944550677?region=US&locale=en,11.44,"Apricot*1 pc+Black*1 pc+Gray*1 pc+Baby Pink*1 pc,Grey,Baby pink,Black*1 pc+Baby Pink*1 pc,Apricot*1 pc+Brown*1 pc,Apricot*1 pc+Black*1 pc,Black,Apricot*1 pc+Gray*1 pc,Beige,Black*1 pc+Gray*1 pc,Apricot,Brown","M,S,L",Spring&Fall,是
高潜,US,1729962605889687583,S241031008816,Slick Trends,标码女装,女士下装,4.9,https://p16-oec-ttp.tiktokcdn-us.com/tos-useast5-i-omjb5zjo8w-tx/e9c3a5315d264135b585803a83ba2622~tplv-omjb5zjo8w-resize-jpeg:1000:1000.image?,2024/11/15,,,625,19,In Affiliate,https://shop.tiktok.com/view/product/1729962605889687583?region=US&locale=en,9.29,"Baby pink,Navy blue,Black,Burgundy","M,S,L,XL",Summer,是
高潜,US,1731059419002147678,S250405005806,Mayins,标码女装,女士下装,4.8,https://p16-oec-va.ibyteimg.com/tos-maliva-i-o3syd03w52-us/aaf0d32406ca4030925797a3320fd92f~tplv-o3syd03w52-resize-jpeg:1000:1000.image?,2025/4/19,,,4242,20,In Affiliate,https://shop.tiktok.com/view/product/1731059419002147678?region=US&locale=en,12.82,"Red,Black and White,Navy blue,Yellow,Fawn brown,Pale green,Blue","M,S,L,XL,XXL",Summer,否
高潜,US,1732357274325520986,S260421020463,Orgnvin,标码女装,女士针织衫,4.7,https://p16-oec-va.ibyteimg.com/tos-maliva-i-o3syd03w52-us/8e302d4570ba4929b496db7924c2a76f~tplv-o3syd03w52-resize-jpeg:1000:1000.image?,2026/4/21,,,306,21,In Affiliate,https://shop.tiktok.com/view/product/1732357274325520986?region=US&locale=en,15.59,"Burgundy,Green,Hot pink,White,Black,Dark brown,Bright orange,Golden","M,S,L,XL",Spring&Fall,是
高潜,US,1729413744750662234,S231108004319,Orgnvin,标码女装,女士针织衫,4.7,https://p16-oec-va.ibyteimg.com/tos-maliva-i-o3syd03w52-us/c74c327a464347108b19c071862f8aae~tplv-o3syd03w52-resize-jpeg:1000:1000.image?,2023/11/17,,,3202,22,In Affiliate,https://shop.tiktok.com/view/product/1729413744750662234?region=US&locale=en,15.83,"Khaki,Dark Gray,Orange,Army green,Black,Off white,Turquoise blue,Royal Blue,Hot Pink*1 pc+White*1 pc,Light wash,Green,Coffee brown,Purple,Pink,Hot pink,Black*1 pc+White*1 pc,Coffee Brown*1 pc+Black*1 pc,Deep red,Lemon yellow,Burgundy","M,S,L,XL",Spring&Fall,是
高潜,US,1729485171206296415,S240516003315,SaltWhite,标码女装,女士下装,3.7,https://p16-oec-ttp.tiktokcdn-us.com/tos-useast5-i-omjb5zjo8w-tx/3307bf27cf674d66b69f6d2b420f4ebb~tplv-omjb5zjo8w-resize-jpeg:1000:1000.image?,2024/5/23,,,3484,23,In Affiliate,https://shop.tiktok.com/view/product/1729485171206296415?region=US&locale=en,11.2,"Purple*1 pc+Sky Blue*1 pc+Pink*1 pc,Khaki,Army green,Navy blue,Black*1 pc+Khaki*1 pc,Black,Lime yellow,Turquoise blue,Green,Blue,Coffee brown,Purple,Pink,Hot pink,Pink*1 pc+Sky Blue*1 pc+Khaki*1 pc,Deep red,Lime orange,Sky blue,Navy Blue*1 pc+Khaki*1 pc+Black*1 pc,Black*1 pc+Navy Blue*1 pc","M,S,XL,L,XXL",Summer,是
高潜,US,1732416470723105467,S260528001125,FormeFemme fashion,标码女装,女士下装,3.7,https://p16-oec-va.ibyteimg.com/tos-maliva-i-o3syd03w52-us/395e92a2602c4d5dbf58cd21f3db1930~tplv-o3syd03w52-resize-jpeg:1000:1000.image?,2026/6/10,,,360,24,In Affiliate,https://shop.tiktok.com/view/product/1732416470723105467?region=US&locale=en,13.15,"White,Black,Brown","M,S,XL,L,XXL",All Seasons,否
高潜,US,1730891981494718654,S250312017906,Wake Seasons,标码女装,女士下装,4.2,https://p16-oec-ttp.tiktokcdn-us.com/tos-useast5-i-omjb5zjo8w-tx/d90387d3b609424bb8258cf0c765559a~tplv-omjb5zjo8w-resize-jpeg:1000:1000.image?,2025/3/19,,,658,25,In Affiliate,https://shop.tiktok.com/view/product/1730891981494718654?region=US&locale=en,7.77,"Gray 2223,Yellow 2223,Set8,2223 - Yellow Chapter,Leopard print,Set3,Multicolor1,Set2,White leopard print,Set1,Multicolor5,Set4,Multicolor2,2223 - Charcoal Gray,Multicolor3,Set6,Set7,Set5,Camouflage,All Over Print,Multicolor4","M,S,XL,L",Summer,是
高潜,US,1732282949147792309,S260302015737,JAX STAR,标码女装,女士下装,4.1,https://p16-oec-va.ibyteimg.com/tos-maliva-i-o3syd03w52-us/4ae62f799639430c88436c8e32aebd13~tplv-o3syd03w52-resize-jpeg:1000:1000.image?,2026/3/12,,,463,26,In Affiliate,https://shop.tiktok.com/view/product/1732282949147792309?region=US&locale=en,24.42,"Purple,Royal blue,Khaki,Navy blue,Gray,White,Black","M,S,L,XL",Spring&Fall,否
高潜,US,1729461489652896277,S240325008922,Chic Materialist,标码女装,女士下装,4.6,https://p16-oec-ttp.tiktokcdn-us.com/tos-useast5-i-omjb5zjo8w-tx/f194b6c0697947a2bc16d1e158456d02~tplv-omjb5zjo8w-resize-jpeg:1000:1000.image?,2024/4/8,,,720,27,In Affiliate,https://shop.tiktok.com/view/product/1729461489652896277?region=US&locale=en,5.9,"Multicolor5,Multicolor2,Multicolor3,Multicolor6,Multicolor9,Multicolor1,Multicolor4,Multicolor8","M,XXXL,S,XL,L,XXL,XS",Summer,是
高潜,US,1729503308713399492,S260309044165,FACIO Direct,标码女装,女士针织衫,4.2,https://p16-oec-va.ibyteimg.com/tos-alisg-i-aphluv4xwc-sg/ba7628448fa14d19a8506b9790c6d3f9~tplv-o3syd03w52-resize-jpeg:1000:1000.image?,2026/3/12,,,429,29,In Affiliate,https://shop.tiktok.com/view/product/1729503308713399492?region=US&locale=en,13.49,"Blue,Hot pink,Yellow,White,Coral pink,Brown","M,S,L,XL,XS",Summer,是
高潜,US,1732197439310041967,S260105083574,Fourfo,标码女装,女士下装,4.8,https://p16-oec-ttp.tiktokcdn-us.com/tos-useast5-i-omjb5zjo8w-tx/4eef2282c6b94bfca299ac60d3229be2~tplv-omjb5zjo8w-resize-jpeg:1000:1000.image?,2026/1/12,,,215,30,In Affiliate,https://shop.tiktok.com/view/product/1732197439310041967?region=US&locale=en,22.78,Brown,"M,S,XS,L",Spring&Fall,是
高潜,US,1732427558728208709,S260528020650,YouAnnn,标码女装,女士针织衫,4.1,https://p16-oec-va.ibyteimg.com/tos-maliva-i-o3syd03w52-us/e00bc8af0bb54dd3ac29c0eb06546fbd~tplv-o3syd03w52-resize-jpeg:1000:1000.image?,2026/6/13,,,53,31,In Affiliate,https://shop.tiktok.com/view/product/1732427558728208709?region=US&locale=en,6.36,"Black,Fawn brown,Green","M,S,L,XL,XXL",Summer,否
高潜,US,1732296156486537412,S260318058158,FACIO Direct,标码女装,女士针织衫,4.2,https://p16-oec-va.ibyteimg.com/tos-alisg-i-aphluv4xwc-sg/8f56d89747b04adab3bc1ec39a901640~tplv-o3syd03w52-resize-jpeg:1000:1000.image?,2026/3/20,,,545,32,In Affiliate,https://shop.tiktok.com/view/product/1732296156486537412?region=US&locale=en,14.4,"Mint green,Pink,Hot pink,Orange,Lilac,Yellow,Deep pink,Mauve purple,Green","M,S,XXS,L,XS,XL",Summer,是
高潜,US,1731371684926362374,S250627017569,Knit Mix,标码女装,女士针织衫,3.9,https://p16-oec-ttp.tiktokcdn-us.com/tos-useast5-i-omjb5zjo8w-tx/3c0185b13bfd4d7dab6143b688084c4e~tplv-omjb5zjo8w-resize-jpeg:1000:1000.image?,2025/6/28,,,565,33,In Affiliate,https://shop.tiktok.com/view/product/1731371684926362374?region=US&locale=en,10.7,"Daffodil yellow,Olive green,Orange,Navy blue,Sepia,Gray,DarkBrown,Black,Dark gray,Dark green,Apricot,Green,Blue,Coffee brown,Purple,Pink,Wine red,Yellow,White,Beige,Mulberry","M,S,XL,XS,XXL,L",Spring&Fall,否
高潜,US,1732491084711564200,S260714018921,Chic Weaves,标码女装,女士针织衫,4.8,https://p16-oec-va.ibyteimg.com/tos-maliva-i-o3syd03w52-us/b42b75dd74ab46d5b831ee0821f48fad~tplv-o3syd03w52-resize-jpeg:1000:1000.image?,2026/7/17,,,23,34,In Affiliate,https://shop.tiktok.com/view/product/1732491084711564200?region=US&locale=en,13.4,Multi-color,"M,S,XL,L,XXL",Spring&Fall,是
高潜,US,1731407494543348574,S250623014760,Mayins,标码女装,女士下装,4.8,https://p16-oec-ttp.tiktokcdn-us.com/tos-useast5-i-omjb5zjo8w-tx/d1e6575478d94bef83430b4d4e530dbd~tplv-omjb5zjo8w-resize-jpeg:1000:1000.image?,2025/7/5,,,1910,35,In Affiliate,https://shop.tiktok.com/view/product/1731407494543348574?region=US&locale=en,13.08,"Pink,Navy blue,White,Black,Dark gray,Apricot,Brown","M,S,XL,L,XS,XXL",Spring&Fall,否
高潜,US,1732309809378857562,S260328033125,Orgnvin,标码女装,女士针织衫,4.7,https://p16-oec-va.ibyteimg.com/tos-maliva-i-o3syd03w52-us/18b7bd94ed7e4d2a8368d65f6cddcaf4~tplv-o3syd03w52-resize-jpeg:1000:1000.image?,2026/3/28,,,424,36,In Affiliate,https://shop.tiktok.com/view/product/1732309809378857562?region=US&locale=en,20.28,"Royal blue,Pink,Hot pink,Yellow,White,Black,Fawn brown,Light wash,Apricot,Burgundy","M,S,L,XL",Spring&Fall,是
高潜,US,1732266984917668609,S260210011501,Keechic,标码女装,女士下装,3.9,https://p16-oec-ttp.tiktokcdn-us.com/tos-useast5-i-omjb5zjo8w-tx/ef02d71b469e4704a38d03d9aeb8bde6~tplv-omjb5zjo8w-resize-jpeg:1000:1000.image?,2026/4/9,,,92,37,In Affiliate,https://shop.tiktok.com/view/product/1732266984917668609?region=US&locale=en,14.17,"Army green,Gray,Black","M,S,XL,L",Spring&Fall,否
高潜,US,1732483595959701694,S260708035614,Wake Seasons,标码女装,女士下装,4.2,https://p16-oec-va.ibyteimg.com/tos-maliva-i-o3syd03w52-us/0851c15ec2014a7db3fb80b1ac19947e~tplv-o3syd03w52-resize-jpeg:1000:1000.image?,2026/7/10,,,59,39,In Affiliate,https://shop.tiktok.com/view/product/1732483595959701694?region=US&locale=en,11.87,"Multicolor5,Multicolor3,Multicolor12,2280 Black & White Checkered","M,S,XL,L",Summer,是
高潜,US,1732474022963614632,S260704009358,Chic Weaves,标码女装,女士针织衫,4.8,https://p16-oec-va.ibyteimg.com/tos-maliva-i-o3syd03w52-us/e6c6d78b62584089abe92c6aeeef757b~tplv-o3syd03w52-resize-jpeg:1000:1000.image?,2026/7/7,,,20,40,In Affiliate,https://shop.tiktok.com/view/product/1732474022963614632?region=US&locale=en,17.33,Multi-color,"M,S,L,XL,XXL",Spring&Fall,是
高潜,US,1729498439936021227,S240605002557,Bettlity,标码女装,女士针织衫,4.7,https://p16-oec-va.ibyteimg.com/tos-maliva-i-o3syd03w52-us/3778f434ca644f23bff3896a15df3124~tplv-o3syd03w52-resize-jpeg:1000:1000.image?,2024/6/17,,,437,41,In Affiliate,https://shop.tiktok.com/view/product/1729498439936021227?region=US&locale=en,22.07,"Black,Off white","M,S*1 pc+M*1 pc,XL*1 pc+XXL*1 pc,M*1 pc+L*1 pc,M*1 pc+XL*1 pc,L*1 pc+XL*1 pc,S,L,XL,XXL",Spring&Fall,是
高潜,US,1732457133896340044,S260624017712,Modish Sweaters,标码女装,女士针织衫,3.9,https://p16-oec-va.ibyteimg.com/tos-maliva-i-o3syd03w52-us/36ac70068d564bec80031c894cda015e~tplv-o3syd03w52-resize-jpeg:1000:1000.image?,2026/6/27,,,169,45,In Affiliate,https://shop.tiktok.com/view/product/1732457133896340044?region=US&locale=en,7.99,"Purple,Turquoise,Light blue,Gray,White,Black","M,S,XL,L",Summer,否
高潜,US,1732371429491511383,S260427016315,Novelife,标码女装,女士下装,4.7,https://p16-oec-va.ibyteimg.com/tos-alisg-i-aphluv4xwc-sg/56defd34dbc049488dac9d67e9d78c88~tplv-o3syd03w52-resize-jpeg:1000:1000.image?,2026/5/10,,,475,46,In Affiliate,https://shop.tiktok.com/view/product/1732371429491511383?region=US&locale=en,19.17,"Silver,Black,Golden","M,S,L,XL,XXL",Spring&Fall,否
高潜,US,1731333847149809989,S250613008382,YouAnnn,标码女装,女士针织衫,4.1,https://p16-oec-va.ibyteimg.com/tos-maliva-i-o3syd03w52-us/b6a3539c890d4eada48226e7e79627df~tplv-o3syd03w52-resize-jpeg:1000:1000.image?,2025/6/20,,,568,47,In Affiliate,https://shop.tiktok.com/view/product/1731333847149809989?region=US&locale=en,15.54,"Pink,Red,Light blue,Gray,Yellow,Black,Off white,Pale green","M,S,L,XL,XXL",Spring&Fall,否
高潜,US,1729476083041867688,S260127007651,Chic Weaves,标码女装,女士针织衫,4.8,https://p16-oec-va.ibyteimg.com/tos-maliva-i-o3syd03w52-us/1086432d74a94ebc874c21fbcdcc6542~tplv-o3syd03w52-resize-jpeg:1000:1000.image?,2026/1/30,,,564,48,In Affiliate,https://shop.tiktok.com/view/product/1729476083041867688?region=US&locale=en,22.87,"Green,Coffee brown,Pink,Royal blue,Lemon yellow,Yellow,Black,Blue","M,S,L,XL,XXL",Spring&Fall,是
高潜,US,1729729775018676301,S241009011205,YarnPop,标码女装,女士针织衫,4.2,https://p16-oec-va.ibyteimg.com/tos-maliva-i-o3syd03w52-us/7636fb2ae6ef486d9105054c44046777~tplv-o3syd03w52-resize-jpeg:1000:1000.image?,2024/10/21,,,60,49,In Affiliate,https://shop.tiktok.com/view/product/1729729775018676301?region=US&locale=en,19.48,"Multicolor2,Multicolor3,Multicolor1","M,S,L,XL",Spring&Fall,是
高潜,US,1732320906720285274,S260406038831,Orgnvin,标码女装,女士针织衫,4.7,https://p16-oec-va.ibyteimg.com/tos-maliva-i-o3syd03w52-us/e1f33fb180db4c45b515e49baa926d1a~tplv-o3syd03w52-resize-jpeg:1000:1000.image?,2026/4/6,,,1652,50,In Affiliate,https://shop.tiktok.com/view/product/1732320906720285274?region=US&locale=en,19.02,"Green,Royal blue,Pink,Khaki,Yellow,White,Black,Fawn brown,Apricot,Mauve purple,Burgundy","M,S,XL,L",Summer,是
高潜,US,1729479526090248269,S240427002474,YarnPop,标码女装,女士针织衫,4.2,https://p16-oec-ttp.tiktokcdn-us.com/tos-useast5-i-omjb5zjo8w-tx/4cf5f6dc8a2b4c859c929b9e2b050390~tplv-omjb5zjo8w-resize-jpeg:1000:1000.image?,2024/5/14,,,303,51,In Affiliate,https://shop.tiktok.com/view/product/1729479526090248269?region=US&locale=en,12.32,"Pink,Navy blue,Black,Dark green,Apricot","M,S,XL,L",Summer,是
高潜,US,1730740725148455143,S250219012970,NovaMode.,标码女装,女士下装,4.4,https://p16-oec-ttp.tiktokcdn-us.com/tos-useast5-i-omjb5zjo8w-tx/aa7b6275c6e74e9aa9b6c0f39604837e~tplv-omjb5zjo8w-resize-jpeg:1000:1000.image?,2025/2/23,,,1049,52,In Affiliate,https://shop.tiktok.com/view/product/1730740725148455143?region=US&locale=en,12.14,"Light Blue,Baby pink,Khaki,Multicolor,Black,Apricot,Multicolor1,Brown","M,S,L,XL,XS",Summer,是
高潜,US,1731215238334812858,S250506010567,MIXIFashion,标码女装,女士下装,4.2,https://p16-oec-va.ibyteimg.com/tos-maliva-i-o3syd03w52-us/4a3bb5ca11f644eea9d93c0e72ae1113~tplv-o3syd03w52-resize-jpeg:1000:1000.image?,2025/5/25,,,1630,54,In Affiliate,https://shop.tiktok.com/view/product/1731215238334812858?region=US&locale=en,10.56,"Blue,Khaki gray,Multicolor,Green","M,S,XL,L,XXL",Summer,是
高潜,US,1732517919403250600,S260727022544,Chic Weaves,标码女装,女士针织衫,4.8,https://p16-oec-va.ibyteimg.com/tos-maliva-i-o3syd03w52-us/707d2376b06c4c8399c211320be786ff~tplv-o3syd03w52-resize-jpeg:1000:1000.image?,2026/7/28,,,239,55,In Affiliate,https://shop.tiktok.com/view/product/1732517919403250600?region=US&locale=en,19.54,"Apricot - Multicolor 5,Denim blue - multicolor 8,Grass green - multicolor 9,Multicolor3,Orange - Multicolor 1,Purple - Multicolor 6,White - Multicolor 2,Pink - Multicolor 4,Cranberry Red - Multicolor 10,Lake Blue - Multicolor 7","M,S,XL,L,XXL",Spring&Fall,是
高潜,US,1731412937584447684,S250702015988,FACIO Direct,标码女装,女士针织衫,4.2,https://p16-oec-va.ibyteimg.com/tos-alisg-i-aphluv4xwc-sg/bceba5ec845547efb825c477db1b5ea7~tplv-o3syd03w52-resize-jpeg:1000:1000.image?,2025/7/6,,,483,56,In Affiliate,https://shop.tiktok.com/view/product/1731412937584447684?region=US&locale=en,27.79,"Burgundy,Jet black,Baby pink,Navy blue,Army green,Deep pink,Black,Dark gray,Apricot,Champagne,Green,Medium wash,Yellow,Sky blue,Brown","M,S,XS,L",Spring&Fall,是
高潜,US,1729809563896877803,S241023008626,Bettlity,标码女装,女士针织衫,4.7,https://p16-oec-ttp.tiktokcdn-us.com/tos-useast5-i-omjb5zjo8w-tx/c97721aeffff494690121ac2ce21b0e7~tplv-omjb5zjo8w-resize-jpeg:1000:1000.image?,2024/11/3,,,948,57,In Affiliate,https://shop.tiktok.com/view/product/1729809563896877803?region=US&locale=en,27.13,"Pink,Black,Off white,Olive brown,Beige,pebble lime","M,S,XL,L,XXL",Spring&Fall,是
高潜,US,1730927580443415054,S250312012262,YunShine,标码女装,女士针织衫,4.5,https://p16-oec-va.ibyteimg.com/tos-maliva-i-o3syd03w52-us/f9360335b48849d9839e0cde305b378e~tplv-o3syd03w52-resize-jpeg:1000:1000.image?,2025/3/25,,,1151,58,In Affiliate,https://shop.tiktok.com/view/product/1730927580443415054?region=US&locale=en,13.36,"Multicolor5,Khaki,Multicolor2,Army green,Multicolor3,Black,Fawn brown,Beige,Light wash,Multicolor1,Dark wash,Multicolor4","M,S,L,XL",Summer,否
高潜,US,1730873350194565932,S250304015534,Simple Ladies,标码女装,女士下装,4.5,https://p16-oec-ttp.tiktokcdn-us.com/tos-useast5-i-omjb5zjo8w-tx/32df5379feb547c29ea5f30f7717f1f9~tplv-omjb5zjo8w-resize-jpeg:1000:1000.image?,2025/3/15,,,198,59,In Affiliate,https://shop.tiktok.com/view/product/1730873350194565932?region=US&locale=en,8.73,"Multicolor,Dark blue","M,S,L,XL",Summer,否
高潜,US,1732136063067787849,S251211138907,Posh Couture,标码女装,女士下装,4.8,https://p16-oec-ttp.tiktokcdn-us.com/tos-useast5-i-omjb5zjo8w-tx/59fbd26c611c4ff5a1933702c283f880~tplv-omjb5zjo8w-resize-jpeg:1000:1000.image?,2025/12/21,,,386,60,In Affiliate,https://shop.tiktok.com/view/product/1732136063067787849?region=US&locale=en,20.27,"Pink Butterfly,Blue Butterfly,Purple Butterfly,Black,Apricot butterfly,Green","M,S,XS,XL,L",Summer,否
高潜,US,1732475794574839998,S260702020223,Wake Seasons,标码女装,女士下装,4.2,https://p16-oec-va.ibyteimg.com/tos-maliva-i-o3syd03w52-us/3db92649ef49443598a8bf6d6ceb65b6~tplv-o3syd03w52-resize-jpeg:1000:1000.image?,2026/7/6,,,43,61,In Affiliate,https://shop.tiktok.com/view/product/1732475794574839998?region=US&locale=en,24.64,"Colorful 19,Multicolor5,Multicolor7,Multicolor3,Multicolor6,Multicolor1,Multicolor4,Multicolor8","M,S,L,XL",Summer,是
高潜,US,1732463217113403717,S260628011490,YouAnnn,标码女装,女士针织衫,4.1,https://p16-oec-va.ibyteimg.com/tos-maliva-i-o3syd03w52-us/a7626af916714daa975cef8947a55b48~tplv-o3syd03w52-resize-jpeg:1000:1000.image?,2026/7/4,,,319,62,In Affiliate,https://shop.tiktok.com/view/product/1732463217113403717?region=US&locale=en,13.81,"Navy blue,White,Brown","M,S,XL,L,XXL",Spring&Fall,否
高潜,US,1729404028695646285,S230918007197,YarnPop,标码女装,女士针织衫,4.2,https://p16-oec-ttp.tiktokcdn-us.com/tos-useast5-i-omjb5zjo8w-tx/03b89e81421b462ba7bdbb74fa828c5c~tplv-omjb5zjo8w-resize-jpeg:1000:1000.image?,2023/9/30,,,342,63,In Affiliate,https://shop.tiktok.com/view/product/1729404028695646285?region=US&locale=en,22.9,"Dusty Blue,Brown,Brown*1 pc+Yellow*1 pc,Navy blue,Navy Blue*1 pc+Brown*1 pc,Black,Off white,Champagne,Gray*1 pc+White*1 pc,Apricot*1 pc+Emerald Green*1 pc,Turquoise green,Grey,Purple,Black*1 pc+Red*1 pc,Deep red,Yellow,Dark Brown*1 pc+Navy Blue*1 pc,Brown*1 pc+Red*1 pc,Dark brown,Beige,Burgundy","M,S,XL,L",Spring&Fall,是
高潜,US,1732047678608216397,S251110045243,Follome,标码女装,女士下装,4.4,https://p16-oec-ttp.tiktokcdn-us.com/tos-useast5-i-omjb5zjo8w-tx/6cb5b2cd47cf4286bc40d440ccc2cdf4~tplv-omjb5zjo8w-resize-jpeg:1000:1000.image?,2025/11/18,,,758,64,In Affiliate,https://shop.tiktok.com/view/product/1732047678608216397?region=US&locale=en,14.87,"Army green,Gray,Black,Fawn brown,Apricot","M,S,L,XL,XXL",Spring&Fall,否
高潜,US,1732305872080769557,S260325075712,Chic Materialist,标码女装,女士下装,4.6,https://p16-oec-ttp.tiktokcdn-us.com/tos-useast5-i-omjb5zjo8w-tx/1390a29b552b4b789ce063de5371bae4~tplv-omjb5zjo8w-resize-jpeg:1000:1000.image?,2026/3/25,,,1993,65,In Affiliate,https://shop.tiktok.com/view/product/1732305872080769557?region=US&locale=en,18.42,"Dusty Blue,Khaki gray,Black,Pastel blue,Mauve purple,Rust red","M,S,L,XL",Spring&Fall,是
高潜,US,1730330040679895812,S241204010240,SML Sweaters,标码女装,女士针织衫,4.1,https://p16-oec-ttp.tiktokcdn-us.com/tos-useast5-i-omjb5zjo8w-tx/a1a5fc506a134ce4ab7921117c2b0609~tplv-omjb5zjo8w-resize-jpeg:1000:1000.image?,2024/12/22,,,523,66,In Affiliate,https://shop.tiktok.com/view/product/1730330040679895812?region=US&locale=en,13.39,"Grey,Pink,Khaki,Black,Off white","M,S,L,XL",Spring&Fall,否
高潜,US,1729668914954998609,S240919003427,Shiny Girl VIP,标码女装,女士下装,4.7,https://p16-oec-ttp.tiktokcdn-us.com/tos-useast5-i-omjb5zjo8w-tx/09eeb51307d949bab5e4aff5bae34490~tplv-omjb5zjo8w-resize-jpeg:1000:1000.image?,2024/9/27,,,386,67,In Affiliate,https://shop.tiktok.com/view/product/1729668914954998609?region=US&locale=en,8.44,"Dark Gray,Navy blue,Army green,Stone gray,Mocha brown,Black,Off white,Royal Blue,Dark green,Reddish Purple,Copper brown,Apricot,Multicolor1,Grey,Purple,Pink,Multicolor2,Deep red,Pale blue,Brown","M,S,XL,L,XS",All Seasons,#N/A
高潜,US,1732506764095099345,S260722039435,Bargain Stylish,标码女装,女士针织衫,4.8,https://p16-oec-va.ibyteimg.com/tos-maliva-i-o3syd03w52-us/bff225645a544ebd8c0ab683b90dadca~tplv-o3syd03w52-resize-jpeg:1000:1000.image?,2026/7/22,,,14,68,In Affiliate,https://shop.tiktok.com/view/product/1732506764095099345?region=US&locale=en,33.47,"Brown,Royal blue,Cream,Red,Orange,Lilac,Khaki gray,Gray,Black,Green,Purple,Pink,Sky blue,Burgundy","M,S,L,XS,XL",Spring&Fall,是
高潜,US,1731178573065458190,S250421015049,YunShine,标码女装,女士针织衫,4.5,https://p16-oec-ttp.tiktokcdn-us.com/tos-useast5-i-omjb5zjo8w-tx/826c7e05a85e45a9bb578f4e12cb1d4f~tplv-omjb5zjo8w-resize-jpeg:1000:1000.image?,2025/5/16,,,373,69,In Affiliate,https://shop.tiktok.com/view/product/1731178573065458190?region=US&locale=en,13.39,"Coffee brown,Grey,Khaki,Navy blue,Black,Apricot","M,S,L,XL",Summer,否
高潜,US,1729664230279188992,S240916004122,Y Z S,标码女装,女士下装,4.6,https://p16-oec-ttp.tiktokcdn-us.com/tos-useast5-i-omjb5zjo8w-tx/3522dbdcc87046db9e1433ceb154b661~tplv-omjb5zjo8w-resize-jpeg:1000:1000.image?,2024/9/25,,,160,70,In Affiliate,https://shop.tiktok.com/view/product/1729664230279188992?region=US&locale=en,10.48,"Khaki,Black,Green","M,S,XL,L",Summer,否
高潜,US,1732480477943993092,S260708023088,SML Sweaters,标码女装,女士针织衫,4.1,https://p16-oec-va.ibyteimg.com/tos-maliva-i-o3syd03w52-us/1464547d94e24690a5ef476421f4de4c~tplv-o3syd03w52-resize-jpeg:1000:1000.image?,2026/7/13,,,314,72,In Affiliate,https://shop.tiktok.com/view/product/1732480477943993092?region=US&locale=en,17.6,"Pink,Khaki,Cream,Black,Green","M,S,XL,L,XS",Spring&Fall,否
高潜,US,1731436465200337681,S250625017052,Vicicoo,标码女装,女士下装,4.3,https://p16-oec-ttp.tiktokcdn-us.com/tos-useast5-i-omjb5zjo8w-tx/49cad761902f4ac091dab8d566afbc54~tplv-omjb5zjo8w-resize-jpeg:1000:1000.image?,2025/7/10,,,197,73,In Affiliate,https://shop.tiktok.com/view/product/1731436465200337681?region=US&locale=en,11.25,"Green,Apricot,Blue","M,S,L,XS,XL",Spring&Fall,否
高潜,US,1732277511571084243,S260226034444,sky costume,标码女装,女士下装,4.5,https://p16-oec-ttp.tiktokcdn-us.com/tos-useast5-i-omjb5zjo8w-tx/a6aede7c33c948a685ab5368cb971c59~tplv-omjb5zjo8w-resize-jpeg:1000:1000.image?,2026/2/26,,,1264,74,In Affiliate,https://shop.tiktok.com/view/product/1732277511571084243?region=US&locale=en,12.14,"Lime Green,Purple,Hot pink,Red,Yellow,Black,Bright orange,Blue","M,XXXL,S,L,XL,XXL",Summer,是
高潜,US,1732156652862214993,S251218193789,Shiny Girl VIP,标码女装,女士下装,4.7,https://p16-oec-va.ibyteimg.com/tos-maliva-i-o3syd03w52-us/0e5510d2724f4a6fb78e432ee3d5acbe~tplv-o3syd03w52-resize-jpeg:1000:1000.image?,2025/12/21,,,78,75,In Affiliate,https://shop.tiktok.com/view/product/1732156652862214993?region=US&locale=en,14.25,Pink,"M,S,L,XS",Summer,#N/A
高潜,US,1732381496284582506,S260430018643,Chic Savvy Codes,标码女装,女士针织衫,3.6,https://p16-oec-ttp.tiktokcdn-us.com/tos-useast5-i-omjb5zjo8w-tx/113eebbd22ff4d26949f06fcf37efce7~tplv-omjb5zjo8w-resize-jpeg:1000:1000.image?,2026/5/22,,,79,76,In Affiliate,https://shop.tiktok.com/view/product/1732381496284582506?region=US&locale=en,11.87,"Red,White,Green","M,S,L,XL,XXL",Summer,否
高潜,US,1732333901095997894,S260410023453,TY Trove,标码女装,女士下装,4.2,https://p16-oec-ttp.tiktokcdn-us.com/tos-useast5-i-omjb5zjo8w-tx/3b79522cb5524301a9ac06920ef80928~tplv-omjb5zjo8w-resize-jpeg:1000:1000.image?,2026/4/15,,,81,77,In Affiliate,https://shop.tiktok.com/view/product/1732333901095997894?region=US&locale=en,12.44,"Red,Gray,White","M,S,XL,L",Spring&Fall,否
高潜,US,1731359532116119718,S250610017201,Agivvia,标码女装,女士针织衫,3.8,https://p16-oec-va.ibyteimg.com/tos-alisg-i-aphluv4xwc-sg/16b8080b6a974eabac75b6ba1e41f6b7~tplv-o3syd03w52-resize-jpeg:1000:1000.image?,2025/6/25,,,531,78,In Affiliate,https://shop.tiktok.com/view/product/1731359532116119718?region=US&locale=en,29.17,"Royal blue,Khaki,Army green,Gray,White,Black,Brown","M,S,L,XL",Spring&Fall,否
高潜,US,1730400707823243810,S241220009569,Meiduo Joy,标码女装,女士针织衫,4.1,https://p16-oec-va.ibyteimg.com/tos-maliva-i-o3syd03w52-us/91022997d94e4d43b2f33116548bc2eb~tplv-o3syd03w52-resize-jpeg:1000:1000.image?,2025/1/1,,,1720,79,In Affiliate,https://shop.tiktok.com/view/product/1730400707823243810?region=US&locale=en,13.62,"Light Blue,Light Green,Mint green,Pink,Khaki,Orange,Yellow,Black,Sky blue,Off white,Salmon pink,Green","M,S,XL,L,XXL",Spring&Fall,否
高潜,US,1730743606099546437,S250218002732,YouAnnn,标码女装,女士针织衫,4.1,https://p16-oec-ttp.tiktokcdn-us.com/tos-useast5-i-omjb5zjo8w-tx/8d8faec5192b4bb7b493496d682f113b~tplv-omjb5zjo8w-resize-jpeg:1000:1000.image?,2025/2/24,,,1336,80,In Affiliate,https://shop.tiktok.com/view/product/1730743606099546437?region=US&locale=en,12.05,"Light Gray,Royal blue,Black and white,Black,Off white,Royal Blue,Green,Brown and white,Blue,Grey,Lime Green,Pink,Hot pink,Yellow,Bright orange,pebble lime,Mauve purple,Burgundy","M,S,L,XL,XXL",Summer,否
高潜,US,1732418773898531006,S260529030135,Wake Seasons,标码女装,女士下装,4.2,https://p16-oec-ttp.tiktokcdn-us.com/tos-useast5-i-omjb5zjo8w-tx/f0c942bde8604c6ab7a70484cc412073~tplv-omjb5zjo8w-resize-jpeg:1000:1000.image?,2026/5/29,,,33,81,Not in Affiliate,https://shop.tiktok.com/view/product/1732418773898531006?region=US&locale=en,10.06,"Multicolor5,Multicolor2,Multicolor7,Multicolor6,Multicolor3,Multicolor,Multicolor1,Multicolor4","M,S,XL,L",Summer,是
高潜,US,1729483461927080099,S240505002520,Yz Sweaters,标码女装,女士针织衫,4.2,https://p16-oec-va.ibyteimg.com/tos-maliva-i-o3syd03w52-us/2541b75aa3ff4af489dedea00dee6d4b~tplv-o3syd03w52-resize-jpeg:1000:1000.image?,2024/5/21,,,891,83,In Affiliate,https://shop.tiktok.com/view/product/1729483461927080099?region=US&locale=en,13.49,"Baby pink,Khaki,Black and white,Multicolor,Orange and white,Multicolor4","M,S,L,XL",Spring&Fall,否
高潜,US,1732453804955177191,S260622022740,NovaMode.,标码女装,女士下装,4.4,https://p16-oec-va.ibyteimg.com/tos-alisg-i-aphluv4xwc-sg/70864a9aa1944fc1bd7f403219b116ca~tplv-o3syd03w52-resize-jpeg:1000:1000.image?,2026/6/24,,,292,84,In Affiliate,https://shop.tiktok.com/view/product/1732453804955177191?region=US&locale=en,21.44,"Army green,White,Black","M,S,XS,L,XL",Spring&Fall,是
高潜,US,1732358337977881194,S260422009321,Chic Savvy Codes,标码女装,女士针织衫,3.6,https://p16-oec-ttp.tiktokcdn-us.com/tos-useast5-i-omjb5zjo8w-tx/b3280b3a08564600bfbf93698d95d763~tplv-omjb5zjo8w-resize-jpeg:1000:1000.image?,2026/4/30,,,638,86,In Affiliate,https://shop.tiktok.com/view/product/1732358337977881194?region=US&locale=en,16.7,"Purple,Curry,Khaki,White,Black,Green","M,S,XL,L,XXL",Summer,否
高潜,US,1731115161050517535,S250315014390,Slick Trends,标码女装,女士下装,4.9,https://p16-oec-ttp.tiktokcdn-us.com/tos-useast5-i-omjb5zjo8w-tx/53452845064e49f7bf4f37f5473c7d9b~tplv-omjb5zjo8w-resize-jpeg:1000:1000.image?,2025/5/3,,,442,91,In Affiliate,https://shop.tiktok.com/view/product/1731115161050517535?region=US&locale=en,6.9,"Navy blue,Black","M,S,XL,L",Summer,是
高潜,US,1732405591620948553,S260520007534,Posh Couture,标码女装,女士下装,4.8,https://p16-oec-ttp.tiktokcdn-us.com/tos-useast5-i-omjb5zjo8w-tx/f67d4bb5dac14b13bbaade1467ca53b9~tplv-omjb5zjo8w-resize-jpeg:1000:1000.image?,2026/5/23,,,76,92,In Affiliate,https://shop.tiktok.com/view/product/1732405591620948553?region=US&locale=en,12.4,Pattern,"M,S,XS,L,XL",Summer,否
高潜,US,1732407525403956136,S260521019577,Chic Weaves,标码女装,女士针织衫,4.8,https://p16-oec-va.ibyteimg.com/tos-maliva-i-o3syd03w52-us/6d8d7b0d3a014552b93296428d8162a3~tplv-o3syd03w52-resize-jpeg:1000:1000.image?,2026/5/25,,,231,93,In Affiliate,https://shop.tiktok.com/view/product/1732407525403956136?region=US&locale=en,20.15,"Medium wash,Khaki,Apricot","M,S,L,XL,XXL",Spring&Fall,是
高潜,US,1732444297886994765,S260610012797,Follome,标码女装,女士下装,4.4,https://p16-oec-va.ibyteimg.com/tos-maliva-i-o3syd03w52-us/cf24c5eb306c4027b7325fbf70aebd4f~tplv-o3syd03w52-resize-jpeg:1000:1000.image?,2026/7/2,,,291,94,In Affiliate,https://shop.tiktok.com/view/product/1732444297886994765?region=US&locale=en,13,"Red,Black,Brown","M,S,L,XL",Spring&Fall,否
高潜,US,1731189648099611486,S250507011364,Mayins,标码女装,女士下装,4.8,https://p16-oec-ttp.tiktokcdn-us.com/tos-useast5-i-omjb5zjo8w-tx/70041684e4f44795af0ef6f68408a395~tplv-omjb5zjo8w-resize-jpeg:1000:1000.image?,2025/5/19,,,1648,95,In Affiliate,https://shop.tiktok.com/view/product/1731189648099611486?region=US&locale=en,14.09,"Jet black,Multicolor5,Multicolor2,Multicolor3,Multicolor1,Multicolor4,Blue","M,S,L,XL,XXL",Summer,否
高潜,US,1732454059353870665,S260622034165,Chic Smartwear,标码女装,女士针织衫,3.6,https://p16-oec-va.ibyteimg.com/tos-maliva-i-o3syd03w52-us/ad441facdab541069701a4f9fb875f1b~tplv-o3syd03w52-resize-jpeg:1000:1000.image?,2026/6/24,,,145,96,In Affiliate,https://shop.tiktok.com/view/product/1732454059353870665?region=US&locale=en,13.9,"Red,Yellow,White,Chartreuse,Apricot,Burgundy","M,S,L,XL,XXL",Summer,否
高潜,US,1730995115107586816,S250318015748,FashionNove,标码女装,女士下装,4.3,https://p16-oec-ttp.tiktokcdn-us.com/tos-useast5-i-omjb5zjo8w-tx/9690dbfa760749f6860cc74777e8ccf9~tplv-omjb5zjo8w-resize-jpeg:1000:1000.image?,2025/4/7,,,615,97,In Affiliate,https://shop.tiktok.com/view/product/1730995115107586816?region=US&locale=en,16.16,"Gray-green,Multicolor,Grayish white,Bright orange","M,S,L,XL,XXL",Summer,是
高潜,US,1730916195740258364,S250311021136,Chic Chic Sweater,标码女装,女士针织衫,4.8,https://p16-oec-ttp.tiktokcdn-us.com/tos-useast5-i-omjb5zjo8w-tx/30e78360310a45759d8083a679410057~tplv-omjb5zjo8w-resize-jpeg:1000:1000.image?,2025/3/23,,,1883,98,In Affiliate,https://shop.tiktok.com/view/product/1730916195740258364?region=US&locale=en,12.86,"Burgundy,Baby pink,Light Gray,Camel,Lavender,Red,Olive green,Navy blue,Rust orange,Black,Off white,Dark green,Pastel blue,Blue,Grey,Purple,Mint green,Emerald green,Lemon yellow,Yellow,Mauve purple,Brown","M,S,L,XL,XXL",Summer,否
高潜,US,1730939787549249699,S250317018578,Yz Sweaters,标码女装,女士针织衫,4.2,https://p16-oec-va.ibyteimg.com/tos-maliva-i-o3syd03w52-us/cc0b324b11ad4993b568075b5abc7ff2~tplv-o3syd03w52-resize-jpeg:1000:1000.image?,2025/3/27,,,2793,99,In Affiliate,https://shop.tiktok.com/view/product/1730939787549249699?region=US&locale=en,11.61,"Light Blue,Grey,Royal blue,Pink,Yellow,Black,Off white,Beige,Maroon","M,S,L,XL",Spring&Fall,否
高潜,US,1729505434471274353,S260310105650,Nova Fashion,标码女装,女士下装,4,https://p16-oec-va.ibyteimg.com/tos-maliva-i-o3syd03w52-us/4b40d6587a5a4799aab0b08c7df734f5~tplv-o3syd03w52-resize-jpeg:1000:1000.image?,2026/3/11,,,1018,100,In Affiliate,https://shop.tiktok.com/view/product/1729505434471274353?region=US&locale=en,23.42,"Black,Dark brown,Apricot","M,S,L,XS,XL",Spring&Fall,否
高潜,US,1732302465847301032,S260323053133,Chic Weaves,标码女装,女士针织衫,4.8,https://p16-oec-va.ibyteimg.com/tos-maliva-i-o3syd03w52-us/3186fef27a304067b6c49d8bf3b86dc1~tplv-o3syd03w52-resize-jpeg:1000:1000.image?,2026/3/28,,,308,101,In Affiliate,https://shop.tiktok.com/view/product/1732302465847301032?region=US&locale=en,13.12,"Pink,Gray,Black,Chartreuse,Apricot","M,S,L,XL,XXL",Summer,是
高潜,US,1731500565687799990,S250630002371,AloiiaOnline,标码女装,女士下装,4.2,https://p16-oec-ttp.tiktokcdn-us.com/tos-useast5-i-omjb5zjo8w-tx/6fb4c874e1914176ab5199b025bc0b84~tplv-omjb5zjo8w-resize-jpeg:1000:1000.image?,2025/7/23,,,1182,102,In Affiliate,https://shop.tiktok.com/view/product/1731500565687799990?region=US&locale=en,19.67,"Brown,Hot pink,Red,Blue","M,S,L,XS,XXL,XL",Spring&Fall,否
高潜,US,1732322570064859922,S260407053169,Youman Clothing,标码女装,女士下装,4.9,https://p16-oec-ttp.tiktokcdn-us.com/tos-useast5-i-omjb5zjo8w-tx/ab4ed2e533984b7d8e468360b563c179~tplv-omjb5zjo8w-resize-jpeg:1000:1000.image?,2026/4/7,,,341,103,In Affiliate,https://shop.tiktok.com/view/product/1732322570064859922?region=US&locale=en,8.77,"Black + Leopard Print,Black,Black & Pink,Black + Polka Dots","M,S,XS,L",Spring&Fall,否
高潜,US,1732309866127790929,S260328029257,Chic Price Cloaks,标码女装,女士针织衫,4.6,https://p16-oec-ttp.tiktokcdn-us.com/tos-useast5-i-omjb5zjo8w-tx/812e1a1c1d944a16b0adc0ad6ab9b56f~tplv-omjb5zjo8w-resize-jpeg:1000:1000.image?,2026/3/28,,,128,104,In Affiliate,https://shop.tiktok.com/view/product/1732309866127790929?region=US&locale=en,17.74,Khaki,"M,S,XL,L,XXL",Spring&Fall,是
高潜,US,1732296053295452247,S260318034605,Novelife,标码女装,女士下装,4.7,https://p16-oec-ttp.tiktokcdn-us.com/tos-useast5-i-omjb5zjo8w-tx/ecee4e4f1dff494f816fe34e0586d3d1~tplv-omjb5zjo8w-resize-jpeg:1000:1000.image?,2026/4/2,,,731,105,In Affiliate,https://shop.tiktok.com/view/product/1732296053295452247?region=US&locale=en,8.73,"Medium wash,Hot pink,Multi-color","M,S,L,XL",Summer,否
高潜,US,1732069008264695998,S251119032923,Wake Seasons,标码女装,女士下装,4.2,https://p16-oec-ttp.tiktokcdn-us.com/tos-useast5-i-omjb5zjo8w-tx/d8d7c7798a224955991fb5d116a56702~tplv-omjb5zjo8w-resize-jpeg:1000:1000.image?,2025/11/19,,,54,107,In Affiliate,https://shop.tiktok.com/view/product/1732069008264695998?region=US&locale=en,13.4,White,"M,S,L,XL",Summer,是
高潜,US,1731833565225652809,S250827026561,Posh Couture,标码女装,女士下装,4.8,https://p16-oec-ttp.tiktokcdn-us.com/tos-useast5-i-omjb5zjo8w-tx/74130e0c3ce547ffb95eb2de82eef8d4~tplv-omjb5zjo8w-resize-jpeg:1000:1000.image?,2025/9/26,,,116,108,In Affiliate,https://shop.tiktok.com/view/product/1731833565225652809?region=US&locale=en,12.8,"White,Black","M,S,L,XS",Summer,否
高潜,US,1731579426567852791,S250731019564,FlaireX,标码女装,女士下装,3.9,https://p16-oec-ttp.tiktokcdn-us.com/tos-useast5-i-omjb5zjo8w-tx/61b33254881f4257a8ac8b8ac8b1c632~tplv-omjb5zjo8w-resize-jpeg:1000:1000.image?,2025/8/7,,,1221,109,In Affiliate,https://shop.tiktok.com/view/product/1731579426567852791?region=US&locale=en,9.76,"Khaki,Black,Pale green","M,S,L,XL",Summer,是
高潜,US,1732380985366319298,S260430006541,KediChic,标码女装,女士下装,4.3,https://p16-oec-va.ibyteimg.com/tos-maliva-i-o3syd03w52-us/0479b509eeb34ac483237303bdf5bc1f~tplv-o3syd03w52-resize-jpeg:1000:1000.image?,2026/5/9,,,659,110,In Affiliate,https://shop.tiktok.com/view/product/1732380985366319298?region=US&locale=en,18.75,"Green,Navy blue,Black,Reddish brown,Brown","M,S,L,XL",All Seasons,否
高潜,US,1732286568529367322,S260310012875,LILYTREE,标码女装,女士针织衫,4.3,https://p16-oec-ttp.tiktokcdn-us.com/tos-useast5-i-omjb5zjo8w-tx/79cd85af7d8e4aae820fbe2340f0b355~tplv-omjb5zjo8w-resize-jpeg:1000:1000.image?,2026/3/14,,,204,111,In Affiliate,https://shop.tiktok.com/view/product/1732286568529367322?region=US&locale=en,10.25,"White,Black,Apricot","M,S,L,XL",Summer,否
高潜,US,1732098037332218189,S251128041135,Follome,标码女装,女士下装,4.4,https://p16-oec-ttp.tiktokcdn-us.com/tos-useast5-i-omjb5zjo8w-tx/fa330d47561345db9df98008ca8ac831~tplv-omjb5zjo8w-resize-jpeg:1000:1000.image?,2025/12/4,,,340,112,In Affiliate,https://shop.tiktok.com/view/product/1732098037332218189?region=US&locale=en,14.25,"Green,Blue,Gray,Black,Apricot,Reddish Purple,Brown","M,S,L,XL,XXL",Spring&Fall,否
高潜,US,1729423996698988621,S231204002250,YarnPop,标码女装,女士针织衫,4.2,https://p16-oec-va.ibyteimg.com/tos-alisg-i-aphluv4xwc-sg/a2b6d99e3734409ca97c17794695da47~tplv-o3syd03w52-resize-jpeg:1000:1000.image?,2023/12/18,,,58,113,In Affiliate,https://shop.tiktok.com/view/product/1729423996698988621?region=US&locale=en,13.3,"Coffee brown,Grey,Hot pink,Black,Off white,Brown","M,S,XL,L",Spring&Fall,是
高潜,US,1729916431652393308,S241029007434,Zhichn Clthing,标码女装,女士针织衫,4.9,https://p16-oec-ttp.tiktokcdn-us.com/tos-useast5-i-omjb5zjo8w-tx/23b2182e2d44442785a18751337ffeaf~tplv-omjb5zjo8w-resize-jpeg:1000:1000.image?,2024/11/11,,,314,114,In Affiliate,https://shop.tiktok.com/view/product/1729916431652393308?region=US&locale=en,19.06,"Multicolor5,Multicolor2,Multicolor6,Multicolor3,Multicolor1,Multicolor4","M,S,L",Summer,否
高潜,US,1729524415270589029,S240615004854,FFHY,标码女装,女士下装,4.7,https://p16-oec-ttp.tiktokcdn-us.com/tos-useast5-i-omjb5zjo8w-tx/caee9cbbca094d57b7357e308cd49d6a~tplv-omjb5zjo8w-resize-jpeg:1000:1000.image?,2024/6/24,,,560,115,In Affiliate,https://shop.tiktok.com/view/product/1729524415270589029?region=US&locale=en,7.77,"Deep red,Black,Green","M,S,L,XL,XXL",Summer,否
高潜,US,1732238692493267269,S260119043503,YouAnnn,标码女装,女士针织衫,4.1,https://p16-oec-va.ibyteimg.com/tos-maliva-i-o3syd03w52-us/92def4e2d6144d269b711d305d1f2c57~tplv-o3syd03w52-resize-jpeg:1000:1000.image?,2026/1/25,,,493,116,In Affiliate,https://shop.tiktok.com/view/product/1732238692493267269?region=US&locale=en,19.68,"Lime Green,Pink,Red,White,Black,Lime yellow","M,S,L,XL,XXL",Spring&Fall,否
高潜,US,1732396305290466129,S260508032143,Shiny Girl VIP,标码女装,女士下装,4.7,https://p16-oec-ttp.tiktokcdn-us.com/tos-useast5-i-omjb5zjo8w-tx/cd095711a3b441e189ef81fac2dbeb8e~tplv-omjb5zjo8w-resize-jpeg:1000:1000.image?,2026/6/1,,,201,118,In Affiliate,https://shop.tiktok.com/view/product/1732396305290466129?region=US&locale=en,8.36,"Coffee brown,Yellow,White,Black,Dark gray","M,S,L,XS",All Seasons,#N/A
高潜,US,1732290939656180692,S260313037553,fashion iconn,标码女装,女士针织衫,4.2,https://p16-oec-va.ibyteimg.com/tos-maliva-i-o3syd03w52-us/f83733328c4b443f8925526116a8a232~tplv-o3syd03w52-resize-jpeg:1000:1000.image?,2026/3/16,,,381,119,In Affiliate,https://shop.tiktok.com/view/product/1732290939656180692?region=US&locale=en,18.55,"Light Blue,Pink,Khaki,White,Black,Light Yellow,Brown","M,S,XS,XL,L,XXL",Summer,否
高潜,US,1730815119492550981,S250227008373,YouAnnn,标码女装,女士针织衫,4.1,https://p16-oec-ttp.tiktokcdn-us.com/tos-useast5-i-omjb5zjo8w-tx/e787134f9db448409038d476b6e3774b~tplv-omjb5zjo8w-resize-jpeg:1000:1000.image?,2025/3/6,,,1221,120,In Affiliate,https://shop.tiktok.com/view/product/1730815119492550981?region=US&locale=en,16.16,"Jet black,Royal blue,Navy blue,Reddish orange,Flame red,Black and white,Blueyellow,Off white,Light wash,Green,Pink,Red and black,Cloud white,Beige,Dark Blue","M,S,XL,L,XXL",Spring&Fall,否
高潜,US,1731844438798995543,S250929020635,Novelife,标码女装,女士下装,4.7,https://p16-oec-ttp.tiktokcdn-us.com/tos-useast5-i-omjb5zjo8w-tx/f8bae2ba7cc047be942ddd72a6d4706e~tplv-omjb5zjo8w-resize-jpeg:1000:1000.image?,2025/10/12,,,279,121,In Affiliate,https://shop.tiktok.com/view/product/1731844438798995543?region=US&locale=en,22.51,"Medium wash,Emerald green,Black,Brown","M,S,XL,L",Spring&Fall,否
高潜,US,1732380985124819411,S260424016102,Hot River,标码女装,女士下装,3.9,https://p16-oec-ttp.tiktokcdn-us.com/tos-useast5-i-omjb5zjo8w-tx/a04f607d31124ac3b0a8a1463cb04db7~tplv-omjb5zjo8w-resize-jpeg:1000:1000.image?,2026/5/10,,,91,122,In Affiliate,https://shop.tiktok.com/view/product/1732380985124819411?region=US&locale=en,15.16,"Strong white,White,Black,Copper brown","M,S,L",All Seasons,否
高潜,US,1732240484242133074,S260111052216,Hermosear,标码女装,女士下装,4.6,https://p16-oec-ttp.tiktokcdn-us.com/tos-useast5-i-omjb5zjo8w-tx/3fd5079b053148389d15e2adcff992be~tplv-omjb5zjo8w-resize-jpeg:1000:1000.image?,2026/1/20,,,285,123,In Affiliate,https://shop.tiktok.com/view/product/1732240484242133074?region=US&locale=en,11.76,"Army green,Black,Apricot","M,S,XL,L,XXL",Summer,是
高潜,US,1731093922834256103,S250418017608,NovaMode.,标码女装,女士下装,4.4,https://p16-oec-va.ibyteimg.com/tos-maliva-i-o3syd03w52-us/84f39e8db0c14dc39283a97128be22c3~tplv-o3syd03w52-resize-jpeg:1000:1000.image?,2025/4/27,,,15121,124,In Affiliate,https://shop.tiktok.com/view/product/1731093922834256103?region=US&locale=en,22.69,"Iron gray,Dark Gray,White,Black,Dark brown,Apricot","M,S,XL,L,XS",Spring&Fall,是
高潜,US,1732209634770915756,S260109038582,The Pretty Line,标码女装,女士下装,4.7,https://p16-oec-ttp.tiktokcdn-us.com/tos-useast5-i-omjb5zjo8w-tx/e64e7ec416724cab932c9c92a6552fc3~tplv-omjb5zjo8w-resize-jpeg:1000:1000.image?,2026/1/18,,,333,125,In Affiliate,https://shop.tiktok.com/view/product/1732209634770915756?region=US&locale=en,10.84,"Pink,Khaki,Black,Blue","M,S,L,XL,XXL",All Seasons,否
高潜,US,1732199215754810193,S260106023990,Chic Price Cloaks,标码女装,女士针织衫,4.6,https://p16-oec-ttp.tiktokcdn-us.com/tos-useast5-i-omjb5zjo8w-tx/b7f90fe04be449789204fc6f037932be~tplv-omjb5zjo8w-resize-jpeg:1000:1000.image?,2026/1/6,,,42,126,In Affiliate,https://shop.tiktok.com/view/product/1732199215754810193?region=US&locale=en,18.86,Multicolor,"M,S,L,XL,XXL",Summer,是
高潜,US,1732300369493660174,S260321031835,YunShine,标码女装,女士针织衫,4.5,https://p16-oec-ttp.tiktokcdn-us.com/tos-useast5-i-omjb5zjo8w-tx/3008950265cc4098a1eefd4586512baa~tplv-omjb5zjo8w-resize-jpeg:1000:1000.image?,2026/4/1,,,94,127,In Affiliate,https://shop.tiktok.com/view/product/1732300369493660174?region=US&locale=en,11.1,Golden,"M,S,L",Summer,否
高潜,US,1731528905631371849,S250713004959,Posh Couture,标码女装,女士下装,4.8,https://p16-oec-ttp.tiktokcdn-us.com/tos-useast5-i-omjb5zjo8w-tx/77ce3eff1f2844c48848cff59063d4aa~tplv-omjb5zjo8w-resize-jpeg:1000:1000.image?,2025/7/28,,,154,128,In Affiliate,https://shop.tiktok.com/view/product/1731528905631371849?region=US&locale=en,11.36,"White,Black","M,S,L,XS",Summer,否
高潜,US,1732476997787554580,S260706037346,Beta International,标码女装,女士下装,3.9,https://p16-oec-va.ibyteimg.com/tos-maliva-i-o3syd03w52-us/bfadd3cffc45457094857ae02f764c08~tplv-o3syd03w52-resize-jpeg:1000:1000.image?,2026/7/6,,,185,129,In Affiliate,https://shop.tiktok.com/view/product/1732476997787554580?region=US&locale=en,29.24,"Color 14,Multicolor7,Multicolor6,Multicolor9,Color 16,Multicolor12,Multicolor,Colorful 13,Multicolor1,Multicolor8,Multicolor5,Multicolor11,Multicolor2,Multicolor3,Colorful 15,Multicolor10,Multicolor4","M,S,XL,L",All Seasons,是
高潜,US,1732153973628833955,S251217171519,Yz Sweaters,标码女装,女士针织衫,4.2,https://p16-oec-va.ibyteimg.com/tos-maliva-i-o3syd03w52-us/a66fedb5d9f241b796c54a49032280c3~tplv-o3syd03w52-resize-jpeg:1000:1000.image?,2025/12/29,,,2108,130,In Affiliate,https://shop.tiktok.com/view/product/1732153973628833955?region=US&locale=en,16.51,"Pink,Yellow,White,Black,Beige","M,S,XL,L",Spring&Fall,否
高潜,US,1730221489569436484,S241202005093,Cherry dress,标码女装,女士针织衫,4.6,https://p16-oec-ttp.tiktokcdn-us.com/tos-useast5-i-omjb5zjo8w-tx/3ac61c87b0334edda3476fe25973ae48~tplv-omjb5zjo8w-resize-jpeg:1000:1000.image?,2024/12/11,,,296,132,In Affiliate,https://shop.tiktok.com/view/product/1730221489569436484?region=US&locale=en,21.43,"Mint green,Army green,Lemon yellow,Apricot","M,S,XL,L,XXL",Spring&Fall,否
高潜,US,1729501077800392188,S260307065555,Hi anan,标码女装,女士针织衫,4.4,https://p16-oec-va.ibyteimg.com/tos-maliva-i-o3syd03w52-us/bd8e4252fd1149a28d130b9cf64713d4~tplv-o3syd03w52-resize-jpeg:1000:1000.image?,2026/3/11,,,185,133,In Affiliate,https://shop.tiktok.com/view/product/1729501077800392188?region=US&locale=en,14.53,"Jet black,White,Black,Cloud white,Apricot,Copper brown","M,S,XL,L",Summer,是
高潜,US,1732541821631370152,S260808026177,Chic Weaves,标码女装,女士针织衫,4.8,https://p16-oec-va.ibyteimg.com/tos-alisg-i-aphluv4xwc-sg/40872a2523774c29aa6ccd98a4419710~tplv-o3syd03w52-resize-jpeg:1000:1000.image?,2026/8/11,,,325,134,,https://shop.tiktok.com/view/product/1732541821631370152?region=US&locale=en,24.01,"Turquoise green,Baby pink,Iron gray,Dark wash,Burgundy","M,S,XL,L,XXL",Spring&Fall,是
高潜,US,1729454530684490502,S240312005034,Knit Mix,标码女装,女士针织衫,3.9,https://p16-oec-ttp.tiktokcdn-us.com/tos-useast5-i-omjb5zjo8w-tx/e61b5ced9244422c9d6695344fb563b1~tplv-omjb5zjo8w-resize-jpeg:1000:1000.image?,2024/3/25,,,562,135,In Affiliate,https://shop.tiktok.com/view/product/1729454530684490502?region=US&locale=en,14.02,"Light Green,Lavender,Orange,Leaf green,Reddish orange,Lilac,Dark violet,Black and white and burgundy and gray,Multicolor,Black,Lime yellow,Multicolor1,Apricot,Copper brown,Blue,Light Blue,Green,Grey,Purple,Pink,Multicolor2,Hot pink,Fawn Brown,Multicolor3,Deep red,Violet,Lime red","M,S,XL,XS,L",All Seasons,否
高潜,US,1732433126229839887,S260608037118,CITY GIRL,标码女装,女士下装,4.7,https://p16-oec-va.ibyteimg.com/tos-maliva-i-o3syd03w52-us/8f342b6d42194a36baa6b0dd6faa6e3a~tplv-o3syd03w52-resize-jpeg:1000:1000.image?,2026/6/14,,,337,137,In Affiliate,https://shop.tiktok.com/view/product/1732433126229839887?region=US&locale=en,14.07,"Pink,Brown polka dots,Army green,Yellow,Black polka dots,Gray,White,Black,Sky blue,Deep blue,Copper brown,Gray polka dots,Burgundy","M,S,L,XL",Spring&Fall,否
高潜,US,1732462103834170133,S260627011221,AOMR,标码女装,女士下装,4.3,https://p16-oec-va.ibyteimg.com/tos-maliva-i-o3syd03w52-us/48c78b154fee40aeb0928b29c822198b~tplv-o3syd03w52-resize-jpeg:1000:1000.image?,2026/6/30,,,94,138,In Affiliate,https://shop.tiktok.com/view/product/1732462103834170133?region=US&locale=en,7.33,"Pink,Black,Brown","M,S,L",All Seasons,是
高潜,US,1729474483699421347,S240404002674,Yz Sweaters,标码女装,女士针织衫,4.2,https://p16-oec-ttp.tiktokcdn-us.com/tos-useast5-i-omjb5zjo8w-tx/4a8e8a977d7f4c5c84ec760f9ae6334a~tplv-omjb5zjo8w-resize-jpeg:1000:1000.image?,2024/5/6,,,472,139,In Affiliate,https://shop.tiktok.com/view/product/1729474483699421347?region=US&locale=en,9.4,"Pink,Black,Off white,Beige","M,S,L,XL",Spring&Fall,否
高潜,US,1732393273468948671,S260511012987,Evilyn chic,标码女装,女士下装,4.8,https://p16-oec-va.ibyteimg.com/tos-maliva-i-o3syd03w52-us/9fc9da9611ea4c4a878e68518211c55a~tplv-o3syd03w52-resize-jpeg:1000:1000.image?,2026/5/21,,,249,140,In Affiliate,https://shop.tiktok.com/view/product/1732393273468948671?region=US&locale=en,9.61,"Yellow,Multicolor1,Blue","M,S,XL,L",Summer,否
高潜,US,1732441292987535967,S260613024623,Vanshee Show,标码女装,女士下装,4.9,https://p16-oec-va.ibyteimg.com/tos-maliva-i-o3syd03w52-us/abb2fef0812d4d2c8d42f28b84784cb9~tplv-o3syd03w52-resize-jpeg:1000:1000.image?,2026/6/13,,,93,142,Not in Affiliate,https://shop.tiktok.com/view/product/1732441292987535967?region=US&locale=en,11.95,Black,"M,S,XL,L",All Seasons,是
高潜,US,1732357110520909934,S260421012237,Soft Frame,标码女装,女士下装,3.9,https://p16-oec-va.ibyteimg.com/tos-alisg-i-aphluv4xwc-sg/3b00c99f20274221a253b9452aa98dc2~tplv-o3syd03w52-resize-jpeg:1000:1000.image?,2026/4/24,,,475,143,In Affiliate,https://shop.tiktok.com/view/product/1732357110520909934?region=US&locale=en,26.71,"Pink,Pale green,Mauve purple","M,S,XL,L",Summer,否
高潜,US,1730844597983547474,S250305003809,Hermosear,标码女装,女士下装,4.6,https://p16-oec-ttp.tiktokcdn-us.com/tos-useast5-i-omjb5zjo8w-tx/c63a096bf6b1407ab8a0515c22ba6f93~tplv-omjb5zjo8w-resize-jpeg:1000:1000.image?,2025/3/11,,,455,144,In Affiliate,https://shop.tiktok.com/view/product/1730844597983547474?region=US&locale=en,13.03,"Army green,Black,Apricot","M,S,L,XL,XXL",Summer,是
高潜,US,1732444294594072909,S260615015961,Follome,标码女装,女士下装,4.4,https://p16-oec-va.ibyteimg.com/tos-maliva-i-o3syd03w52-us/0ea0b6b8b4384137b1458ddef1e24f6b~tplv-o3syd03w52-resize-jpeg:1000:1000.image?,2026/6/28,,,216,148,In Affiliate,https://shop.tiktok.com/view/product/1732444294594072909?region=US&locale=en,15.56,"Hot pink,Navy blue,Brown","M,S,L,XL",Spring&Fall,否
高潜,US,1732296287406101269,S260318054143,AOMR,标码女装,女士下装,4.3,https://p16-oec-ttp.tiktokcdn-us.com/tos-useast5-i-omjb5zjo8w-tx/fd43fb21887f45f4a5f02de155d1d803~tplv-omjb5zjo8w-resize-jpeg:1000:1000.image?,2026/3/27,,,244,149,In Affiliate,https://shop.tiktok.com/view/product/1732296287406101269?region=US&locale=en,14.98,Black,"M,S,L",Summer,是
高潜,US,1729536877936808861,S240623001769,ZhuTong clothing,标码女装,女士下装,4,https://p16-oec-ttp.tiktokcdn-us.com/tos-useast5-i-omjb5zjo8w-tx/216fbf4ce46340ed95a4888abc7785d4~tplv-omjb5zjo8w-resize-jpeg:1000:1000.image?,2024/7/1,,,185,150,In Affiliate,https://shop.tiktok.com/view/product/1729536877936808861?region=US&locale=en,9.28,"Multicolor,Apricot,Multicolor1","M,S,L,XL,XXL",Spring&Fall,否
高潜,US,1732354971406209106,S260412027486,Hermosear,标码女装,女士下装,4.6,https://p16-oec-ttp.tiktokcdn-us.com/tos-useast5-i-omjb5zjo8w-tx/9498e820354c4ed9a1b33b74879783dc~tplv-omjb5zjo8w-resize-jpeg:1000:1000.image?,2026/4/20,,,182,151,In Affiliate,https://shop.tiktok.com/view/product/1732354971406209106?region=US&locale=en,9.89,"White,Black","M,S,XL,L,XXL",Summer,是
高潜,US,1732482849784828229,S260709039092,YouAnnn,标码女装,女士针织衫,4.1,https://p16-oec-va.ibyteimg.com/tos-maliva-i-o3syd03w52-us/7853e7e66d434e49beb861d2f479f3b1~tplv-o3syd03w52-resize-jpeg:1000:1000.image?,2026/7/15,,,390,153,In Affiliate,https://shop.tiktok.com/view/product/1732482849784828229?region=US&locale=en,13.42,"Cream,Clay brown,Gray,Yellow,Black","M,S,L,XL,XXL",Summer,否
高潜,US,1732451397221388478,S260617035230,Wake Seasons,标码女装,女士下装,4.2,https://p16-oec-va.ibyteimg.com/tos-maliva-i-o3syd03w52-us/22a92242c1104f2bbc918d615cac18d1~tplv-o3syd03w52-resize-jpeg:1000:1000.image?,2026/6/20,,,37,154,In Affiliate,https://shop.tiktok.com/view/product/1732451397221388478?region=US&locale=en,28.85,"Multicolor5,Multicolor11,Multicolor7,Multicolor6,Multicolor1,Multicolor4","M,S,XL,L",Summer,是
高潜,US,1732312953719984629,S260331020064,Zen Budget,标码女装,女士下装,4.3,https://p16-oec-ttp.tiktokcdn-us.com/tos-useast5-i-omjb5zjo8w-tx/5e311771c79747d4a294d7a176f958cf~tplv-omjb5zjo8w-resize-jpeg:1000:1000.image?,2026/4/3,,,293,155,In Affiliate,https://shop.tiktok.com/view/product/1732312953719984629?region=US&locale=en,19.94,"Green,Blue,Pink,Yellow,Gray,White,Black,Dark blue,Reddish brown,Burgundy","M,S,L,XL",Spring&Fall,否
高潜,US,1732280670327247784,S260228039426,Chic Weaves,标码女装,女士针织衫,4.8,https://p16-oec-va.ibyteimg.com/tos-maliva-i-o3syd03w52-us/7d14ec8216424d31b959a0fdff6017b0~tplv-o3syd03w52-resize-jpeg:1000:1000.image?,2026/3/3,,,383,156,In Affiliate,https://shop.tiktok.com/view/product/1732280670327247784?region=US&locale=en,22.16,"Pink,Light green,Yellow,Gray,Black,Light wash","M,S,L,XL,XXL",Summer,是
高潜,US,1732365117210268511,S260424029237,SaltWhite,标码女装,女士下装,3.7,https://p16-oec-ttp.tiktokcdn-us.com/tos-useast5-i-omjb5zjo8w-tx/44b2bdca8b6d401d9fac73e3b0995efd~tplv-omjb5zjo8w-resize-jpeg:1000:1000.image?,2026/4/26,,,280,157,In Affiliate,https://shop.tiktok.com/view/product/1732365117210268511?region=US&locale=en,14.41,"Pink,Light green,White,Black,Apricot","M,S,L,XL,XXL",Summer,是
高潜,US,1732347687843500874,S260413045772,"Pusheng2 Fushi Co., DongGuan",标码女装,女士下装,4.9,https://p16-oec-ttp.tiktokcdn-us.com/tos-useast5-i-omjb5zjo8w-tx/2c272c50521b4b0b85c9f2c9a3104b15~tplv-omjb5zjo8w-resize-jpeg:1000:1000.image?,2026/4/16,,,3490,158,In Affiliate,https://shop.tiktok.com/view/product/1732347687843500874?region=US&locale=en,13,"Peacock Blue,Army green,Navy blue,Dark yellow,Black,Dark Green,Blue linen,Sky blue,Cloud white,Apricot,Bright orange,Green","M,S,L,XL,XXL",Spring&Fall,否
高潜,US,1729451601321824302,S231106003590,Tuo Go,标码女装,女士下装,4.3,https://p16-oec-ttp.tiktokcdn-us.com/tos-useast5-i-omjb5zjo8w-tx/6217d9ff39d84167a3d0bdfba035397c~tplv-omjb5zjo8w-resize-jpeg:1000:1000.image?,2024/3/19,,,228,160,In Affiliate,https://shop.tiktok.com/view/product/1729451601321824302?region=US&locale=en,7.31,"Burgundy,Khaki flower,Orange blossom,Army green,Navy blue,Black,Yellow flowers,Royal Blue,Light wash,Multicolor1,Grey,Mint green,Pink,Multicolor5,Multicolor2,Multicolor3,Mauve purple,Bright yellow,Multicolor4","M,S,L,XL",Spring&Fall,是
高潜,US,1732488437006176571,S260712014316,Hotgrils clothes,标码女装,女士下装,4.6,https://p16-oec-va.ibyteimg.com/tos-maliva-i-o3syd03w52-us/bb0b97f7882f4a3488e0694cad0d1a37~tplv-o3syd03w52-resize-jpeg:1000:1000.image?,2026/7/19,,,88,162,In Affiliate,https://shop.tiktok.com/view/product/1732488437006176571?region=US&locale=en,12.77,Gray,"M,S,L",Summer,是
高潜,US,1732478278788092840,S260707010579,Chic Weaves,标码女装,女士针织衫,4.8,https://p16-oec-va.ibyteimg.com/tos-maliva-i-o3syd03w52-us/c3901acd1b91479081377f2516680e0e~tplv-o3syd03w52-resize-jpeg:1000:1000.image?,2026/7/10,,,58,165,In Affiliate,https://shop.tiktok.com/view/product/1732478278788092840?region=US&locale=en,29.37,Apricot,"M,S,L,XL,XXL",Spring&Fall,是
高潜,US,1730848196828959489,S250225017752,Keechic,标码女装,女士套装及西服,3.9,https://p16-oec-va.ibyteimg.com/tos-alisg-i-aphluv4xwc-sg/b33b7683191646ec97b36d6abfb639e1~tplv-o3syd03w52-resize-jpeg:1000:1000.image?,2025/3/11,,,443,166,In Affiliate,https://shop.tiktok.com/view/product/1730848196828959489?region=US&locale=en,19.88,"Green,Reddish orange,Black,Apricot,Blue","M,S,L,XL,XXL",Summer,否
高潜,US,1731989665441485336,S251028026127,Kliou Store,标码女装,女士套装及西服,4,https://p16-oec-va.ibyteimg.com/tos-maliva-i-o3syd03w52-us/853331e2698b40f6b3cf69531a2327f7~tplv-o3syd03w52-resize-jpeg:1000:1000.image?,2025/11/2,,,333,167,In Affiliate,https://shop.tiktok.com/view/product/1731989665441485336?region=US&locale=en,13.06,"Blue,Burgundy,Yellow,White,Black,Brown","M,S,XS,L",Spring&Fall,否
高潜,US,1732391223607922775,S260509011175,Novelife,标码女装,女士套装及西服,4.7,https://p16-oec-va.ibyteimg.com/tos-maliva-i-o3syd03w52-us/49ad8d7203674472a9d427cbcb6599fd~tplv-o3syd03w52-resize-jpeg:1000:1000.image?,2026/5/22,,,209,168,In Affiliate,https://shop.tiktok.com/view/product/1732391223607922775?region=US&locale=en,13.61,"Pink,Red,Black","M,S,L,XL",Summer,否
高潜,US,1732294492901249837,S260317032902,CHAENIL,标码女装,女士套装及西服,3.9,https://p16-oec-va.ibyteimg.com/tos-maliva-i-o3syd03w52-us/9c0a77af79bc49aa9a324f5bc5690078~tplv-o3syd03w52-resize-jpeg:1000:1000.image?,2026/4/30,,,815,169,In Affiliate,https://shop.tiktok.com/view/product/1732294492901249837?region=US&locale=en,20.98,"Purple,Pink,Apricot,Blue","M,S,XL,L",Spring&Fall,否
高潜,US,1730114483665409018,S241113011085,Lira Maison,标码女装,女士套装及西服,3.8,https://p16-oec-ttp.tiktokcdn-us.com/tos-useast5-i-omjb5zjo8w-tx/9204a9812cdc402aa50081216c2574cc~tplv-omjb5zjo8w-resize-jpeg:1000:1000.image?,2024/12/1,,,615,170,In Affiliate,https://shop.tiktok.com/view/product/1730114483665409018?region=US&locale=en,22.3,"Brown,Grey,Pink,Yellow,Blue","M,S,XL,L,XXL",Spring&Fall,否
高潜,US,1731579646185607486,S250726016881,Sleek Nova,标码女装,女士套装及西服,4,https://p16-oec-ttp.tiktokcdn-us.com/tos-useast5-i-omjb5zjo8w-tx/0993031da40b4a9e8abe0f21277000b7~tplv-omjb5zjo8w-resize-jpeg:1000:1000.image?,2025/8/7,,,264,171,In Affiliate,https://shop.tiktok.com/view/product/1731579646185607486?region=US&locale=en,14.3,"Black,Chartreuse,Apricot","M,S,XL,L,XXL",Spring&Fall,否
高潜,US,1732203833271619671,S260107080675,Novelife,标码女装,女士套装及西服,4.7,https://p16-oec-ttp.tiktokcdn-us.com/tos-useast5-i-omjb5zjo8w-tx/9d8932d3a2c74313972ac887b383a05b~tplv-omjb5zjo8w-resize-jpeg:1000:1000.image?,2026/1/21,,,574,172,In Affiliate,https://shop.tiktok.com/view/product/1732203833271619671?region=US&locale=en,19.89,"Apricot,Brown","M,S,L,XL",Summer,否
高潜,US,1732479411083121429,S260707031613,AOMR,标码女装,女士套装及西服,4.3,https://p16-oec-va.ibyteimg.com/tos-maliva-i-o3syd03w52-us/129e8a62066e4beb93c6c4b4967684ba~tplv-o3syd03w52-resize-jpeg:1000:1000.image?,2026/7/9,,,104,173,In Affiliate,https://shop.tiktok.com/view/product/1732479411083121429?region=US&locale=en,11.22,Black and white,"M,S,L",Summer,是
高潜,US,1731367024407056541,S250625022533,Misstyle Fashion,标码女装,女士套装及西服,4.1,https://p16-oec-ttp.tiktokcdn-us.com/tos-useast5-i-omjb5zjo8w-tx/30c03364fb59446b8d2f718732b4e6e0~tplv-omjb5zjo8w-resize-jpeg:1000:1000.image?,2025/6/27,,,110,174,In Affiliate,https://shop.tiktok.com/view/product/1731367024407056541?region=US&locale=en,16.63,"Multicolor2,Multicolor3,Multicolor4","M,S,XL,L,XXL",Summer,否
高潜,US,1729728562392961641,S241010011236,Vanndochic,标码女装,女士套装及西服,4.2,https://p16-oec-ttp.tiktokcdn-us.com/tos-useast5-i-omjb5zjo8w-tx/66128abca15e499ebde30eee472cf5b6~tplv-omjb5zjo8w-resize-jpeg:1000:1000.image?,2024/10/21,,,143,176,In Affiliate,https://shop.tiktok.com/view/product/1729728562392961641?region=US&locale=en,21.57,"Pink,Army green,Black,Blue","M,S,XL,L,XXL",Summer,否
高潜,US,1731835688919470832,S250910016244,Pretty PL,标码女装,女士套装及西服,4.3,https://p16-oec-va.ibyteimg.com/tos-maliva-i-o3syd03w52-us/2dc9b30e4c5d4c21b2d737dd5b89e502~tplv-o3syd03w52-resize-jpeg:1000:1000.image?,2025/9/27,,,276,177,In Affiliate,https://shop.tiktok.com/view/product/1731835688919470832?region=US&locale=en,14.51,"Multicolor2,Multicolor3,Multicolor","M,S,XL,L,XXL",Summer,是
高潜,US,1732452277809222421,S260621007423,AOMR,标码女装,女士套装及西服,4.3,https://p16-oec-va.ibyteimg.com/tos-alisg-i-aphluv4xwc-sg/8aed3115f2814b9ea1e320efc3924da6~tplv-o3syd03w52-resize-jpeg:1000:1000.image?,2026/6/23,,,163,179,In Affiliate,https://shop.tiktok.com/view/product/1732452277809222421?region=US&locale=en,19.84,"Orange,Gray,Green","M,S,L",Summer,是
高潜,US,1732438757313909505,S260611017745,Keechic,标码女装,女士套装及西服,3.9,https://p16-oec-va.ibyteimg.com/tos-alisg-i-aphluv4xwc-sg/12721a61810b49698444e71ff5b6a9cd~tplv-o3syd03w52-resize-jpeg:1000:1000.image?,2026/7/1,,,311,180,In Affiliate,https://shop.tiktok.com/view/product/1732438757313909505?region=US&locale=en,10.58,"Blue,Yellow,Brown","M,S,XL,L",Summer,否
高潜,US,1732334041254957510,S260410024985,TY Trove,标码女装,女士套装及西服,4.2,https://p16-oec-ttp.tiktokcdn-us.com/tos-useast5-i-omjb5zjo8w-tx/4f512c4b9d934e3ca1203978a3af3d3d~tplv-omjb5zjo8w-resize-jpeg:1000:1000.image?,2026/4/16,,,242,181,In Affiliate,https://shop.tiktok.com/view/product/1732334041254957510?region=US&locale=en,22.49,"Burgundy,Gray,Blue","M,S,XL,L",All Seasons,否
高潜,US,1732358578777264942,S260422013983,Einsamw,标码女装,女士套装及西服,4.6,https://p16-oec-ttp.tiktokcdn-us.com/tos-useast5-i-omjb5zjo8w-tx/caa6476667fb45df9be193200cdcc057~tplv-omjb5zjo8w-resize-jpeg:1000:1000.image?,2026/4/29,,,1040,182,In Affiliate,https://shop.tiktok.com/view/product/1732358578777264942?region=US&locale=en,29.47,"Purple,Yellow,White,Black,Blue","M,S,L,XL,XXL",Summer,否
高潜,US,1732375397204660678,S260427026966,TY Trove,标码女装,女士套装及西服,4.2,https://p16-oec-va.ibyteimg.com/tos-alisg-i-aphluv4xwc-sg/ee4a05a38ea848f99237e07ac1021b2b~tplv-o3syd03w52-resize-jpeg:1000:1000.image?,2026/6/3,,,204,183,In Affiliate,https://shop.tiktok.com/view/product/1732375397204660678?region=US&locale=en,18.47,"Black - Striped,Apricot - Striped,Black,Fawn brown,Apricot","M,S,XL,L",Summer,否
高潜,US,1731956076613964535,S251020040859,FlaireX,标码女装,女士套装及西服,3.9,https://p16-oec-ttp.tiktokcdn-us.com/tos-useast5-i-omjb5zjo8w-tx/5bf0be01c2df48a6950b6dfb421cfb9f~tplv-omjb5zjo8w-resize-jpeg:1000:1000.image?,2025/10/23,,,1966,184,In Affiliate,https://shop.tiktok.com/view/product/1731956076613964535?region=US&locale=en,21.16,"Lavender,Pink,Olive green,Yellow,Fawn brown,Pastel blue,Apricot","M,S,XL,L,XXL",Spring&Fall,是
高潜,US,1732351481299701909,S260416029603,Sanuuchic,标码女装,女士套装及西服,4.5,https://p16-oec-va.ibyteimg.com/tos-maliva-i-o3syd03w52-us/75776ebfe515479591f2d13592119316~tplv-o3syd03w52-resize-jpeg:1000:1000.image?,2026/4/20,,,306,185,In Affiliate,https://shop.tiktok.com/view/product/1732351481299701909?region=US&locale=en,25.13,"Black and white,Brown","M,S,L,XL,XXL",Summer,是
高潜,US,1732304864506646608,S260325010992,chic angel,标码女装,女士套装及西服,3.8,https://p16-oec-ttp.tiktokcdn-us.com/tos-useast5-i-omjb5zjo8w-tx/e420c9a681b24ea1b3efc2a2e7aafcfa~tplv-omjb5zjo8w-resize-jpeg:1000:1000.image?,2026/4/12,,,2316,187,In Affiliate,https://shop.tiktok.com/view/product/1732304864506646608?region=US&locale=en,17.05,"Ochre brown,Khaki,Iron gray,Brown leopard print,Light blue,Yellow,Coral pink,Ocean blue,Apricot,Pale green,Green","M,S,XL,L",Summer,否
高潜,US,1730804938015674822,S250102007824,TY Trove,标码女装,女士套装及西服,4.2,https://p16-oec-va.ibyteimg.com/tos-maliva-i-o3syd03w52-us/03dfe75721694e1a973dff56cf82a6f7~tplv-o3syd03w52-resize-jpeg:1000:1000.image?,2025/3/5,,,844,188,In Affiliate,https://shop.tiktok.com/view/product/1730804938015674822?region=US&locale=en,15.31,"Navy blue,Army green,Black,Off white,Bright yellow","M,S,L,XL,XXL",Summer,否
