数据日期,原始国家,市场组,商品标签,product_id,spu_code,店铺名称,SKM标签,二级类目,三级类目,叶子类目,类目组合,历史累计销量区间,大盘营销价-美金,近7天出单区间,近3天环比增速,近3天环比标签,T-1出单区间,全球首次上架日期,上架天数,JIT标签,实际可售库存,JIT虚拟库存,颜色,颜色数,尺码,尺码数,季节标签,首图链接,商品详情页URL,开发员名称,Final SPS
2026/8/23,FR,EU4,新品,1729897016104557303,S260815006419,FlaireX,非SKM商家,标码女装,女士套装及西服,长裤套装,标码女装+女士套装及西服,"(0,100]",40.84,"(10,30]",,新增动销,"(0,10]",2026/8/19,4,非JIT商品,63,0,"Army green,Apricot,Light blue,Black",4,"XL,L,M,S",4,Spring&Fall,https://p16-oec-va.ibyteimg.com/tos-alisg-i-aphluv4xwc-sg/5a7a46056ce34bdfadf4d72b1c2f8c83~tplv-o3syd03w52-resize-jpeg:1000:1000.image?,https://shop.tiktok.com/view/product/1729897016104557303?region=FR&locale=fr,刘雪莹,4.1
2026/8/23,MX,MX,新品,1736733664187090099,S260725023387,ZOVINRIA,非SKM商家,标码女装,女士针织衫,毛衣套头衫,标码女装+女士针织衫,"(0,100]",11.11,"(10,30]",140.00%,"(100%, 300%]","(0,10]",2026/8/8,15,非JIT商品,43,0,"Burgundy,Gray,Brown,Apricot",4,"M,S,L",3,Fall&Winter,https://p16-oec-va.ibyteimg.com/tos-alisg-i-aphluv4xwc-sg/37eae2f60a1b4f6db17a0b70399a734f~tplv-o3syd03w52-resize-jpeg:1000:1000.image?,https://shop.tiktok.com/view/product/1736733664187090099?region=MX&locale=es,王可心,3.9
2026/8/23,MX,MX,新品,1736530014667900922,S260714030746,Kisnow Trove,非SKM商家,标码女装,女士套装及西服,短裤套装,标码女装+女士套装及西服,"(0,100]",21.19,"(10,30]",16.67%,"(0%, 50%]","(0,10]",2026/7/30,24,非JIT商品,26,0,Cream,1,"S,M,L,XL",4,Summer,https://p16-oec-va.ibyteimg.com/tos-alisg-i-aphluv4xwc-sg/f480426d8b5446d6b62e78ddd73167cf~tplv-o3syd03w52-resize-jpeg:1000:1000.image?,https://shop.tiktok.com/view/product/1736530014667900922?region=MX&locale=es,黄依婷,4.7
2026/8/23,MX,MX,新品,1737020663857055211,S260812022395,Finjani Plus,非SKM商家,大码女装,女士连衣裙,休闲连衣裙,大码女装+女士连衣裙,"(0,100]",41.33,"(10,30]",400.00%,"(300%, 500%]","(0,10]",2026/8/13,10,JIT商品,0,306,"Red,Black,Navy blue",3,"2XL,4XL,0XL,1XL,3XL",5,Spring&Fall,https://p16-oec-va.ibyteimg.com/tos-alisg-i-aphluv4xwc-sg/76e9cb7402fc4ba9b9d280accceb3b23~tplv-o3syd03w52-resize-jpeg:1000:1000.image?,https://shop.tiktok.com/view/product/1737020663857055211?region=MX&locale=es,张宇,3.4
2026/8/23,MX,MX,新品,1736579443429311996,S260717031025,Hi anan,非SKM商家,标码女装,女士针织衫,开衫,标码女装+女士针织衫,"(0,100]",26.6,"(10,30]",-75.00%,负增长,"(0,10]",2026/7/24,30,非JIT商品,88,0,"Orange and black,Purple,Hot pink",3,"M,S,XL,L",4,Spring&Fall,https://p16-oec-va.ibyteimg.com/tos-alisg-i-aphluv4xwc-sg/5bc919c282bb44e4a69c5b0c2e869584~tplv-o3syd03w52-resize-jpeg:1000:1000.image?,https://shop.tiktok.com/view/product/1736579443429311996?region=MX&locale=es,沈亦莎,4.8
2026/8/23,MX,MX,新品,1736931609569953009,S260807035322,Miss Zone,非SKM商家,大码女装,女士套装及西服,长裤套装,大码女装+女士套装及西服,"(0,100]",44.05,"(10,30]",300.00%,"(100%, 300%]","(0,10]",2026/8/7,16,JIT商品,0,"2,173","Burgundy,Blue,Purple,Hot pink,Khaki,Red,Navy blue,Pink,Gray,Brown,Army green,Black",12,"3XL,2XL,4XL,1XL,0XL",5,Spring&Fall,https://p16-oec-va.ibyteimg.com/tos-alisg-i-aphluv4xwc-sg/09d14d4e629d419a838e8ce6b98f2a10~tplv-o3syd03w52-resize-jpeg:1000:1000.image?,https://shop.tiktok.com/view/product/1736931609569953009?region=MX&locale=es,郑川粤,3.3
2026/8/23,MX,MX,新品,1736535284850328755,S260714009015,ZOVINRIA,非SKM商家,标码女装,女士针织衫,毛衣连衣裙,标码女装+女士针织衫,"(0,100]",28.04,"(10,30]",-50.00%,负增长,"(0,10]",2026/7/24,30,非JIT商品,25,0,"White,Pink,Blue,Mint Blue",4,"S,L,M",3,Spring&Fall,https://p16-oec-va.ibyteimg.com/tos-alisg-i-aphluv4xwc-sg/95423224b91b4c9daf71f21fd46330be~tplv-o3syd03w52-resize-jpeg:1000:1000.image?,https://shop.tiktok.com/view/product/1736535284850328755?region=MX&locale=es,王可心,3.9
2026/8/23,MX,MX,新品,1736821653386331377,S260801005274,Miss Zone,非SKM商家,大码女装,女士上装,女士衬衫,大码女装+女士上装,"(0,100]",8.31,"(10,30]",-50.00%,负增长,"(0,10]",2026/8/1,22,JIT商品,0,526,Black,1,"0XL,4XL,1XL,2XL,3XL",5,Spring&Fall,https://p16-oec-va.ibyteimg.com/tos-alisg-i-aphluv4xwc-sg/c8e628625f914a5690a7014aafe56988~tplv-o3syd03w52-resize-jpeg:1000:1000.image?,https://shop.tiktok.com/view/product/1736821653386331377?region=MX&locale=es,郑川粤,3.3
2026/8/23,GB,UK,新品,1729879475328948664,S260723024187,ZY PLUS JEANS,非SKM商家,大码女装,牛仔,牛仔长裤,大码女装+牛仔,"(100,500]",23.9,"(50,100]",0.00%,持平,"(0,10]",2026/7/28,26,非JIT商品,261,0,"Dark wash,Jet black,Blue",3,"1XL,0XL,4XL,2XL,3XL",5,Spring&Fall,https://p16-oec-va.ibyteimg.com/tos-alisg-i-aphluv4xwc-sg/7ffa9646f9b14a74b97670e83b926677~tplv-o3syd03w52-resize-jpeg:1000:1000.image?,https://shop.tiktok.com/view/product/1729879475328948664?region=GB&locale=en,郑川粤,4.1
2026/8/23,GB,UK,新品,1729890409738574583,S260807028796,FlaireX,非SKM商家,标码女装,女士套装及西服,长裤套装,标码女装+女士套装及西服,"(0,100]",24.94,"(50,100]",-66.67%,负增长,"(0,10]",2026/8/9,14,非JIT商品,166,0,"Blue,Pink,Orange,Army green",4,"XL,S,M,L",4,Summer,https://p16-oec-va.ibyteimg.com/tos-alisg-i-aphluv4xwc-sg/4fedf8153966411e88783679af7ba2f6~tplv-o3syd03w52-resize-jpeg:1000:1000.image?,https://shop.tiktok.com/view/product/1729890409738574583?region=GB&locale=en,刘雪莹,4.4
2026/8/23,GB,UK,新品,1729878647362197670,S260722016296,Agivvia,非SKM商家,标码女装,女士针织衫,毛衣套头衫,标码女装+女士针织衫,"(0,100]",19.15,"(50,100]",-22.58%,负增长,"(0,10]",2026/7/24,30,非JIT商品,98,0,Stripe,1,"S,XL,L,M",4,Fall&Winter,https://p16-oec-va.ibyteimg.com/tos-alisg-i-aphluv4xwc-sg/e7465bda5f12456b9f3bbcde6e492cf8~tplv-o3syd03w52-resize-jpeg:1000:1000.image?,https://shop.tiktok.com/view/product/1729878647362197670?region=GB&locale=en,王可心,3.5
2026/8/23,GB,UK,新品,1729885624064776509,S260802010213,LumosModesty,非SKM商家,标码女装,女士穆斯林服装,服装套装,标码女装+女士穆斯林服装,"(100,500]",32.58,"(50,100]",-57.58%,负增长,"(0,10]",2026/8/5,18,非JIT商品,201,0,"Dark brown,Beige,Pale green,Burgundy,Pink",5,"L,XL,S,M",4,All Seasons,https://p16-oec-va.ibyteimg.com/tos-alisg-i-aphluv4xwc-sg/cd31662aa207425a997c774c1c97f078~tplv-o3syd03w52-resize-jpeg:1000:1000.image?,https://shop.tiktok.com/view/product/1729885624064776509?region=GB&locale=en,徐熙雅,4.4
2026/8/23,GB,UK,新品,1729885423563610189,S260802016677,YarnPop,非SKM商家,标码女装,女士针织衫,开衫,标码女装+女士针织衫,"(0,100]",15.23,"(50,100]",35.00%,"(0%, 50%]","(10,30]",2026/8/2,21,JIT商品,25,15,"Black,Dark beige",2,"S,M,L,XL",4,Spring&Fall,https://p16-oec-va.ibyteimg.com/tos-alisg-i-aphluv4xwc-sg/d95d56ad95a643f5bfce2162bdb38a53~tplv-o3syd03w52-resize-jpeg:1000:1000.image?,https://shop.tiktok.com/view/product/1729885423563610189?region=GB&locale=en,王可心,4.5
2026/8/23,GB,UK,新品,1729873861392767416,S260715026380,ZY PLUS JEANS,非SKM商家,大码女装,牛仔,牛仔长裤,大码女装+牛仔,"(0,100]",22.45,"(30,50]",-32.00%,负增长,"(0,10]",2026/7/29,25,非JIT商品,96,0,Dark wash,1,"0XL,2XL,1XL,4XL,3XL",5,Spring&Fall,https://p16-oec-va.ibyteimg.com/tos-alisg-i-aphluv4xwc-sg/a0a79d12284b499f9a4f70b8fdf0839d~tplv-o3syd03w52-resize-jpeg:1000:1000.image?,https://shop.tiktok.com/view/product/1729873861392767416?region=GB&locale=en,郑川粤,4.1
2026/8/23,GB,UK,新品,1729875292930087635,S260717008352,One Line Store,非SKM商家,标码女装,女士穆斯林服装,连衣裙,标码女装+女士穆斯林服装,"(0,100]",19.73,"(30,50]",-20.00%,负增长,"(0,10]",2026/7/30,24,非JIT商品,222,0,"Black,White,Dark green,Brown,Burgundy",5,"L,M,XL,S,XS",5,All Seasons,https://p16-oec-va.ibyteimg.com/tos-alisg-i-aphluv4xwc-sg/017c2e0c70fd4c34a5e14e4f8291083a~tplv-o3syd03w52-resize-jpeg:1000:1000.image?,https://shop.tiktok.com/view/product/1729875292930087635?region=GB&locale=en,徐熙雅,
2026/8/23,GB,UK,新品,1729887544585198368,S260805007831,Zhengliang Studio,非SKM商家,标码女装,女士套装及西服,女士西装外套,标码女装+女士套装及西服,"(100,500]",25.96,"(30,50]",-88.89%,负增长,"(0,10]",2026/8/5,18,JIT商品,22,"2,449","Gemstone blue,Lemon yellow,Khaki,Green,Smoke gray,Hot pink,Black,Peacock Green,Burgundy,Emerald green,Blue,Orange,White,Pink,Coffee color,Dark blue,Ginger Yellow,Purple taro,Sky blue",19,"S,L,XL,XS,M",5,Spring&Fall,https://p16-oec-va.ibyteimg.com/tos-alisg-i-aphluv4xwc-sg/5ede3b1fb80d46c3900d00cad2729467~tplv-o3syd03w52-resize-jpeg:1000:1000.image?,https://shop.tiktok.com/view/product/1729887544585198368?region=GB&locale=en,王瑶,4.3
2026/8/23,GB,UK,新品,1729885364692687283,S260802012056,XHJEANS,非SKM商家,大码女装,牛仔,牛仔长裤,大码女装+牛仔,"(0,100]",23.75,"(30,50]",37.50%,"(0%, 50%]","(0,10]",2026/8/4,19,非JIT商品,56,0,Fawn brown,1,"0XL,4XL,1XL,3XL,2XL",5,Spring&Fall,https://p16-oec-va.ibyteimg.com/tos-alisg-i-aphluv4xwc-sg/18f46a34bb1f42a9b5bad8d07689b407~tplv-o3syd03w52-resize-jpeg:1000:1000.image?,https://shop.tiktok.com/view/product/1729885364692687283?region=GB&locale=en,郑川粤,
2026/8/23,GB,UK,新品,1729890062888442199,S260807002383,FOXCLAW Curve,非SKM商家,大码女装,女士下装,长裤,大码女装+女士下装,"(0,100]",12.59,"(30,50]",-42.86%,负增长,"(0,10]",2026/8/11,12,非JIT商品,81,0,"Apricot,Fawn brown,Black",3,"4XL,5XL,2XL,3XL,1XL",5,Spring&Fall,https://p16-oec-va.ibyteimg.com/tos-alisg-i-aphluv4xwc-sg/9369e1c582af43a2b48ef988e4cbe106~tplv-o3syd03w52-resize-jpeg:1000:1000.image?,https://shop.tiktok.com/view/product/1729890062888442199?region=GB&locale=en,郑川粤,4.2
2026/8/23,GB,UK,新品,1729876615693899942,S260719018236,Agivvia,非SKM商家,标码女装,女士针织衫,毛衣套头衫,标码女装+女士针织衫,"(0,100]",20.29,"(30,50]",30.77%,"(0%, 50%]","(0,10]",2026/7/29,25,非JIT商品,186,0,"Apricot,Coffee brown,Khaki",3,"S,XL,L,M",4,Fall&Winter,https://p16-oec-va.ibyteimg.com/tos-alisg-i-aphluv4xwc-sg/e77d1185c7cc43378dcd62d1f5e1f22e~tplv-o3syd03w52-resize-jpeg:1000:1000.image?,https://shop.tiktok.com/view/product/1729876615693899942?region=GB&locale=en,王可心,3.5
2026/8/23,GB,UK,新品,1729881752425896611,S260727017592,Vincira,非SKM商家,标码女装,女士套装及西服,女士西装长裤,标码女装+女士套装及西服,"(0,100]",19.22,"(30,50]",6.67%,"(0%, 50%]","(0,10]",2026/8/9,14,非JIT商品,27,0,Brown,1,"L,M,S,XL",4,Spring&Fall,https://p16-oec-va.ibyteimg.com/tos-alisg-i-aphluv4xwc-sg/9e48be877700412aabe60b37783502c8~tplv-o3syd03w52-resize-jpeg:1000:1000.image?,https://shop.tiktok.com/view/product/1729881752425896611?region=GB&locale=en,黄依婷,4.5
2026/8/23,GB,UK,新品,1729885056694786221,S260801021278,ZIZI Sweater,非SKM商家,大码女装,女士针织衫,毛衣套头衫,大码女装+女士针织衫,"(0,100]",19.45,"(30,50]",50.00%,"(0%, 50%]","(0,10]",2026/8/10,13,非JIT商品,16,0,"Pink,Black,Apricot",3,"1XL,4XL,3XL,2XL",4,Spring&Fall,https://p16-oec-va.ibyteimg.com/tos-alisg-i-aphluv4xwc-sg/57bd049a83464609ad481f1d4d0a365e~tplv-o3syd03w52-resize-jpeg:1000:1000.image?,https://shop.tiktok.com/view/product/1729885056694786221?region=GB&locale=en,郑川粤,4.4
2026/8/23,GB,UK,新品,1729869415424432827,S260709023639,Linenvera fashion,非SKM商家,标码女装,女士套装及西服,长裤套装,标码女装+女士套装及西服,"(0,100]",19.68,"(30,50]",30.00%,"(0%, 50%]","(0,10]",2026/7/28,26,非JIT商品,260,0,"Apricot,Deep coffee color,Black",3,"L,S,M,XL",4,Spring&Fall,https://p16-oec-va.ibyteimg.com/tos-alisg-i-aphluv4xwc-sg/4c2cfd6e6f4a4651bbdaf97ec99bd335~tplv-o3syd03w52-resize-jpeg:1000:1000.image?,https://shop.tiktok.com/view/product/1729869415424432827?region=GB&locale=en,张宇,4.2
2026/8/23,GB,UK,新品,1729882315357002057,S260724037886,XL Sweat,非SKM商家,大码女装,女士针织衫,毛衣开衫,大码女装+女士针织衫,"(0,100]",19.76,"(10,30]",-9.09%,负增长,"(0,10]",2026/7/28,26,非JIT商品,158,0,"Khaki,Coffee brown,Orange,Army green",4,"1XL,2XL,4XL,3XL",4,Spring&Fall,https://p16-oec-va.ibyteimg.com/tos-alisg-i-aphluv4xwc-sg/faada89667fa45d69d045a963d3a6840~tplv-o3syd03w52-resize-jpeg:1000:1000.image?,https://shop.tiktok.com/view/product/1729882315357002057?region=GB&locale=en,张宇,4.7
2026/8/23,GB,UK,新品,1729883468499622364,S260724017872,ZQ Clothing,非SKM商家,标码女装,女士下装,长裤,标码女装+女士下装,"(0,100]",13.08,"(10,30]",25.00%,"(0%, 50%]","(0,10]",2026/7/30,24,JIT商品,45,"12,948","Lilac,Black,Brown,Dark gray,Pink,Lime yellow,Khaki,Burgundy,Navy blue,Baby pink,Light wash,Pale green,Gray",13,"M,L,XS,S,XL",5,Spring&Fall,https://p16-oec-va.ibyteimg.com/tos-alisg-i-aphluv4xwc-sg/bdbbe1ea28b24b7594592fbf236ff03f~tplv-o3syd03w52-resize-jpeg:1000:1000.image?,https://shop.tiktok.com/view/product/1729883468499622364?region=GB&locale=en,刘雪莹,4.5
2026/8/23,GB,UK,新品,1729881779550198574,S260727025302,Einsamw,非SKM商家,标码女装,女士套装及西服,半裙套装,标码女装+女士套装及西服,"(0,100]",28.35,"(10,30]",-46.67%,负增长,"(0,10]",2026/7/29,25,非JIT商品,196,0,"Brown,Black,Dark wash",3,"XL,S,M,L",4,Spring&Fall,https://p16-oec-va.ibyteimg.com/tos-alisg-i-aphluv4xwc-sg/457ee5f7e52d4299a235a69dc467a2c7~tplv-o3syd03w52-resize-jpeg:1000:1000.image?,https://shop.tiktok.com/view/product/1729881779550198574?region=GB&locale=en,黄依婷,4.8
2026/8/23,GB,UK,新品,1729883284759025759,S260729024252,Muslim Cloaks,非SKM商家,标码女装,女士穆斯林服装,连衣裙,标码女装+女士穆斯林服装,"(0,100]",43.68,"(10,30]",-26.67%,负增长,"(0,10]",2026/8/6,17,非JIT商品,75,0,"Mint green,Coral pink,Black",3,"M,XXL,L,XL",4,All Seasons,https://p16-oec-va.ibyteimg.com/tos-alisg-i-aphluv4xwc-sg/85b21c4b427242358c092c3513f08602~tplv-o3syd03w52-resize-jpeg:1000:1000.image?,https://shop.tiktok.com/view/product/1729883284759025759?region=GB&locale=en,徐熙雅,4.6
2026/8/23,GB,UK,新品,1729885559594195676,S260731029598,flux hoodies,非SKM商家,标码女装,女士套装及西服,长裤套装,标码女装+女士套装及西服,"(0,100]",27.68,"(10,30]",-58.33%,负增长,"(0,10]",2026/8/3,20,JIT商品,0,"3,173","White,olive green,Black,Gray",4,"M,S,XL,L",4,Spring&Fall,https://p16-oec-va.ibyteimg.com/tos-alisg-i-aphluv4xwc-sg/c440e5a48cc147ab9be691c7174fe2c0~tplv-o3syd03w52-resize-jpeg:1000:1000.image?,https://shop.tiktok.com/view/product/1729885559594195676?region=GB&locale=en,刘雪莹,4.6
2026/8/23,GB,UK,新品,1729877905544485841,S260721025878,Jessy Up,非SKM商家,标码女装,女士套装及西服,长裤套装,标码女装+女士套装及西服,"(0,100]",17.42,"(10,30]",-20.00%,负增长,"(0,10]",2026/8/6,17,非JIT商品,74,0,"Black,Dark brown,Blue",3,"L,XL,M,S",4,Spring&Fall,https://p16-oec-va.ibyteimg.com/tos-alisg-i-aphluv4xwc-sg/9237a2ea08fb4e4caadd8e6fbe3fa023~tplv-o3syd03w52-resize-jpeg:1000:1000.image?,https://shop.tiktok.com/view/product/1729877905544485841?region=GB&locale=en,黄依婷,4.5
2026/8/23,GB,UK,新品,1729880128802298386,S260724023427,LovelyWholesale - US,非SKM商家,标码女装,女士套装及西服,长裤套装,标码女装+女士套装及西服,"(0,100]",17.69,"(10,30]",-12.50%,负增长,"(0,10]",2026/7/24,30,JIT商品,0,678,"Navy blue,Burgundy,Khaki,Gray,Black",5,"XL,XXL,M,S,L",5,All Seasons,https://p16-oec-va.ibyteimg.com/tos-alisg-i-aphluv4xwc-sg/ff42a559e37b456b959f88c10f048a2c~tplv-o3syd03w52-resize-jpeg:1000:1000.image?,https://shop.tiktok.com/view/product/1729880128802298386?region=GB&locale=en,游宇航,3.9
2026/8/23,GB,UK,新品,1729882781143374409,S260727032541,Trendy forLess,非SKM商家,标码女装,女士套装及西服,长裤套装,标码女装+女士套装及西服,"(0,100]",24.59,"(10,30]",-22.22%,负增长,"(0,10]",2026/7/29,25,JIT商品,0,"2,572","Khaki,Navy blue,Black,Army green,Curry,Coffee brown,Wine red,Gray,Burgundy",9,"S-m,L-XL,Xxl-xxxl",3,Spring&Fall,https://p16-oec-va.ibyteimg.com/tos-alisg-i-aphluv4xwc-sg/0468c020be51408ba3e0eca45f3af32e~tplv-o3syd03w52-resize-jpeg:1000:1000.image?,https://shop.tiktok.com/view/product/1729882781143374409?region=GB&locale=en,王谍,4.6
2026/8/23,GB,UK,新品,1729880014871042401,S260718029934,The Flood,非SKM商家,标码女装,女士套装及西服,长裤套装,标码女装+女士套装及西服,"(0,100]",24.93,"(10,30]",-100.00%,负增长,"(0,10]",2026/7/24,30,JIT商品,0,"1,621","White,Baby pink,Green,Black,Dark blue,Yellow,Khaki,Hot pink,Purple,Sky blue,Pink,Gray olive",12,"XXL,S,XL,L,M",5,Spring&Fall,https://p16-oec-va.ibyteimg.com/tos-alisg-i-aphluv4xwc-sg/f107daf8551c4b248ad547f7a46bc81d~tplv-o3syd03w52-resize-jpeg:1000:1000.image?,https://shop.tiktok.com/view/product/1729880014871042401?region=GB&locale=en,刘雪莹,4
2026/8/23,GB,UK,新品,1729880786454420231,S260725017043,UNITHORSE PLUS,非SKM商家,大码女装,女士连衣裙,晚礼服,大码女装+女士连衣裙,"(0,100]",70.26,"(10,30]",-40.00%,负增长,"(0,10]",2026/7/25,29,JIT商品,0,438,"Black,Silver,Golden",3,"4XL,1XL,0XL,2XL,3XL",5,Spring&Fall,https://p16-oec-va.ibyteimg.com/tos-alisg-i-aphluv4xwc-sg/5ad2e2fce95348d7b91a2f6b0b835694~tplv-o3syd03w52-resize-jpeg:1000:1000.image?,https://shop.tiktok.com/view/product/1729880786454420231?region=GB&locale=en,张宇,4.3
2026/8/23,GB,UK,新品,1729867508326373952,S260706033181,JYLINN Cruve,非SKM商家,大码女装,女士连衣裙,休闲连衣裙,大码女装+女士连衣裙,"(0,100]",23.33,"(10,30]",0.00%,持平,"(0,10]",2026/7/24,30,JIT商品,101,6,"White,Gray",2,"0XL,4XL,1XL,2XL,3XL",5,Spring&Fall,https://p16-oec-va.ibyteimg.com/tos-alisg-i-aphluv4xwc-sg/2d7fe0891cd84929b63691458efa0214~tplv-o3syd03w52-resize-jpeg:1000:1000.image?,https://shop.tiktok.com/view/product/1729867508326373952?region=GB&locale=en,张宇,4.3
2026/8/23,GB,UK,新品,1729883494568139337,S260724015060,Trendy forLess,非SKM商家,标码女装,女士下装,长裤,标码女装+女士下装,"(0,100]",17.4,"(10,30]",-16.67%,负增长,"(0,10]",2026/7/30,24,JIT商品,0,129,"Black,Baby pink,Beige,Pale green,Gray,Navy blue,Olive green",7,"S,M,XXXL,XL,L,XXL",6,Spring&Fall,https://p16-oec-va.ibyteimg.com/tos-alisg-i-aphluv4xwc-sg/7bab455257564138ac5ca50fec432560~tplv-o3syd03w52-resize-jpeg:1000:1000.image?,https://shop.tiktok.com/view/product/1729883494568139337?region=GB&locale=en,王谍,4.6
2026/8/23,GB,UK,新品,1729879987637230153,S260723030758,Trendy forLess,非SKM商家,标码女装,女士下装,长裤,标码女装+女士下装,"(0,100]",10.56,"(10,30]",-50.00%,负增长,"(0,10]",2026/7/24,30,JIT商品,1,114,"Gray,Reed green,Black,Brown,Navy blue",5,"S,XXXL,XL,M,XXL,L",6,Spring&Fall,https://p16-oec-va.ibyteimg.com/tos-alisg-i-aphluv4xwc-sg/f6ed579f88734730bf65d837eac1dc28~tplv-o3syd03w52-resize-jpeg:1000:1000.image?,https://shop.tiktok.com/view/product/1729879987637230153?region=GB&locale=en,王谍,4.6
2026/8/23,GB,UK,新品,1729879115848587713,S260723001000,Giolshon Plus,非SKM商家,大码女装,女士上装,女士棉服,大码女装+女士上装,"(0,100]",34.94,"(10,30]",250.00%,"(100%, 300%]","(10,30]",2026/7/26,28,非JIT商品,34,0,"Blue,Black",2,"2XL,4XL,3XL,1XL,5XL",5,Fall&Winter,https://p16-oec-va.ibyteimg.com/tos-alisg-i-aphluv4xwc-sg/846d66df45864c35a4508ea9b27b6287~tplv-o3syd03w52-resize-jpeg:1000:1000.image?,https://shop.tiktok.com/view/product/1729879115848587713?region=GB&locale=en,郑川粤,4.1
2026/8/23,GB,UK,新品,1729881195443493193,S260726011172,XL Sweat,非SKM商家,大码女装,女士针织衫,毛衣套头衫,大码女装+女士针织衫,"(0,100]",22.57,"(10,30]",-83.33%,负增长,"(0,10]",2026/7/31,23,非JIT商品,145,0,"Coffee brown,Khaki,Brown,Dark wash",4,"3XL,2XL,0XL,1XL",4,Spring&Fall,https://p16-oec-va.ibyteimg.com/tos-alisg-i-aphluv4xwc-sg/7ab1eb9841eb4f98a43c0112e8904ed5~tplv-o3syd03w52-resize-jpeg:1000:1000.image?,https://shop.tiktok.com/view/product/1729881195443493193?region=GB&locale=en,张宇,4.7
2026/8/23,GB,UK,新品,1729883221187860805,S260729026713,YouAnnn,非SKM商家,标码女装,女士针织衫,毛衣套头衫,标码女装+女士针织衫,"(0,100]",12.81,"(10,30]",-20.00%,负增长,"(0,10]",2026/8/4,19,非JIT商品,107,0,"Black,Beige",2,"L,XXL,S,XL,M",5,Spring&Fall,https://p16-oec-va.ibyteimg.com/tos-alisg-i-aphluv4xwc-sg/ba3d777a23c340b9a4e1788cf705ffc9~tplv-o3syd03w52-resize-jpeg:1000:1000.image?,https://shop.tiktok.com/view/product/1729883221187860805?region=GB&locale=en,沈亦莎,4.7
2026/8/23,GB,UK,新品,1729883137810602027,S260722029429,Yinos Fashion,非SKM商家,标码女装,女士套装及西服,长裤套装,标码女装+女士套装及西服,"(0,100]",24.37,"(10,30]",16.67%,"(0%, 50%]","(0,10]",2026/7/29,25,非JIT商品,123,0,"Coffee color,Black,Pale blue,Brown",4,"M,S,L,XL,XS",5,All Seasons,https://p16-oec-va.ibyteimg.com/tos-alisg-i-aphluv4xwc-sg/cd8d606a7d504935bad34c68af90d185~tplv-o3syd03w52-resize-jpeg:1000:1000.image?,https://shop.tiktok.com/view/product/1729883137810602027?region=GB&locale=en,游宇航,4.7
2026/8/23,GB,UK,新品,1729887256862103895,S260805000239,FOXCLAW Curve,非SKM商家,大码女装,女士上装,女士连帽卫衣,大码女装+女士上装,"(0,100]",15.93,"(10,30]",12.50%,"(0%, 50%]","(0,10]",2026/8/8,15,非JIT商品,33,0,Multicolor,1,"3XL,1XL,4XL,2XL,5XL",5,Spring&Fall,https://p16-oec-va.ibyteimg.com/tos-maliva-i-o3syd03w52-us/5de3d1052f714088a0e03d195b3d75a8~tplv-o3syd03w52-resize-jpeg:1000:1000.image?,https://shop.tiktok.com/view/product/1729887256862103895?region=GB&locale=en,郑川粤,4.2
2026/8/23,GB,UK,新品,1729877263334807554,S260720038130,Low Price Fashion,非SKM商家,标码女装,女士针织衫,开衫,标码女装+女士针织衫,"(0,100]",12.61,"(10,30]",1400.00%,"(500%, +∞)","(10,30]",2026/7/27,27,非JIT商品,61,0,"White,Black,Fawn brown",3,"M,XXL,S,L,XL",5,Spring&Fall,https://p16-oec-va.ibyteimg.com/tos-alisg-i-aphluv4xwc-sg/16fdb74240fa44089691ac044147549e~tplv-o3syd03w52-resize-jpeg:1000:1000.image?,https://shop.tiktok.com/view/product/1729877263334807554?region=GB&locale=en,沈亦莎,4.6
2026/8/23,GB,UK,新品,1729879984645511753,S260722035423,Trendy forLess,非SKM商家,标码女装,女士套装及西服,长裤套装,标码女装+女士套装及西服,"(0,100]",32.43,"(10,30]",-42.86%,负增长,"(0,10]",2026/7/24,30,JIT商品,1,"2,608","Baby pink,Black,Gray,Beige,Coffee brown",5,"XXL,L,S,M,XL",5,Spring&Fall,https://p16-oec-va.ibyteimg.com/tos-alisg-i-aphluv4xwc-sg/5d761953ad6a4d8b8e3b7c5f5feadad3~tplv-o3syd03w52-resize-jpeg:1000:1000.image?,https://shop.tiktok.com/view/product/1729879984645511753?region=GB&locale=en,王谍,4.6
2026/8/23,GB,UK,新品,1729886794595473993,S260804034186,Trendy forLess,非SKM商家,标码女装,女士套装及西服,长裤套装,标码女装+女士套装及西服,"(0,100]",29.86,"(10,30]",1300.00%,"(500%, +∞)","(0,10]",2026/8/4,19,JIT商品,18,472,"Burgundy,Beige,Hot pink,Brown,Blue,Green,Yellow,Gray,Black",9,One-size,1,Spring&Fall,https://p16-oec-va.ibyteimg.com/tos-alisg-i-aphluv4xwc-sg/98f52ac3d4ad4188a207bfcd270627bd~tplv-o3syd03w52-resize-jpeg:1000:1000.image?,https://shop.tiktok.com/view/product/1729886794595473993?region=GB&locale=en,王谍,4.6
2026/8/23,GB,UK,新品,1729883294874311105,S260729002848,Giolshon Plus,非SKM商家,大码女装,女士上装,女士休闲夹克和外套,大码女装+女士上装,"(0,100]",25.72,"(10,30]",125.00%,"(100%, 300%]","(0,10]",2026/8/3,20,非JIT商品,62,0,"Black,Red",2,"4XL,1XL,5XL,3XL,2XL",5,Fall&Winter,https://p16-oec-va.ibyteimg.com/tos-alisg-i-aphluv4xwc-sg/cdec67a7f8734f9fbbdac6d100d0ac01~tplv-o3syd03w52-resize-jpeg:1000:1000.image?,https://shop.tiktok.com/view/product/1729883294874311105?region=GB&locale=en,郑川粤,4.1
2026/8/23,GB,UK,新品,1729880128547035666,S260724023247,LovelyWholesale - US,非SKM商家,标码女装,女士套装及西服,长裤套装,标码女装+女士套装及西服,"(0,100]",13.44,"(10,30]",-37.50%,负增长,"(0,10]",2026/7/24,30,JIT商品,0,698,"Burgundy,Khaki,Gray,Navy blue,Black",5,"XL,M,S,XXL,L",5,All Seasons,https://p16-oec-va.ibyteimg.com/tos-alisg-i-aphluv4xwc-sg/3fd0f722ff8d43babeae8c7d3e70933f~tplv-o3syd03w52-resize-jpeg:1000:1000.image?,https://shop.tiktok.com/view/product/1729880128547035666?region=GB&locale=en,游宇航,3.9
2026/8/23,GB,UK,新品,1729888945936178001,S260806012472,ruisusu Marketplace,非SKM商家,标码女装,女士穆斯林服装,服装套装,标码女装+女士穆斯林服装,"(0,100]",29.11,"(10,30]",100.00%,"(50%, 100%]","(0,10]",2026/8/13,10,非JIT商品,66,0,"Pink,Black,Coffee brown,Apricot,Dark blue,Khaki",6,"M,XL,XXL,L",4,All Seasons,https://p16-oec-va.ibyteimg.com/tos-alisg-i-aphluv4xwc-sg/372d79734ea14947b1324dec9e3e8482~tplv-o3syd03w52-resize-jpeg:1000:1000.image?,https://shop.tiktok.com/view/product/1729888945936178001?region=GB&locale=en,徐熙雅,4.4
2026/8/23,GB,UK,新品,1729869433424353613,S260709029346,Follome,非SKM商家,标码女装,女士套装及西服,长裤套装,标码女装+女士套装及西服,"(0,100]",18.03,"(10,30]",40.00%,"(0%, 50%]","(0,10]",2026/8/1,22,非JIT商品,60,0,"gray-brown,Navy blue,Army green",3,"XL,L,S,M",4,Spring&Fall,https://p16-oec-va.ibyteimg.com/tos-alisg-i-aphluv4xwc-sg/b12b3ea66f454d68afcec88b781427ff~tplv-o3syd03w52-resize-jpeg:1000:1000.image?,https://shop.tiktok.com/view/product/1729869433424353613?region=GB&locale=en,张健,4.6
2026/8/23,GB,UK,新品,1729891344058652989,S260809015651,LumosModesty,非SKM商家,标码女装,女士穆斯林服装,衬衣及女上衣,标码女装+女士穆斯林服装,"(0,100]",24.98,"(10,30]",100.00%,"(50%, 100%]","(0,10]",2026/8/11,12,非JIT商品,95,0,"Light wash,Dark beige,Dark brown,Pale green",4,"L,M",2,All Seasons,https://p16-oec-va.ibyteimg.com/tos-alisg-i-aphluv4xwc-sg/2a8256d7fb1f42199da574d9c18480d8~tplv-o3syd03w52-resize-jpeg:1000:1000.image?,https://shop.tiktok.com/view/product/1729891344058652989?region=GB&locale=en,徐熙雅,4.4
2026/8/23,GB,UK,新品,1729877602550455066,S260721007074,FASHION DOLA,非SKM商家,标码女装,女士针织衫,毛衣套头衫,标码女装+女士针织衫,"(0,100]",16.88,"(10,30]",80.00%,"(50%, 100%]","(0,10]",2026/7/31,23,非JIT商品,53,0,"Brown,Pink,Blue",3,"S,M,XL,L,XXL",5,Spring&Fall,https://p16-oec-va.ibyteimg.com/tos-alisg-i-aphluv4xwc-sg/55cbecd79ce146699d3ba6ee03f5e214~tplv-o3syd03w52-resize-jpeg:1000:1000.image?,https://shop.tiktok.com/view/product/1729877602550455066?region=GB&locale=en,沈亦莎,4.9
2026/8/23,GB,UK,新品,1729876961784469941,S260720010886,HPGclothing,非SKM商家,大码女装,女士连衣裙,休闲连衣裙,大码女装+女士连衣裙,"(0,100]",15.16,"(10,30]",-14.29%,负增长,"(0,10]",2026/7/25,29,JIT商品,10,85,Multi-color,1,"5XL,4XL,1XL,2XL,3XL",5,Spring&Fall,https://p16-oec-va.ibyteimg.com/tos-alisg-i-aphluv4xwc-sg/ea750fd9b9ec438e8732b3f7f861e875~tplv-o3syd03w52-resize-jpeg:1000:1000.image?,https://shop.tiktok.com/view/product/1729876961784469941?region=GB&locale=en,张宇,4.4
2026/8/23,GB,UK,新品,1729876026268817805,S260718008624,Rusttydustty Curve,非SKM商家,大码女装,女士连衣裙,休闲连衣裙,大码女装+女士连衣裙,"(0,100]",15.7,"(10,30]",-62.50%,负增长,"(0,10]",2026/8/2,21,非JIT商品,19,0,Stripe,1,"4XL,3XL,2XL,1XL,0XL",5,Spring&Fall,https://p16-oec-va.ibyteimg.com/tos-alisg-i-aphluv4xwc-sg/ae3b0e1819cb4c5db22c14f4f96b8097~tplv-o3syd03w52-resize-jpeg:1000:1000.image?,https://shop.tiktok.com/view/product/1729876026268817805?region=GB&locale=en,张宇,4.5
2026/8/23,GB,UK,新品,1729895776809818768,S260814015441,LILI.AN.SHOP,非SKM商家,大码女装,女士套装及西服,长裤套装,大码女装+女士套装及西服,"(0,100]",23.38,"(10,30]",,新增动销,"(0,10]",2026/8/18,5,非JIT商品,31,0,Ivory,1,"1XL,4XL,5XL,2XL,3XL",5,Spring&Fall,https://p16-oec-va.ibyteimg.com/tos-alisg-i-aphluv4xwc-sg/002b1481a1714fd5a5b168aa43ccc80b~tplv-o3syd03w52-resize-jpeg:1000:1000.image?,https://shop.tiktok.com/view/product/1729895776809818768?region=GB&locale=en,张宇,4.3
2026/8/23,GB,UK,新品,1729881502238873779,S260725021326,ZOVINRIA,非SKM商家,标码女装,女士针织衫,毛衣套头衫,标码女装+女士针织衫,"(0,100]",12.04,"(10,30]",-50.00%,负增长,"(0,10]",2026/7/31,23,非JIT商品,86,0,"Dark green,Black,Brown,Deep blue,Chocolate brown,Burgundy,Light gray,Fawn brown,Olive green",9,"M,S,L",3,Fall&Winter,https://p16-oec-va.ibyteimg.com/tos-alisg-i-aphluv4xwc-sg/58c12a06a5244b77a7bbccd62ad35881~tplv-o3syd03w52-resize-jpeg:1000:1000.image?,https://shop.tiktok.com/view/product/1729881502238873779?region=GB&locale=en,王可心,4.6
2026/8/23,GB,UK,新品,1729882721966200857,S260725012039,NS Dress,非SKM商家,大码女装,女士连衣裙,派对礼服,大码女装+女士连衣裙,"(0,100]",31.15,"(10,30]",-37.50%,负增长,"(0,10]",2026/7/29,25,JIT商品,27,83,"Red,Light blue,White,Black",4,"4XL,1XL,0XL,3XL,2XL",5,Spring&Fall,https://p16-oec-va.ibyteimg.com/tos-alisg-i-aphluv4xwc-sg/08525d5801874da1bccca9c8414db843~tplv-o3syd03w52-resize-jpeg:1000:1000.image?,https://shop.tiktok.com/view/product/1729882721966200857?region=GB&locale=en,张宇,4.4
2026/8/23,GB,UK,新品,1729879944669666248,S260724008411,Wenyu Modest Abaya,非SKM商家,标码女装,女士穆斯林服装,连衣裙,标码女装+女士穆斯林服装,"(0,100]",20.76,"(10,30]",-55.56%,负增长,"(0,10]",2026/7/24,30,JIT商品,40,319,"Khaki,Black,Brown",3,"L,M,XXL,XL,S",5,All Seasons,https://p16-oec-va.ibyteimg.com/tos-alisg-i-aphluv4xwc-sg/f7a208d3294144cd99b858ab46aef905~tplv-o3syd03w52-resize-jpeg:1000:1000.image?,https://shop.tiktok.com/view/product/1729879944669666248?region=GB&locale=en,徐熙雅,3.9
2026/8/23,GB,UK,新品,1729886859529787735,S260804004869,FOXCLAW Curve,非SKM商家,大码女装,女士上装,女士衬衫,大码女装+女士上装,"(0,100]",14.81,"(10,30]",-80.00%,负增长,"(0,10]",2026/8/6,17,非JIT商品,75,0,"Mint green,Black,Khaki",3,"4XL,2XL,1XL,5XL,0XL,3XL",6,Spring&Fall,https://p16-oec-va.ibyteimg.com/tos-alisg-i-aphluv4xwc-sg/eac9668d2584484ab3b91230fd9ee9af~tplv-o3syd03w52-resize-jpeg:1000:1000.image?,https://shop.tiktok.com/view/product/1729886859529787735?region=GB&locale=en,郑川粤,4.2
2026/8/23,GB,UK,新品,1729880885783403464,S260725025434,Wenyu Modest Abaya,非SKM商家,标码女装,女士穆斯林服装,连衣裙,标码女装+女士穆斯林服装,"(0,100]",14.03,"(10,30]",-33.33%,负增长,"(0,10]",2026/7/25,29,JIT商品,1,263,"Army green,Khaki,Black",3,"L,S,XXL,M,XL",5,All Seasons,https://p16-oec-va.ibyteimg.com/tos-alisg-i-aphluv4xwc-sg/5526ee41f2a845bcb5a2eda572f4180f~tplv-o3syd03w52-resize-jpeg:1000:1000.image?,https://shop.tiktok.com/view/product/1729880885783403464?region=GB&locale=en,徐熙雅,3.9
2026/8/23,GB,UK,新品,1729864629125159892,S260701029356,fashion iconn,非SKM商家,标码女装,女士针织衫,毛织短裤套装,标码女装+女士针织衫,"(0,100]",25.17,"(10,30]",-20.00%,负增长,"(0,10]",2026/8/3,20,非JIT商品,172,0,"Light green,Khaki,White,Yellow",4,"XL,L,M,S,XS,XXL",6,Spring&Fall,https://p16-oec-va.ibyteimg.com/tos-alisg-i-aphluv4xwc-sg/588d5b05300e4186a8defa3a09e8a1b7~tplv-o3syd03w52-resize-jpeg:1000:1000.image?,https://shop.tiktok.com/view/product/1729864629125159892?region=GB&locale=en,王可心,4.6
2026/8/23,GB,UK,新品,1729887579415812587,S260805021452,DolceAmara,非SKM商家,标码女装,女士套装及西服,长裤套装,标码女装+女士套装及西服,"(0,100]",15.56,"(10,30]",125.00%,"(100%, 300%]","(0,10]",2026/8/15,8,非JIT商品,15,0,Black and white,1,"S,XL,L,M",4,Spring&Fall,https://p16-oec-va.ibyteimg.com/tos-alisg-i-aphluv4xwc-sg/27f71f8ec51c45f8b6b4be550fe58b62~tplv-o3syd03w52-resize-jpeg:1000:1000.image?,https://shop.tiktok.com/view/product/1729887579415812587?region=GB&locale=en,黄依婷,4.8
2026/8/23,GB,UK,新品,1729872739926579543,S260714016739,FOXCLAW Curve,非SKM商家,大码女装,女士上装,女士马甲,大码女装+女士上装,"(0,100]",10.85,"(10,30]",-37.50%,负增长,"(0,10]",2026/8/5,18,非JIT商品,31,0,Khaki,1,"3XL,1XL,5XL,2XL,4XL",5,Spring&Fall,https://p16-oec-va.ibyteimg.com/tos-alisg-i-aphluv4xwc-sg/48e3f254f8004379ab9de08e8f0450c0~tplv-o3syd03w52-resize-jpeg:1000:1000.image?,https://shop.tiktok.com/view/product/1729872739926579543?region=GB&locale=en,郑川粤,4.2
2026/8/23,GB,UK,新品,1729885415610292549,S260802016121,YouAnnn,非SKM商家,标码女装,女士针织衫,毛衣套头衫,标码女装+女士针织衫,"(0,100]",16.31,"(10,30]",450.00%,"(300%, 500%]","(0,10]",2026/8/8,15,非JIT商品,156,0,"Cream,Stone gray,Green",3,"L,S,M,XL,XXL",5,Spring&Fall,https://p16-oec-va.ibyteimg.com/tos-alisg-i-aphluv4xwc-sg/2ef554f099a945eba52165e801433d6c~tplv-o3syd03w52-resize-jpeg:1000:1000.image?,https://shop.tiktok.com/view/product/1729885415610292549?region=GB&locale=en,沈亦莎,4.7
2026/8/23,GB,UK,新品,1729885899830040972,S260803018493,Hafizah,非SKM商家,标码女装,女士穆斯林服装,长袍,标码女装+女士穆斯林服装,"(0,100]",30.7,"(10,30]",0.00%,持平,"(0,10]",2026/8/6,17,非JIT商品,22,0,Yellow,1,"XL,L,S,M,XXL",5,All Seasons,https://p16-oec-va.ibyteimg.com/tos-alisg-i-aphluv4xwc-sg/10f4e146af2a4e1b97f523afb43501e5~tplv-o3syd03w52-resize-jpeg:1000:1000.image?,https://shop.tiktok.com/view/product/1729885899830040972?region=GB&locale=en,徐熙雅,4
2026/8/23,GB,UK,新品,1729880870031497395,S260725024969,ZOVINRIA,非SKM商家,标码女装,女士针织衫,毛衣套头衫,标码女装+女士针织衫,"(0,100]",19.77,"(10,30]",-37.50%,负增长,"(0,10]",2026/8/1,22,非JIT商品,70,0,"Red,White,Black",3,"M,S,L",3,Fall&Winter,https://p16-oec-va.ibyteimg.com/tos-alisg-i-aphluv4xwc-sg/959acdcb2b9b419ea41085c01de2f360~tplv-o3syd03w52-resize-jpeg:1000:1000.image?,https://shop.tiktok.com/view/product/1729880870031497395?region=GB&locale=en,王可心,4.6
2026/8/23,GB,UK,新品,1729891689484688271,S260810007902,FianiVibe,非SKM商家,标码女装,女士套装及西服,长裤套装,标码女装+女士套装及西服,"(0,100]",24.51,"(10,30]",,新增动销,"(0,10]",2026/8/16,7,非JIT商品,22,0,Brown,1,"XL,S,M,L",4,Spring&Fall,https://p16-oec-va.ibyteimg.com/tos-alisg-i-aphluv4xwc-sg/73de3a073f054fca9587b449d7d33bde~tplv-o3syd03w52-resize-jpeg:1000:1000.image?,https://shop.tiktok.com/view/product/1729891689484688271?region=GB&locale=en,黄依婷,4.7
2026/8/23,GB,UK,新品,1729883154946300077,S260729014998,ZIZI Sweater,非SKM商家,大码女装,女士针织衫,毛衣开衫,大码女装+女士针织衫,"(0,100]",17.81,"(10,30]",400.00%,"(300%, 500%]","(0,10]",2026/8/3,20,非JIT商品,89,0,"Black,White,Gray,Red,Green",5,"1XL,3XL,4XL,2XL",4,Spring&Fall,https://p16-oec-va.ibyteimg.com/tos-alisg-i-aphluv4xwc-sg/513ddd4d53c4493f912506f1a7f9cb76~tplv-o3syd03w52-resize-jpeg:1000:1000.image?,https://shop.tiktok.com/view/product/1729883154946300077?region=GB&locale=en,郑川粤,4.4
2026/8/23,GB,UK,新品,1729880409218914500,S260724037728,FACIO Direct,非SKM商家,标码女装,女士针织衫,毛衣套头衫,标码女装+女士针织衫,"(0,100]",18.96,"(10,30]",-37.50%,负增长,"(0,10]",2026/7/29,25,非JIT商品,16,0,Gray,1,"S,L,M",3,Spring&Fall,https://p16-oec-va.ibyteimg.com/tos-alisg-i-aphluv4xwc-sg/3e99809282014ee78b4e8af7ad54bbec~tplv-o3syd03w52-resize-jpeg:1000:1000.image?,https://shop.tiktok.com/view/product/1729880409218914500?region=GB&locale=en,沈亦莎,4.8
2026/8/23,GB,UK,新品,1729874701625563479,S260716031407,FOXCLAW Curve,非SKM商家,大码女装,女士上装,女士衬衫,大码女装+女士上装,"(0,100]",9.54,"(10,30]",-66.67%,负增长,"(0,10]",2026/8/5,18,非JIT商品,34,0,Gray,1,"4XL,1XL,2XL,3XL,5XL",5,Spring&Fall,https://p16-oec-va.ibyteimg.com/tos-alisg-i-aphluv4xwc-sg/23fc6c03ccbf4b8b81ef89e24669fb32~tplv-o3syd03w52-resize-jpeg:1000:1000.image?,https://shop.tiktok.com/view/product/1729874701625563479?region=GB&locale=en,郑川粤,4.2
2026/8/23,GB,UK,新品,1729880598607665361,S260725004056,Z-Motion,非SKM商家,标码女装,女士下装,长裤,标码女装+女士下装,"(0,100]",23.25,"(10,30]",-80.00%,负增长,"(0,10]",2026/7/25,29,JIT商品,20,2,"Yellow,Red,Blue,Bright orange,Orange,Golden,coral color,Bright red",8,"L,S,M,XXXL,XXL,XL",6,Spring&Fall,https://p16-oec-va.ibyteimg.com/tos-alisg-i-aphluv4xwc-sg/7fb184a932fe4ce4aa92642cfb025a7a~tplv-o3syd03w52-resize-jpeg:1000:1000.image?,https://shop.tiktok.com/view/product/1729880598607665361?region=GB&locale=en,王瑶,
2026/8/23,GB,UK,新品,1729881268723685501,S260726018522,SS VARAH,非SKM商家,大码女装,女士针织衫,毛衣开衫,大码女装+女士针织衫,"(0,100]",20.61,"(10,30]",40.00%,"(0%, 50%]","(0,10]",2026/7/26,28,JIT商品,515,"1,061","Green,Red,White,Lime orange,Gray,Pink,Brown,Light wash,Black,Hot pink,Purple,Yellow,Royal blue",13,"3XL,4XL,2XL,1XL,5XL",5,Spring&Fall,https://p16-oec-va.ibyteimg.com/tos-alisg-i-aphluv4xwc-sg/e6e1d0b4983946dfa7a0dca864ee34f0~tplv-o3syd03w52-resize-jpeg:1000:1000.image?,https://shop.tiktok.com/view/product/1729881268723685501?region=GB&locale=en,郑川粤,
2026/8/23,GB,UK,新品,1729888019301178168,S260805038962,CY Garment,非SKM商家,大码女装,女士上装,女士连帽卫衣,大码女装+女士上装,"(0,100]",10.57,"(10,30]",25.00%,"(0%, 50%]","(0,10]",2026/8/5,18,JIT商品,0,48,Black,1,"1XL,3XL,4XL,2XL,5XL,6XL",6,Spring&Fall,https://p16-oec-va.ibyteimg.com/tos-alisg-i-aphluv4xwc-sg/5079b7f456b24eb28b8b40deaa290445~tplv-o3syd03w52-resize-jpeg:1000:1000.image?,https://shop.tiktok.com/view/product/1729888019301178168?region=GB&locale=en,郑川粤,4.7
2026/8/23,GB,UK,新品,1729891738667620531,S260809007934,ZOVINRIA,非SKM商家,标码女装,女士针织衫,毛衣套头衫,标码女装+女士针织衫,"(0,100]",17.18,"(10,30]",100.00%,"(50%, 100%]","(0,10]",2026/8/13,10,非JIT商品,78,0,"Creamy Peach,color,Soft pink,Ivory,Khaki",5,"L,S,M",3,Spring&Fall,https://p16-oec-va.ibyteimg.com/tos-alisg-i-aphluv4xwc-sg/a2e87f284062457e9965e17737fcdfeb~tplv-o3syd03w52-resize-jpeg:1000:1000.image?,https://shop.tiktok.com/view/product/1729891738667620531?region=GB&locale=en,王可心,4.6
2026/8/23,GB,UK,新品,1729876662323615917,S260719021563,ZIZI Sweater,非SKM商家,大码女装,女士针织衫,毛衣套头衫,大码女装+女士针织衫,"(0,100]",15.93,"(10,30]",200.00%,"(100%, 300%]","(0,10]",2026/8/1,22,非JIT商品,118,0,"Army green,Hot pink,Red,Gray,Black",5,"4XL,3XL,1XL,2XL",4,Fall&Winter,https://p16-oec-va.ibyteimg.com/tos-alisg-i-aphluv4xwc-sg/f7511fb7795540549cc9f663d4aa4882~tplv-o3syd03w52-resize-jpeg:1000:1000.image?,https://shop.tiktok.com/view/product/1729876662323615917?region=GB&locale=en,郑川粤,4.4
2026/8/23,GB,UK,新品,1729877256189089794,S260717039212,Low Price Fashion,非SKM商家,标码女装,女士针织衫,开衫,标码女装+女士针织衫,"(0,100]",23.72,"(10,30]",-16.67%,负增长,"(0,10]",2026/7/26,28,非JIT商品,29,0,"Black,Beige",2,"S,XXL,L,M,XL",5,Spring&Fall,https://p16-oec-va.ibyteimg.com/tos-alisg-i-aphluv4xwc-sg/7e69ce0d2fe74a65b280e89e9f88a2d6~tplv-o3syd03w52-resize-jpeg:1000:1000.image?,https://shop.tiktok.com/view/product/1729877256189089794?region=GB&locale=en,沈亦莎,4.6
2026/8/23,GB,UK,新品,1729890515529275918,S260807037804,YunShine,非SKM商家,标码女装,女士针织衫,毛织长裤套装,标码女装+女士针织衫,"(0,100]",18.9,"(10,30]",,新增动销,"(0,10]",2026/8/11,12,非JIT商品,138,0,"Khaki,Apricot,Black,Gray,Coffee brown",5,"L,S,XL,M",4,Spring&Fall,https://p16-oec-va.ibyteimg.com/tos-alisg-i-aphluv4xwc-sg/07ba60c873f14d2db3bdc8eac67e6809~tplv-o3syd03w52-resize-jpeg:1000:1000.image?,https://shop.tiktok.com/view/product/1729890515529275918?region=GB&locale=en,王可心,4.5
2026/8/23,GB,UK,新品,1729874610007087283,S260716020900,ZOVINRIA,非SKM商家,标码女装,女士针织衫,毛衣连衣裙,标码女装+女士针织衫,"(0,100]",22.51,"(10,30]",-100.00%,负增长,"(0,10]",2026/7/24,30,非JIT商品,69,0,"White,walnut brown,light yellow",3,"M,L,S",3,Spring&Fall,https://p16-oec-va.ibyteimg.com/tos-alisg-i-aphluv4xwc-sg/7c8c5c1af954410cbb0fe3f4301b5365~tplv-o3syd03w52-resize-jpeg:1000:1000.image?,https://shop.tiktok.com/view/product/1729874610007087283?region=GB&locale=en,王可心,4.6
2026/8/23,GB,UK,新品,1729881559413987777,S260724022421,Giolshon Plus,非SKM商家,大码女装,女士上装,女士人造皮草夹克,大码女装+女士上装,"(0,100]",61.49,"(10,30]",900.00%,"(500%, +∞)","(0,10]",2026/7/29,25,非JIT商品,46,0,"Navy blue,Black,Beige",3,"2XL,3XL,4XL,5XL,1XL",5,Winter,https://p16-oec-va.ibyteimg.com/tos-alisg-i-aphluv4xwc-sg/baf3a98c48e0437bbe65fe125b8698f8~tplv-o3syd03w52-resize-jpeg:1000:1000.image?,https://shop.tiktok.com/view/product/1729881559413987777?region=GB&locale=en,郑川粤,4.1
2026/8/23,GB,UK,新品,1729889995545680854,S260806030832,SHUANGBO SHOP,非SKM商家,标码女装,女士穆斯林服装,衬衣及女上衣,标码女装+女士穆斯林服装,"(0,100]",23.52,"(10,30]",0.00%,持平,"(0,10]",2026/8/7,16,JIT商品,1,854,"Khaki,Green",2,"M,L,XL,S,XS",5,All Seasons,https://p16-oec-va.ibyteimg.com/tos-alisg-i-aphluv4xwc-sg/e4f3f4977d354b8c9926202f38ae4a05~tplv-o3syd03w52-resize-jpeg:1000:1000.image?,https://shop.tiktok.com/view/product/1729889995545680854?region=GB&locale=en,王瑶,
2026/8/23,GB,UK,新品,1729890453983107221,S260807029328,Sanuuchic,非SKM商家,标码女装,女士套装及西服,长裤套装,标码女装+女士套装及西服,"(0,100]",27.05,"(10,30]",250.00%,"(100%, 300%]","(0,10]",2026/8/12,11,JIT商品,0,73,Brown,1,"L,XL,S,M",4,Spring&Fall,https://p16-oec-va.ibyteimg.com/tos-alisg-i-aphluv4xwc-sg/91ecc7bf3cf54ce9877e792d0bb621b8~tplv-o3syd03w52-resize-jpeg:1000:1000.image?,https://shop.tiktok.com/view/product/1729890453983107221?region=GB&locale=en,黄依婷,4.7
2026/8/23,GB,UK,新品,1729886776963012769,S260804034385,Muse Plus,非SKM商家,大码女装,女士上装,女士休闲夹克和外套,大码女装+女士上装,"(0,100]",20.33,"(10,30]",0.00%,持平,"(0,10]",2026/8/4,19,JIT商品,2,"1,110","Khaki,Navy blue",2,"4XL,2XL,1XL,3XL,0XL",5,Spring&Fall,https://p16-oec-va.ibyteimg.com/tos-alisg-i-aphluv4xwc-sg/98dbf57f9b794543b87c4f7ef2cd6b82~tplv-o3syd03w52-resize-jpeg:1000:1000.image?,https://shop.tiktok.com/view/product/1729886776963012769?region=GB&locale=en,郑川粤,4.3
2026/8/23,GB,UK,新品,1729878723389135191,S260722030311,FOXCLAW Curve,非SKM商家,大码女装,女士上装,女士 T 恤,大码女装+女士上装,"(0,100]",7.82,"(10,30]",75.00%,"(50%, 100%]","(0,10]",2026/7/30,24,非JIT商品,24,0,Blue,1,"3XL,1XL,5XL,4XL,2XL",5,Spring&Fall,https://p16-oec-va.ibyteimg.com/tos-alisg-i-aphluv4xwc-sg/6800d91adea74977a85c27081857ddeb~tplv-o3syd03w52-resize-jpeg:1000:1000.image?,https://shop.tiktok.com/view/product/1729878723389135191?region=GB&locale=en,郑川粤,4.2
2026/8/23,GB,UK,新品,1729882295462304680,S260727022544,Chic Weaves,非SKM商家,标码女装,女士针织衫,开衫,标码女装+女士针织衫,"(0,100]",18.29,"(10,30]",300.00%,"(100%, 300%]","(0,10]",2026/7/28,26,JIT商品,22,"3,816","Purple - Multicolor 6,White - Multicolor 2,Apricot - Multicolor 5,Orange - Multicolor 1,Lake Blue - Multicolor 7,Denim blue - multicolor 8,Pink - Multicolor 4,Grass green - multicolor 9,Multicolor3,Cranberry Red - Multicolor 10",10,"S,XL,XXL,M,L",5,Spring&Fall,https://p16-oec-va.ibyteimg.com/tos-alisg-i-aphluv4xwc-sg/707d2376b06c4c8399c211320be786ff~tplv-o3syd03w52-resize-jpeg:1000:1000.image?,https://shop.tiktok.com/view/product/1729882295462304680?region=GB&locale=en,王可心,4.8
2026/8/23,GB,UK,新品,1729874606192826711,S260715026563,FOXCLAW Curve,非SKM商家,大码女装,女士套装及西服,连衣裙套装,大码女装+女士套装及西服,"(0,100]",16.66,"(10,30]",-16.67%,负增长,"(0,10]",2026/8/7,16,非JIT商品,27,0,Black,1,"5XL,2XL,4XL,1XL,3XL",5,Spring&Fall,https://p16-oec-va.ibyteimg.com/tos-alisg-i-aphluv4xwc-sg/be6a558150504ebd8df69424846ffb51~tplv-o3syd03w52-resize-jpeg:1000:1000.image?,https://shop.tiktok.com/view/product/1729874606192826711?region=GB&locale=en,郑川粤,4.2
2026/8/23,GB,UK,新品,1729877944323251084,S260721031242,Ranhoy,非SKM商家,标码女装,女士套装及西服,长裤套装,标码女装+女士套装及西服,"(0,100]",18.75,"(10,30]",166.67%,"(100%, 300%]","(0,10]",2026/8/9,14,非JIT商品,19,0,Gray,1,"M,XL,L,S",4,Spring&Fall,https://p16-oec-va.ibyteimg.com/tos-alisg-i-aphluv4xwc-sg/d2ed236b96bd45de83cf1eb273c69778~tplv-o3syd03w52-resize-jpeg:1000:1000.image?,https://shop.tiktok.com/view/product/1729877944323251084?region=GB&locale=en,黄依婷,4.2
2026/8/23,GB,UK,新品,1729869128285985467,S260709003079,Linenvera fashion,非SKM商家,标码女装,女士套装及西服,长裤套装,标码女装+女士套装及西服,"(0,100]",17.43,"(10,30]",-77.78%,负增长,"(0,10]",2026/7/28,26,非JIT商品,135,0,"Light green,Gray,Black,Coffee brown",4,"M,L,S,XL",4,Spring&Fall,https://p16-oec-va.ibyteimg.com/tos-alisg-i-aphluv4xwc-sg/195a211e70da46a98c2e60b13297c7f9~tplv-o3syd03w52-resize-jpeg:1000:1000.image?,https://shop.tiktok.com/view/product/1729869128285985467?region=GB&locale=en,张宇,4.2
2026/8/23,GB,UK,新品,1729883259581733037,S260729009661,ZIZI Sweater,非SKM商家,大码女装,女士针织衫,毛衣开衫,大码女装+女士针织衫,"(0,100]",15.38,"(10,30]",0.00%,持平,"(0,10]",2026/8/3,20,非JIT商品,71,0,"Apricot,Gray,Green,Blue",4,"3XL,4XL,2XL,1XL",4,Spring&Fall,https://p16-oec-va.ibyteimg.com/tos-alisg-i-aphluv4xwc-sg/337852c52b7f4a1e9dd444538a0116af~tplv-o3syd03w52-resize-jpeg:1000:1000.image?,https://shop.tiktok.com/view/product/1729883259581733037?region=GB&locale=en,郑川粤,4.4
2026/8/23,GB,UK,新品,1729887982047435026,S260805038326,LumiKnit,非SKM商家,标码女装,女士针织衫,毛衣套头衫,标码女装+女士针织衫,"(0,100]",11.69,"(10,30]",50.00%,"(0%, 50%]","(0,10]",2026/8/5,18,JIT商品,2,233,"Black and white,Bright orange,Purple and white,Black,Gray,Lilac",6,"L,S,XXL,XL,M",5,Spring&Fall,https://p16-oec-va.ibyteimg.com/tos-alisg-i-aphluv4xwc-sg/7ef5eb15c88044aa89e021a9ba79ed71~tplv-o3syd03w52-resize-jpeg:1000:1000.image?,https://shop.tiktok.com/view/product/1729887982047435026?region=GB&locale=en,沈亦莎,
2026/8/23,GB,UK,新品,1729888606895249998,S260806010447,bboyAlun,非SKM商家,大码女装,女士连衣裙,休闲连衣裙,大码女装+女士连衣裙,"(0,100]",12.97,"(10,30]",133.33%,"(100%, 300%]","(0,10]",2026/8/6,17,JIT商品,0,969,"Black,Green,Brown,Dark blue",4,"3XL,5XL,4XL,1XL,2XL",5,Spring&Fall,https://p16-oec-va.ibyteimg.com/tos-alisg-i-aphluv4xwc-sg/54654e97d9614bb3a76b650a99544603~tplv-o3syd03w52-resize-jpeg:1000:1000.image?,https://shop.tiktok.com/view/product/1729888606895249998?region=GB&locale=en,张宇,4.1
2026/8/23,GB,UK,新品,1729869443407190349,S260709030254,Follome,非SKM商家,标码女装,女士套装及西服,长裤套装,标码女装+女士套装及西服,"(0,100]",16.4,"(10,30]",-75.00%,负增长,"(0,10]",2026/7/30,24,非JIT商品,11,0,Brown,1,"M,S,L,XL",4,Spring&Fall,https://p16-oec-va.ibyteimg.com/tos-alisg-i-aphluv4xwc-sg/759142adac0f4d998ddc0e2b45647787~tplv-o3syd03w52-resize-jpeg:1000:1000.image?,https://shop.tiktok.com/view/product/1729869443407190349?region=GB&locale=en,张健,4.6
2026/8/23,US,US,新品,1732547605149160150,S260809007299,Chic And Durable,SKM商家,标码女装,女士套装及西服,长裤套装,标码女装+女士套装及西服,"(0,100]",26.4,"(50,100]",0.00%,持平,"(10,30]",2026/8/11,12,JIT商品,1,"1,113","Caramel-colored stripes,Rose pink ribbon,Black-and-gray stripes",3,"M,S,L,XL",4,Spring&Fall,https://p16-oec-va.ibyteimg.com/tos-maliva-i-o3syd03w52-us/10dd6629c0a945c28253d360d874e138~tplv-o3syd03w52-resize-jpeg:1000:1000.image?,https://shop.tiktok.com/view/product/1732547605149160150?region=US&locale=en,王瑶,3.6
2026/8/23,US,US,新品,1732514310462148733,S260726018522,SS VARAH,非SKM商家,大码女装,女士针织衫,毛衣开衫,大码女装+女士针织衫,"(500,1000]",25.2,"(50,100]",0.00%,持平,"(0,10]",2026/7/26,28,JIT商品,515,"1,061","Brown,Purple,Royal blue,Pink,Hot pink,Red,Lime orange,Gray,Yellow,White,Black,Light wash,Green",13,"5XL,4XL,1XL,3XL,2XL",5,Spring&Fall,https://p16-oec-va.ibyteimg.com/tos-alisg-i-aphluv4xwc-sg/e6e1d0b4983946dfa7a0dca864ee34f0~tplv-o3syd03w52-resize-jpeg:1000:1000.image?,https://shop.tiktok.com/view/product/1732514310462148733?region=US&locale=en,郑川粤,4.6
2026/8/23,US,US,新品,1732506967912321220,S260720041013,FACIO Direct,非SKM商家,标码女装,女士针织衫,开衫,标码女装+女士针织衫,"(100,500]",21.5,"(50,100]",36.67%,"(0%, 50%]","(10,30]",2026/7/26,28,非JIT商品,46,0,"Khaki,Multi-color,Mauve purple,Green",4,"M,S,L,XS",4,Spring&Fall,https://p16-oec-va.ibyteimg.com/tos-maliva-i-o3syd03w52-us/acd54603212c4b6abf6c6b6e267e45b3~tplv-o3syd03w52-resize-jpeg:1000:1000.image?,https://shop.tiktok.com/view/product/1732506967912321220?region=US&locale=en,沈亦莎,4.3
2026/8/23,US,US,新品,1732508324871180327,S260723013605,Finjani-Fashion,非SKM商家,大码女装,女士连衣裙,休闲连衣裙,大码女装+女士连衣裙,"(100,500]",15.45,"(50,100]",-98.00%,负增长,"(0,10]",2026/7/30,24,JIT商品,3,0,"Black,Blue",2,"4XL,1XL,0XL,3XL,2XL",5,Spring&Fall,https://p16-oec-va.ibyteimg.com/tos-maliva-i-o3syd03w52-us/09e2f624bc004b58877e4af5c56bf567~tplv-o3syd03w52-resize-jpeg:1000:1000.image?,https://shop.tiktok.com/view/product/1732508324871180327?region=US&locale=en,郑川粤,2.8
2026/8/23,US,US,新品,1732479999175070043,S260706033049,Chic Knit Luxe,非SKM商家,标码女装,女士针织衫,毛衣套头衫,标码女装+女士针织衫,"(100,500]",14.19,"(50,100]",12.12%,"(0%, 50%]","(10,30]",2026/7/24,30,非JIT商品,50,0,"Medium wash,Purple,Pink,Khaki,Red,Yellow,Green",7,"M,S,L,XL,XXL",5,Spring&Fall,https://p16-oec-va.ibyteimg.com/tos-maliva-i-o3syd03w52-us/60eb2d67a13d4ec4a8e597c94eba4db7~tplv-o3syd03w52-resize-jpeg:1000:1000.image?,https://shop.tiktok.com/view/product/1732479999175070043?region=US&locale=en,王可心,3.3
2026/8/23,US,US,新品,1732516107887612693,S260727023655,Lllumi,非SKM商家,大码女装,女士连衣裙,休闲连衣裙,大码女装+女士连衣裙,"(100,500]",12.59,"(50,100]",-63.04%,负增长,"(0,10]",2026/7/27,27,JIT商品,81,630,"Jet black,Ochre brown,Light brown,Flame red,Lilac,Turquoise blue,Apricot,Golden",8,One-size,1,Spring&Fall,https://p16-oec-va.ibyteimg.com/tos-maliva-i-o3syd03w52-us/ff3517e126894f19b8dadf757cb697e1~tplv-o3syd03w52-resize-jpeg:1000:1000.image?,https://shop.tiktok.com/view/product/1732516107887612693?region=US&locale=en,张宇,4.3
2026/8/23,US,US,新品,1732472097402557127,S260702019301,Justoneone,非SKM商家,标码女装,女士套装及西服,长裤套装,标码女装+女士套装及西服,"(0,100]",26.91,"(50,100]",-50.00%,负增长,"(0,10]",2026/7/25,29,JIT商品,70,745,"Multiple colors,Vermilion,Clay brown,Black,Fawn brown",5,"M,S,L,XL",4,Summer,https://p16-oec-va.ibyteimg.com/tos-alisg-i-aphluv4xwc-sg/ce4e4cb6f1d1487f8de3aa0bceffadf9~tplv-o3syd03w52-resize-jpeg:1000:1000.image?,https://shop.tiktok.com/view/product/1732472097402557127?region=US&locale=en,郑川粤,4.5
2026/8/23,US,US,新品,1732508486378361695,S260723021102,Chic Curves,SKM商家,大码女装,女士下装,半身裙,大码女装+女士下装,"(100,500]",19.99,"(50,100]",14.29%,"(0%, 50%]","(0,10]",2026/7/28,26,非JIT商品,316,0,"Burgundy,Black,Deep blue,Apricot,Brown",5,"4XL,1XL,0XL,3XL,2XL",5,Spring&Fall,https://p16-oec-va.ibyteimg.com/tos-maliva-i-o3syd03w52-us/77688030650841faba1fa2a2c4f48e86~tplv-o3syd03w52-resize-jpeg:1000:1000.image?,https://shop.tiktok.com/view/product/1732508486378361695?region=US&locale=en,张宇,4.2
2026/8/23,US,US,新品,1732515838785720828,S260723031626,Hi anan,非SKM商家,标码女装,女士针织衫,毛衣套头衫,标码女装+女士针织衫,"(0,100]",15.08,"(50,100]",-53.66%,负增长,"(0,10]",2026/7/31,23,非JIT商品,90,0,"Black,Multicolor,Green",3,"M,S,L,XL",4,Spring&Fall,https://p16-oec-va.ibyteimg.com/tos-maliva-i-o3syd03w52-us/1264c26a9fad4470b10b634577159a06~tplv-o3syd03w52-resize-jpeg:1000:1000.image?,https://shop.tiktok.com/view/product/1732515838785720828?region=US&locale=en,沈亦莎,4.4
2026/8/23,US,US,新品,1732517033595211815,S260724011664,Finjani BoldCurve,非SKM商家,大码女装,女士连衣裙,休闲连衣裙,大码女装+女士连衣裙,"(100,500]",10.93,"(50,100]",-24.14%,负增长,"(0,10]",2026/7/30,24,非JIT商品,100,0,"Black,Burgundy",2,"4XL,1XL,0XL,3XL,2XL",5,Spring&Fall,https://p16-oec-va.ibyteimg.com/tos-maliva-i-o3syd03w52-us/6c1da6ce3280454d881550294a56ee66~tplv-o3syd03w52-resize-jpeg:1000:1000.image?,https://shop.tiktok.com/view/product/1732517033595211815?region=US&locale=en,张宇,3.8
2026/8/23,US,US,新品,1732543946952052861,S260809017976,SS VARAH,非SKM商家,大码女装,女士针织衫,毛衣开衫,大码女装+女士针织衫,"(0,100]",38.77,"(50,100]",-73.33%,负增长,"(0,10]",2026/8/9,14,JIT商品,18,"1,912","Green,Purple,Pink,Royal blue,Red,Rose red,Lime orange,Gray,Yellow,White,Black,Light wash,Brown",13,"5XL,4XL,1XL,3XL,2XL",5,Fall&Winter,https://p16-oec-va.ibyteimg.com/tos-maliva-i-o3syd03w52-us/435a6fdae2784c0fb207f505c940d3c2~tplv-o3syd03w52-resize-jpeg:1000:1000.image?,https://shop.tiktok.com/view/product/1732543946952052861?region=US&locale=en,郑川粤,4.6
2026/8/23,US,US,新品,1732544681230308087,S260807028796,FlaireX,非SKM商家,标码女装,女士套装及西服,长裤套装,标码女装+女士套装及西服,"(0,100]",29.39,"(30,50]",9.09%,"(0%, 50%]","(10,30]",2026/8/10,13,非JIT商品,166,0,"Pink,Orange,Army green,Blue",4,"M,S,L,XL",4,Summer,https://p16-oec-va.ibyteimg.com/tos-maliva-i-o3syd03w52-us/4fedf8153966411e88783679af7ba2f6~tplv-o3syd03w52-resize-jpeg:1000:1000.image?,https://shop.tiktok.com/view/product/1732544681230308087?region=US&locale=en,刘雪莹,4.1
2026/8/23,US,US,新品,1732513409896911721,S260725010568,Hijab Haven,非SKM商家,标码女装,女士穆斯林服装,长头巾,标码女装+女士穆斯林服装,"(0,100]",3.91,"(30,50]",50.00%,"(0%, 50%]","(0,10]",2026/7/26,28,JIT商品,1,"4,909","Set,Royal blue,Navy blue,Gray,Multicolor,Set3,Coral pink,Dark green,Turquoise blue,Copper brown,Purple,Set1,Set4,Multicolor2,Bright yellow,Burgundy,Camel,Khaki,Army green,Black,Dark gray,Apricot,21# Denim Blue,Dark wash,Set2,Coffee brown,Pink,22# Mint Green,Lemon yellow,White,Set5,24# Light Purple",32,One-size,1,All Seasons,https://p16-oec-va.ibyteimg.com/tos-maliva-i-o3syd03w52-us/5b472cde8e5d4c3f94473cfc3a3a7ba2~tplv-o3syd03w52-resize-jpeg:1000:1000.image?,https://shop.tiktok.com/view/product/1732513409896911721?region=US&locale=en,徐熙雅,4.6
2026/8/23,US,US,新品,1732518255658898197,S260728015840,AOMR,非SKM商家,标码女装,女士针织衫,毛衣套头衫,标码女装+女士针织衫,"(0,100]",19.35,"(30,50]",17.65%,"(0%, 50%]","(0,10]",2026/7/30,24,非JIT商品,19,0,Cream,1,"M,S,L",3,Fall&Winter,https://p16-oec-va.ibyteimg.com/tos-maliva-i-o3syd03w52-us/47c9bae46aa8483b8121595a7da66042~tplv-o3syd03w52-resize-jpeg:1000:1000.image?,https://shop.tiktok.com/view/product/1732518255658898197?region=US&locale=en,王谍,4.3
2026/8/23,US,US,新品,1732532950490845769,S260804034249,Trendy forLess,非SKM商家,标码女装,女士套装及西服,长裤套装,标码女装+女士套装及西服,"(100,500]",48.98,"(30,50]",-73.08%,负增长,"(0,10]",2026/8/6,17,JIT商品,343,355,"Coffee brown,Khaki,White,Black,Burgundy",5,One-size,1,Spring&Fall,https://p16-oec-va.ibyteimg.com/tos-maliva-i-o3syd03w52-us/42389446abeb4a7e9a7890df2494321d~tplv-o3syd03w52-resize-jpeg:1000:1000.image?,https://shop.tiktok.com/view/product/1732532950490845769?region=US&locale=en,王谍,2.6
2026/8/23,US,US,新品,1732486166953038312,S260711025057,UREREM fashion,非SKM商家,标码女装,女士套装及西服,半裙套装,标码女装+女士套装及西服,"(0,100]",17.13,"(30,50]",-33.33%,负增长,"(0,10]",2026/7/29,25,非JIT商品,104,0,"red and blue stripes,Red,White powder,Light blue,Light pink,Gray,Yellow",7,"M,S,L,XS,XXL,XL",6,Spring&Fall,https://p16-oec-va.ibyteimg.com/tos-maliva-i-o3syd03w52-us/ae73af6ab8ef406a8d070febf94f7bf8~tplv-o3syd03w52-resize-jpeg:1000:1000.image?,https://shop.tiktok.com/view/product/1732486166953038312?region=US&locale=en,游宇航,3.3
2026/8/23,US,US,新品,1732532799897112653,S260804027293,YarnPop,非SKM商家,标码女装,女士针织衫,毛衣马甲,标码女装+女士针织衫,"(0,100]",16.37,"(30,50]",-47.62%,负增长,"(0,10]",2026/8/6,17,非JIT商品,57,0,"Khaki,Dusty blue,Dark brown",3,"M,S,XL,L",4,Spring&Fall,https://p16-oec-va.ibyteimg.com/tos-alisg-i-aphluv4xwc-sg/df7b2ddabc7c4b80922d3626b296d2bc~tplv-o3syd03w52-resize-jpeg:1000:1000.image?,https://shop.tiktok.com/view/product/1732532799897112653?region=US&locale=en,王可心,4.4
2026/8/23,US,US,新品,1732514067555783326,S260725020713,Chic Night Luxe,非SKM商家,标码女装,女士下装,长裤,标码女装+女士下装,"(0,100]",19.13,"(30,50]",-80.00%,负增长,"(0,10]",2026/7/26,28,JIT商品,0,"95,955","Orange red,Royal blue,Light green,Gray,Military green,Black,Green,Hot pink,Lemon yellow,Coffee color,light yellow,White,Sky blue,Burgundy",14,"M,XXXL,S,XXXXL,XL,L,XXL",7,Spring&Fall,https://p16-oec-va.ibyteimg.com/tos-alisg-i-aphluv4xwc-sg/c69025c413984ceb8cfa5978f9a8ed8d~tplv-o3syd03w52-resize-jpeg:1000:1000.image?,https://shop.tiktok.com/view/product/1732514067555783326?region=US&locale=en,王瑶,3.4
2026/8/23,US,US,新品,1732536697871110729,S260806009112,Trendy forLess,非SKM商家,标码女装,女士套装及西服,长裤套装,标码女装+女士套装及西服,"(100,500]",50.62,"(30,50]",-66.67%,负增长,"(0,10]",2026/8/7,16,JIT商品,146,405,"Burgundy,Coffee brown,Iron gray,Light brown,Black,Dark blue,Beige,Mulberry,Green",9,One-size,1,Spring&Fall,https://p16-oec-va.ibyteimg.com/tos-maliva-i-o3syd03w52-us/7c17682f8cd54a19a2b08b174653e3a9~tplv-o3syd03w52-resize-jpeg:1000:1000.image?,https://shop.tiktok.com/view/product/1732536697871110729?region=US&locale=en,王谍,2.6
2026/8/23,US,US,新品,1732516321228984990,S260727020416,Chic Night Luxe,非SKM商家,标码女装,女士下装,长裤,标码女装+女士下装,"(0,100]",18.75,"(30,50]",-57.89%,负增长,"(0,10]",2026/8/6,17,JIT商品,0,"56,945","Orange red,Royal blue,Light green,Gray,Military green,Black,Green,Hot pink,Coffee color,Lemon yellow,light yellow,White,Sky blue,Burgundy",14,"M,XXXL,S,XXXXL,XL,L,XXL",7,Spring&Fall,https://p16-oec-va.ibyteimg.com/tos-alisg-i-aphluv4xwc-sg/9c0013a5630c4d6fb5a416ba1217b96a~tplv-o3syd03w52-resize-jpeg:1000:1000.image?,https://shop.tiktok.com/view/product/1732516321228984990?region=US&locale=en,王瑶,3.4
2026/8/23,US,US,新品,1732500490997175019,S260719009345,Bettlity,非SKM商家,标码女装,女士针织衫,开衫,标码女装+女士针织衫,"(0,100]",21.33,"(30,50]",30.77%,"(0%, 50%]","(0,10]",2026/7/29,25,非JIT商品,241,0,"Purple,Turquoise,Yellow,Dark orange,Bean paste pink",5,"M,S,XL,L,XXL",5,Spring&Fall,https://p16-oec-va.ibyteimg.com/tos-maliva-i-o3syd03w52-us/e473738396774102b92e303990ca2d35~tplv-o3syd03w52-resize-jpeg:1000:1000.image?,https://shop.tiktok.com/view/product/1732500490997175019?region=US&locale=en,沈亦莎,4.7
2026/8/23,US,US,新品,1732507674141430735,S260723002641,Celdra,非SKM商家,标码女装,女士套装及西服,短裤套装,标码女装+女士套装及西服,"(0,100]",26.49,"(30,50]",-56.25%,负增长,"(0,10]",2026/8/2,21,非JIT商品,53,0,"Pink,Deep blue,Brown",3,"M,S,L,XL",4,Summer,https://p16-oec-va.ibyteimg.com/tos-alisg-i-aphluv4xwc-sg/635013e485c24603acb3d95b946b1b32~tplv-o3syd03w52-resize-jpeg:1000:1000.image?,https://shop.tiktok.com/view/product/1732507674141430735?region=US&locale=en,黄依婷,4.2
2026/8/23,US,US,新品,1732518697205535296,S260728034890,JYLINN Cruve,非SKM商家,大码女装,女士下装,短裤,大码女装+女士下装,"(0,100]",12.83,"(30,50]",-6.67%,负增长,"(0,10]",2026/8/4,19,JIT商品,8,78,"Black,Brown",2,"4XL,1XL,0XL,3XL,2XL",5,Summer,https://p16-oec-va.ibyteimg.com/tos-alisg-i-aphluv4xwc-sg/50de99058c8142319924873858e71e15~tplv-o3syd03w52-resize-jpeg:1000:1000.image?,https://shop.tiktok.com/view/product/1732518697205535296?region=US&locale=en,张宇,4.1
2026/8/23,US,US,新品,1732513629133902523,S260726003998,FormeFemme fashion,非SKM商家,标码女装,女士套装及西服,连衣裙套装,标码女装+女士套装及西服,"(0,100]",35.72,"(30,50]",-47.37%,负增长,"(0,10]",2026/8/12,11,非JIT商品,67,0,"Purple,Blue and white",2,"M,S,XL,L,XXL",5,Spring&Fall,https://p16-oec-va.ibyteimg.com/tos-maliva-i-o3syd03w52-us/992129c96b9b44218eb2e8a9cbf3accc~tplv-o3syd03w52-resize-jpeg:1000:1000.image?,https://shop.tiktok.com/view/product/1732513629133902523?region=US&locale=en,张宇,3.8
2026/8/23,US,US,新品,1732521724388610121,S260729028816,Easy Buy Relax,非SKM商家,大码女装,女士上装,女士套头卫衣,大码女装+女士上装,"(0,100]",18.66,"(10,30]",-6.67%,负增长,"(0,10]",2026/8/5,18,非JIT商品,150,0,Dark brown,1,"4XL,1XL,0XL,3XL,2XL",5,Spring&Fall,https://p16-oec-va.ibyteimg.com/tos-maliva-i-o3syd03w52-us/b1d55b4055ca4cf0a738609d9dc0070c~tplv-o3syd03w52-resize-jpeg:1000:1000.image?,https://shop.tiktok.com/view/product/1732521724388610121?region=US&locale=en,郑川粤,4.6
2026/8/23,US,US,新品,1732531237183983857,S260803030566,Miss Zone,SKM商家,大码女装,女士套装及西服,女士西装外套,大码女装+女士套装及西服,"(0,100]",24.64,"(10,30]",20.00%,"(0%, 50%]","(0,10]",2026/8/4,19,JIT商品,1,71,"White,Black",2,"4XL,1XL,0XL,3XL,2XL",5,Spring&Fall,https://p16-oec-va.ibyteimg.com/tos-maliva-i-o3syd03w52-us/70e5de31d5e54ef591d7147a96dc7be5~tplv-o3syd03w52-resize-jpeg:1000:1000.image?,https://shop.tiktok.com/view/product/1732531237183983857?region=US&locale=en,郑川粤,2.9
2026/8/23,US,US,新品,1732522630459330788,S260729030506,Chic N' Cozy,非SKM商家,标码女装,女士套装及西服,长裤套装,标码女装+女士套装及西服,"(0,100]",28.69,"(10,30]",0.00%,持平,"(0,10]",2026/8/2,21,JIT商品,0,"2,351","Strong white,Flame red,Yellow,Black,Dark wash,Brown",6,"M,S,XL,L",4,Spring&Fall,https://p16-oec-va.ibyteimg.com/tos-maliva-i-o3syd03w52-us/17c199aff8f1462db8bd40eac9872159~tplv-o3syd03w52-resize-jpeg:1000:1000.image?,https://shop.tiktok.com/view/product/1732522630459330788?region=US&locale=en,游宇航,2.5
2026/8/23,US,US,新品,1732508915491181407,S260723034625,Chic Curves,SKM商家,大码女装,女士下装,长裤,大码女装+女士下装,"(0,100]",21.95,"(10,30]",9.09%,"(0%, 50%]","(0,10]",2026/8/5,18,非JIT商品,19,0,brownish green,1,"4XL,1XL,0XL,3XL,2XL",5,Spring&Fall,https://p16-oec-va.ibyteimg.com/tos-maliva-i-o3syd03w52-us/3215fc725b1a42ec9d7dfa417114603b~tplv-o3syd03w52-resize-jpeg:1000:1000.image?,https://shop.tiktok.com/view/product/1732508915491181407?region=US&locale=en,张宇,4.2
2026/8/23,US,US,新品,1732509551796391979,S260723033436,Yinos Fashion3,SKM商家,标码女装,女士下装,长裤,标码女装+女士下装,"(0,100]",15.17,"(10,30]",-20.00%,负增长,"(0,10]",2026/7/28,26,非JIT商品,103,0,"Light pink,Military green,Black,Dark blue,Burgundy",5,"M,S,XS,L,XL",5,Spring&Fall,https://p16-oec-va.ibyteimg.com/tos-maliva-i-o3syd03w52-us/fade7fccead24c11b0d78725a7dc1f7b~tplv-o3syd03w52-resize-jpeg:1000:1000.image?,https://shop.tiktok.com/view/product/1732509551796391979?region=US&locale=en,张健,4.4
2026/8/23,US,US,新品,1732528953385783924,S260801016689,Demi Wear,非SKM商家,标码女装,女士下装,长裤,标码女装+女士下装,"(0,100]",14.1,"(10,30]",-57.14%,负增长,"(0,10]",2026/8/4,19,非JIT商品,108,0,"Navy blue,Flame red,Black,Dark brown,Apricot,Burgundy",6,"M,S,XL,L,XS",5,Spring&Fall,https://p16-oec-va.ibyteimg.com/tos-alisg-i-aphluv4xwc-sg/06375e5bf5cf4b70bd264edafe9cff38~tplv-o3syd03w52-resize-jpeg:1000:1000.image?,https://shop.tiktok.com/view/product/1732528953385783924?region=US&locale=en,王瑶,
2026/8/23,US,US,新品,1732486596192473275,S260711000065,Comfleur,非SKM商家,标码女装,女士套装及西服,长裤套装,标码女装+女士套装及西服,"(0,100]",23.19,"(10,30]",18.18%,"(0%, 50%]","(0,10]",2026/7/24,30,JIT商品,76,"999,976","Burgundy,Coffee brown,Khaki,Hot pink,Gray,Black,Pale green,Blue",8,"M,S,L,XL,XS",5,Summer,https://p16-oec-va.ibyteimg.com/tos-maliva-i-o3syd03w52-us/14ea6858d0b94464b5f5274a77bc4d81~tplv-o3syd03w52-resize-jpeg:1000:1000.image?,https://shop.tiktok.com/view/product/1732486596192473275?region=US&locale=en,黄依婷,4.1
2026/8/23,US,US,新品,1732517919403250600,S260727022544,Chic Weaves,非SKM商家,标码女装,女士针织衫,开衫,标码女装+女士针织衫,"(100,500]",29.68,"(10,30]",-72.73%,负增长,"(0,10]",2026/7/28,26,JIT商品,22,"3,816","Apricot - Multicolor 5,Denim blue - multicolor 8,Grass green - multicolor 9,Multicolor3,Orange - Multicolor 1,Purple - Multicolor 6,White - Multicolor 2,Pink - Multicolor 4,Cranberry Red - Multicolor 10,Lake Blue - Multicolor 7",10,"M,S,XL,L,XXL",5,Spring&Fall,https://p16-oec-va.ibyteimg.com/tos-maliva-i-o3syd03w52-us/707d2376b06c4c8399c211320be786ff~tplv-o3syd03w52-resize-jpeg:1000:1000.image?,https://shop.tiktok.com/view/product/1732517919403250600?region=US&locale=en,王可心,4.7
2026/8/23,US,US,新品,1732503843662369111,S260721026538,FOXCLAW Curve,非SKM商家,大码女装,女士下装,长裤,大码女装+女士下装,"(0,100]",14.29,"(10,30]",0.00%,持平,"(0,10]",2026/8/3,20,非JIT商品,54,0,"Multicolor2,Multicolor3,Multi-color",3,"5XL,4XL,1XL,3XL,2XL",5,Spring&Fall,https://p16-oec-va.ibyteimg.com/tos-maliva-i-o3syd03w52-us/710f99f7698346f88cfeb5195c36b321~tplv-o3syd03w52-resize-jpeg:1000:1000.image?,https://shop.tiktok.com/view/product/1732503843662369111?region=US&locale=en,郑川粤,4.1
2026/8/23,US,US,新品,1732510913993806577,S260724022992,MO Threads,非SKM商家,标码女装,女士套装及西服,长裤套装,标码女装+女士套装及西服,"(0,100]",20.15,"(10,30]",0.00%,持平,"(0,10]",2026/7/28,26,JIT商品,0,"2,950","Medium wash,Pink,Black,Apricot,Pale green,Brown",6,"M,S,L,XL,XXL",5,Spring&Fall,https://p16-oec-va.ibyteimg.com/tos-maliva-i-o3syd03w52-us/38c3c22722c245fb911f59caaaf31acb~tplv-o3syd03w52-resize-jpeg:1000:1000.image?,https://shop.tiktok.com/view/product/1732510913993806577?region=US&locale=en,张宇,3.8
2026/8/23,US,US,新品,1732480637533917718,S260708036483,Ai Junsen costume,非SKM商家,标码女装,女士套装及西服,长裤套装,标码女装+女士套装及西服,"(0,100]",24.77,"(10,30]",-30.77%,负增长,"(0,10]",2026/8/9,14,非JIT商品,58,0,"Pink and white,Multi-color",2,"M,S,L,XL",4,Spring&Fall,https://p16-oec-va.ibyteimg.com/tos-maliva-i-o3syd03w52-us/9b326565afd347d69d3277367eaecf25~tplv-o3syd03w52-resize-jpeg:1000:1000.image?,https://shop.tiktok.com/view/product/1732480637533917718?region=US&locale=en,游宇航,3.7
2026/8/23,US,US,新品,1732548993115394209,S260811028952,Muse Plus,SKM商家,大码女装,女士下装,半身裙,大码女装+女士下装,"(0,100]",17.59,"(10,30]",33.33%,"(0%, 50%]","(0,10]",2026/8/11,12,JIT商品,0,180,Black,1,"4XL,1XL,0XL,3XL,2XL",5,Spring&Fall,https://p16-oec-va.ibyteimg.com/tos-maliva-i-o3syd03w52-us/1c3e0d1b18804bbcaf9876002f37fa25~tplv-o3syd03w52-resize-jpeg:1000:1000.image?,https://shop.tiktok.com/view/product/1732548993115394209?region=US&locale=en,郑川粤,3.7
2026/8/23,US,US,新品,1732548987711885830,S260811028296,Lira Select,非SKM商家,标码女装,女士下装,长裤,标码女装+女士下装,"(0,100]",29.89,"(10,30]",-93.75%,负增长,"(0,10]",2026/8/11,12,JIT商品,0,"149,977","Green,Coffee brown,Light green,Army green,Lemon yellow,Gray,White,Black,Burgundy",9,"M,XXXL,S,XL,L,XXL",6,Spring&Fall,https://p16-oec-va.ibyteimg.com/tos-maliva-i-o3syd03w52-us/039b7625eb20432eaf72ec5790dde465~tplv-o3syd03w52-resize-jpeg:1000:1000.image?,https://shop.tiktok.com/view/product/1732548987711885830?region=US&locale=en,王瑶,
2026/8/23,US,US,新品,1732535066520949570,S260805025244,Slim Moda,非SKM商家,标码女装,女士套装及西服,长裤套装,标码女装+女士套装及西服,"(0,100]",19.35,"(10,30]",0.00%,持平,"(0,10]",2026/8/9,14,非JIT商品,181,0,"Coffee brown,Pink,Navy blue,Black,Dark green",5,"M,S,XL,L,XXL",5,Summer,https://p16-oec-va.ibyteimg.com/tos-maliva-i-o3syd03w52-us/62be2ebdfcd546e5b8871db90500b46e~tplv-o3syd03w52-resize-jpeg:1000:1000.image?,https://shop.tiktok.com/view/product/1732535066520949570?region=US&locale=en,刘雪莹,4.7
2026/8/23,US,US,新品,1732490819666547386,S260714028186,MIXIFashion,非SKM商家,标码女装,女士下装,长裤,标码女装+女士下装,"(0,100]",11.97,"(10,30]",-33.33%,负增长,"(0,10]",2026/7/25,29,非JIT商品,76,0,Multiple colors,1,"M,S,L,XL",4,Spring&Fall,https://p16-oec-va.ibyteimg.com/tos-maliva-i-o3syd03w52-us/d0040097d9184fba986738383cf4a3d8~tplv-o3syd03w52-resize-jpeg:1000:1000.image?,https://shop.tiktok.com/view/product/1732490819666547386?region=US&locale=en,黄依婷,4.2
2026/8/23,US,US,新品,1732529314129679064,S260803010750,Asvivid,非SKM商家,标码女装,女士套装及西服,长裤套装,标码女装+女士套装及西服,"(0,100]",41.76,"(10,30]",-46.15%,负增长,"(0,10]",2026/8/3,20,JIT商品,27,2,Multicolor,1,"M,S,L,XL",4,Spring&Fall,https://p16-oec-va.ibyteimg.com/tos-alisg-i-aphluv4xwc-sg/06cbaf0fa4fb4f99af58bace13f490ad~tplv-o3syd03w52-resize-jpeg:1000:1000.image?,https://shop.tiktok.com/view/product/1732529314129679064?region=US&locale=en,游宇航,4.4
2026/8/23,US,US,新品,1732478401969426886,S260707015608,TY Trove,非SKM商家,标码女装,女士套装及西服,女士西服马甲,标码女装+女士套装及西服,"(0,100]",30.5,"(10,30]",-80.00%,负增长,"(0,10]",2026/8/9,14,非JIT商品,56,0,"Black,Dark brown,Burgundy",3,"M,S,L,XL",4,Spring&Fall,https://p16-oec-va.ibyteimg.com/tos-maliva-i-o3syd03w52-us/1cddc08035274990add1b5960ef751d3~tplv-o3syd03w52-resize-jpeg:1000:1000.image?,https://shop.tiktok.com/view/product/1732478401969426886?region=US&locale=en,黄依婷,3.8
2026/8/23,US,US,新品,1732510860044309178,S260724032021,MIXIFashion,非SKM商家,标码女装,女士套装及西服,长裤套装,标码女装+女士套装及西服,"(0,100]",27.5,"(10,30]",0.00%,持平,"(0,10]",2026/8/1,22,非JIT商品,136,0,"Red,Gray,Black",3,"M,S,XL,L",4,Spring&Fall,https://p16-oec-va.ibyteimg.com/tos-maliva-i-o3syd03w52-us/5383038f21aa495d9fe137035db096ca~tplv-o3syd03w52-resize-jpeg:1000:1000.image?,https://shop.tiktok.com/view/product/1732510860044309178?region=US&locale=en,黄依婷,4.2
2026/8/23,US,US,新品,1732512139749855441,S260725004056,Z-Motion,非SKM商家,标码女装,女士下装,长裤,标码女装+女士下装,"(100,500]",14.29,"(10,30]",33.33%,"(0%, 50%]","(0,10]",2026/7/25,29,JIT商品,20,2,"Golden,coral color,Red,Orange,Yellow,Bright red,Bright orange,Blue",8,"M,XXXL,S,L,XL,XXL",6,Spring&Fall,https://p16-oec-va.ibyteimg.com/tos-maliva-i-o3syd03w52-us/7fb184a932fe4ce4aa92642cfb025a7a~tplv-o3syd03w52-resize-jpeg:1000:1000.image?,https://shop.tiktok.com/view/product/1732512139749855441?region=US&locale=en,王瑶,2.1
2026/8/23,US,US,新品,1732491470701957751,S260714027124,Mk Ease,非SKM商家,标码女装,女士针织衫,开衫,标码女装+女士针织衫,"(0,100]",19.57,"(10,30]",-18.18%,负增长,"(0,10]",2026/7/25,29,非JIT商品,68,0,"Baby pink,Red,Olive green,White,Black,Olive brown",6,"M,S,L",3,Spring&Fall,https://p16-oec-va.ibyteimg.com/tos-maliva-i-o3syd03w52-us/18428e4b4e17443c97a0d6b486186df9~tplv-o3syd03w52-resize-jpeg:1000:1000.image?,https://shop.tiktok.com/view/product/1732491470701957751?region=US&locale=en,王可心,
2026/8/23,US,US,新品,1732548252840727135,S260810016252,Vanshee Show,非SKM商家,标码女装,女士套装及西服,短裤套装,标码女装+女士套装及西服,"(0,100]",23.55,"(10,30]",-73.33%,负增长,"(0,10]",2026/8/11,12,JIT商品,0,189,Baby pink,1,"M,S,XL,L",4,Spring&Fall,https://p16-oec-va.ibyteimg.com/tos-alisg-i-aphluv4xwc-sg/7035bf63d20b403b9fd048d9f60b287b~tplv-o3syd03w52-resize-jpeg:1000:1000.image?,https://shop.tiktok.com/view/product/1732548252840727135?region=US&locale=en,游宇航,4.9
2026/8/23,US,US,新品,1732528477352399173,S260802016121,YouAnnn,非SKM商家,标码女装,女士针织衫,毛衣套头衫,标码女装+女士针织衫,"(0,100]",19.39,"(10,30]",-57.14%,负增长,"(0,10]",2026/8/8,15,非JIT商品,156,0,"Cream,Stone gray,Green",3,"M,S,XL,L,XXL",5,Spring&Fall,https://p16-oec-va.ibyteimg.com/tos-alisg-i-aphluv4xwc-sg/2ef554f099a945eba52165e801433d6c~tplv-o3syd03w52-resize-jpeg:1000:1000.image?,https://shop.tiktok.com/view/product/1732528477352399173?region=US&locale=en,沈亦莎,4.3
2026/8/23,US,US,新品,1732533436300562762,S260722023214,Ealiy,非SKM商家,大码女装,女士连衣裙,休闲连衣裙,大码女装+女士连衣裙,"(0,100]",17.93,"(10,30]",-69.23%,负增长,"(0,10]",2026/8/7,16,非JIT商品,33,0,Brown,1,"4XL,1XL,3XL,2XL",4,All Seasons,https://p16-oec-va.ibyteimg.com/tos-maliva-i-o3syd03w52-us/a769b8bba2b446ea826991b8368bb797~tplv-o3syd03w52-resize-jpeg:1000:1000.image?,https://shop.tiktok.com/view/product/1732533436300562762?region=US&locale=en,徐熙雅,
2026/8/23,US,US,新品,1732537541503914848,S260806025955,YAABAAH,非SKM商家,标码女装,女士特殊服饰,女士制服,标码女装+女士特殊服饰,"(0,100]",26.87,"(10,30]",300.00%,"(100%, 300%]","(0,10]",2026/8/11,12,非JIT商品,82,0,"Purple,Pink,Hot pink,Cyan,Navy blue,Yellow,Black,Mauve purple",8,"M,S,XL,L,XXL",5,Spring&Fall,https://p16-oec-va.ibyteimg.com/tos-maliva-i-o3syd03w52-us/83838d1c4e534dc3b371a5c7f3bcc382~tplv-o3syd03w52-resize-jpeg:1000:1000.image?,https://shop.tiktok.com/view/product/1732537541503914848?region=US&locale=en,徐熙雅,
2026/8/23,US,US,新品,1732512639053172779,S260725016302,Yinos Fashion3,SKM商家,标码女装,女士套装及西服,长裤套装,标码女装+女士套装及西服,"(0,100]",23.04,"(10,30]",-58.33%,负增长,"(0,10]",2026/7/31,23,非JIT商品,50,0,"Burgundy,Brown,Pink,Dark blue,Green",5,"M,S,L,XL",4,All Seasons,https://p16-oec-va.ibyteimg.com/tos-maliva-i-o3syd03w52-us/ec8ed209ba1a4deab942e8f16dbdc7b6~tplv-o3syd03w52-resize-jpeg:1000:1000.image?,https://shop.tiktok.com/view/product/1732512639053172779?region=US&locale=en,张健,4.4
2026/8/23,US,US,新品,1732504459923460439,S260715021428,FOXCLAW Curve,非SKM商家,大码女装,女士连衣裙,休闲连衣裙,大码女装+女士连衣裙,"(0,100]",9.41,"(10,30]",800.00%,"(500%, +∞)","(0,10]",2026/8/16,7,非JIT商品,15,0,Sky blue,1,"5XL,4XL,1XL,3XL,2XL",5,Spring&Fall,https://p16-oec-va.ibyteimg.com/tos-maliva-i-o3syd03w52-us/3cd9f007d4aa4066b5e328226d9cf959~tplv-o3syd03w52-resize-jpeg:1000:1000.image?,https://shop.tiktok.com/view/product/1732504459923460439?region=US&locale=en,郑川粤,4.1
2026/8/23,US,US,新品,1732557087308746993,S260814008965,Miss Zone,SKM商家,大码女装,女士连衣裙,派对礼服,大码女装+女士连衣裙,"(0,100]",17.8,"(10,30]",1800.00%,"(500%, +∞)","(0,10]",2026/8/14,9,JIT商品,0,50,Black,1,"4XL,1XL,0XL,3XL,2XL",5,Spring&Fall,https://p16-oec-va.ibyteimg.com/tos-alisg-i-aphluv4xwc-sg/d5d3607aa60f4b42b075f957d99e5f73~tplv-o3syd03w52-resize-jpeg:1000:1000.image?,https://shop.tiktok.com/view/product/1732557087308746993?region=US&locale=en,郑川粤,2.9
2026/8/23,US,US,新品,1732563352101229403,S260816021281,FNZE Fashion,非SKM商家,大码女装,女士连衣裙,休闲连衣裙,大码女装+女士连衣裙,"(0,100]",22.44,"(10,30]",-75.00%,负增长,"(0,10]",2026/8/17,6,JIT商品,0,162,"Blue,Purple,Orange,Red,Lilac,Green",6,One-size,1,Spring&Fall,https://p16-oec-va.ibyteimg.com/tos-maliva-i-o3syd03w52-us/43aff347d5b1438b9327d409f8c0f131~tplv-o3syd03w52-resize-jpeg:1000:1000.image?,https://shop.tiktok.com/view/product/1732563352101229403?region=US&locale=en,张宇,4.9
2026/8/23,US,US,新品,1732548651267428695,S260809000153,FOXCLAW Curve,非SKM商家,大码女装,女士套装及西服,长裤套装,大码女装+女士套装及西服,"(0,100]",18.52,"(10,30]",-76.92%,负增长,"(0,10]",2026/8/11,12,非JIT商品,16,0,"Purple,Apricot,Burgundy",3,"4XL,1XL,0XL,3XL,2XL",5,Summer,https://p16-oec-va.ibyteimg.com/tos-maliva-i-o3syd03w52-us/7064466dc4af4cadaf494bd14484be36~tplv-o3syd03w52-resize-jpeg:1000:1000.image?,https://shop.tiktok.com/view/product/1732548651267428695?region=US&locale=en,郑川粤,4.1
2026/8/23,US,US,新品,1732506651798245701,S260722040447,YouAnnn,非SKM商家,标码女装,女士针织衫,开衫,标码女装+女士针织衫,"(0,100]",33.75,"(10,30]",-27.27%,负增长,"(0,10]",2026/8/1,22,非JIT商品,105,0,"Apricot,Green",2,"M,S,L,XL,XXL",5,Spring&Fall,https://p16-oec-va.ibyteimg.com/tos-maliva-i-o3syd03w52-us/0e40024c81944562862c200661cae0c0~tplv-o3syd03w52-resize-jpeg:1000:1000.image?,https://shop.tiktok.com/view/product/1732506651798245701?region=US&locale=en,沈亦莎,4.3
2026/8/23,US,US,新品,1732547525510926726,S260810001818,Call You Tonight,非SKM商家,标码女装,女士套装及西服,女士西装外套,标码女装+女士套装及西服,"(0,100]",24.77,"(10,30]",433.33%,"(300%, 500%]","(0,10]",2026/8/11,12,JIT商品,0,"1,495","Blue,Pink,Khaki,Hot pink,Red,White,Black,Dark gray,Apricot,Burgundy",10,"M,S,XL,L,XXL",5,Spring&Fall,https://p16-oec-va.ibyteimg.com/tos-maliva-i-o3syd03w52-us/adde19b0dc8b4b6baa99f078e065cca4~tplv-o3syd03w52-resize-jpeg:1000:1000.image?,https://shop.tiktok.com/view/product/1732547525510926726?region=US&locale=en,刘雪莹,2.1
2026/8/23,US,US,新品,1732535194839978094,S260805033016,Soft Frame,非SKM商家,标码女装,女士套装及西服,短裤套装,标码女装+女士套装及西服,"(0,100]",20.82,"(10,30]",-50.00%,负增长,"(0,10]",2026/8/11,12,非JIT商品,133,0,"Burgundy,Baby pink,Royal blue,Yellow,Pink 2,Blue and brown stripes,Light yellow,Mulberry,Blue and white stripes,Apricot,Brown",11,"M,S,XL,XS,L",5,Summer,https://p16-oec-va.ibyteimg.com/tos-maliva-i-o3syd03w52-us/c02790a9763f4451b853b490f31c5689~tplv-o3syd03w52-resize-jpeg:1000:1000.image?,https://shop.tiktok.com/view/product/1732535194839978094?region=US&locale=en,王谍,3.8
2026/8/23,US,US,新品,1732536870207001166,S260806010447,bboyAlun,非SKM商家,大码女装,女士连衣裙,休闲连衣裙,大码女装+女士连衣裙,"(0,100]",14.46,"(10,30]",-86.67%,负增长,"(0,10]",2026/8/6,17,JIT商品,0,969,"Brown,Black,Dark blue,Green",4,"5XL,4XL,1XL,3XL,2XL",5,Spring&Fall,https://p16-oec-va.ibyteimg.com/tos-alisg-i-aphluv4xwc-sg/54654e97d9614bb3a76b650a99544603~tplv-o3syd03w52-resize-jpeg:1000:1000.image?,https://shop.tiktok.com/view/product/1732536870207001166?region=US&locale=en,张宇,3
2026/8/23,US,US,新品,1732524207636517239,S260731003940,Rogue Comfy,非SKM商家,标码女装,女士下装,裤裙,标码女装+女士下装,"(0,100]",15.91,"(10,30]",-50.00%,负增长,"(0,10]",2026/7/31,23,JIT商品,0,"71,973","Multicolor11,Multicolor5,Multicolor2,Multicolor7,Multicolor3,Multicolor6,Multicolor9,Multicolor12,Multicolor10,Multicolor1,Multicolor4,Multicolor8",12,"M,S,L,XL,XXL,XS",6,All Seasons,https://p16-oec-va.ibyteimg.com/tos-maliva-i-o3syd03w52-us/606cc8ae2e0941bc8e7f5d4ac739ca16~tplv-o3syd03w52-resize-jpeg:1000:1000.image?,https://shop.tiktok.com/view/product/1732524207636517239?region=US&locale=en,王谍,4.8
2026/8/23,US,US,新品,1732558074320425813,S260814032802,Chic Quirky Finds,SKM商家,标码女装,女士下装,半身裙,标码女装+女士下装,"(0,100]",14.01,"(10,30]",180.00%,"(100%, 300%]","(0,10]",2026/8/14,9,JIT商品,0,"1,244","Coffee brown,Pink,Khaki,Hot pink,Mint blue,Red,Light blue,White,Black,Red and black,Deep blue,Dark green,Brown",13,"M,S,L,XL,XS",5,All Seasons,https://p16-oec-va.ibyteimg.com/tos-maliva-i-o3syd03w52-us/6f8a88e4f65d4addb29ae932cde52c0d~tplv-o3syd03w52-resize-jpeg:1000:1000.image?,https://shop.tiktok.com/view/product/1732558074320425813?region=US&locale=en,王谍,2.6
2026/8/23,US,US,新品,1732495303661228375,S260715026563,FOXCLAW Curve,非SKM商家,大码女装,女士套装及西服,连衣裙套装,大码女装+女士套装及西服,"(0,100]",19.19,"(10,30]",57.14%,"(50%, 100%]","(0,10]",2026/8/7,16,非JIT商品,27,0,Black,1,"5XL,4XL,1XL,3XL,2XL",5,Spring&Fall,https://p16-oec-va.ibyteimg.com/tos-maliva-i-o3syd03w52-us/be6a558150504ebd8df69424846ffb51~tplv-o3syd03w52-resize-jpeg:1000:1000.image?,https://shop.tiktok.com/view/product/1732495303661228375?region=US&locale=en,郑川粤,4.1
2026/8/23,US,US,新品,1732540977497281119,S260807023140,Vanshee Show,非SKM商家,标码女装,女士套装及西服,短裤套装,标码女装+女士套装及西服,"(0,100]",10.57,"(10,30]",-11.11%,负增长,"(0,10]",2026/8/8,15,JIT商品,0,182,Coral pink,1,"M,S,L,XL",4,Spring&Fall,https://p16-oec-va.ibyteimg.com/tos-maliva-i-o3syd03w52-us/e80db04a17714ce2828b8f60419e84af~tplv-o3syd03w52-resize-jpeg:1000:1000.image?,https://shop.tiktok.com/view/product/1732540977497281119?region=US&locale=en,游宇航,4.9
2026/8/23,US,US,新品,1732516890472255756,S260724026694,Aevum Jia,非SKM商家,标码女装,女士套装及西服,长裤套装,标码女装+女士套装及西服,"(0,100]",23.03,"(10,30]",50.00%,"(0%, 50%]","(0,10]",2026/7/31,23,JIT商品,1,"4,977","Bright yellow,Medium wash,Hot pink,Strong white,Orange,Yellow,Reddish brown,Mauve purple,Dark wash,Brown",10,"M,S,XL,L,XXL",5,Summer,https://p16-oec-va.ibyteimg.com/tos-alisg-i-aphluv4xwc-sg/84c95d8d573f4b309cdbf488effebf59~tplv-o3syd03w52-resize-jpeg:1000:1000.image?,https://shop.tiktok.com/view/product/1732516890472255756?region=US&locale=en,张健,4.1
2026/8/23,US,US,新品,1732544896626823896,S260807013016,Asvivid,非SKM商家,标码女装,女士套装及西服,长裤套装,标码女装+女士套装及西服,"(0,100]",40.71,"(10,30]",57.14%,"(50%, 100%]","(0,10]",2026/8/10,13,JIT商品,3,11,Multicolor,1,"M,S,XL,L",4,Spring&Fall,https://p16-oec-va.ibyteimg.com/tos-maliva-i-o3syd03w52-us/ad6ec980331a47999ee8f70d0c535d1b~tplv-o3syd03w52-resize-jpeg:1000:1000.image?,https://shop.tiktok.com/view/product/1732544896626823896?region=US&locale=en,游宇航,4.4
2026/8/23,US,US,新品,1732544006624547688,S260809018430,Happy Rainbow House,非SKM商家,大码女装,女士上装,女士 Polo 衫,大码女装+女士上装,"(0,100]",16.05,"(10,30]",1600.00%,"(500%, +∞)","(10,30]",2026/8/15,8,非JIT商品,91,0,"Purple,Orange,White,Black,Green",5,"5XL,4XL,1XL,3XL,2XL",5,Spring&Fall,https://p16-oec-va.ibyteimg.com/tos-maliva-i-o3syd03w52-us/3472e8346c4f40e98e80090a6abc9430~tplv-o3syd03w52-resize-jpeg:1000:1000.image?,https://shop.tiktok.com/view/product/1732544006624547688?region=US&locale=en,张宇,4.8
2026/8/23,US,US,新品,1732536602789057448,S260806007909,Chic Weaves,非SKM商家,标码女装,女士针织衫,毛衣套头衫,标码女装+女士针织衫,"(0,100]",21.35,"(10,30]",400.00%,"(300%, 500%]","(0,10]",2026/8/8,15,非JIT商品,32,0,Hot pink,1,"M,S,XL,L,XXL",5,Spring&Fall,https://p16-oec-va.ibyteimg.com/tos-maliva-i-o3syd03w52-us/ed3d17c606284fd09bb7046116d9f624~tplv-o3syd03w52-resize-jpeg:1000:1000.image?,https://shop.tiktok.com/view/product/1732536602789057448?region=US&locale=en,王可心,4.7
2026/8/23,US,US,新品,1732547524144173709,S260810001822,BOOM WOO,非SKM商家,标码女装,女士套装及西服,女士西装外套,标码女装+女士套装及西服,"(0,100]",23.89,"(10,30]",-45.45%,负增长,"(0,10]",2026/8/11,12,JIT商品,0,"1,485","Blue,Pink,Khaki,Hot pink,Red,White,Black,Dark gray,Apricot,Burgundy",10,"M,S,L,XL,XXL",5,Spring&Fall,https://p16-oec-va.ibyteimg.com/tos-maliva-i-o3syd03w52-us/c8464fc4907a4f85a87125be997f4093~tplv-o3syd03w52-resize-jpeg:1000:1000.image?,https://shop.tiktok.com/view/product/1732547524144173709?region=US&locale=en,刘雪莹,2
2026/8/23,US,US,新品,1732515712245338131,S260727009846,PrettyElenay,非SKM商家,标码女装,女士套装及西服,长裤套装,标码女装+女士套装及西服,"(0,100]",19.41,"(10,30]",-58.33%,负增长,"(0,10]",2026/8/8,15,非JIT商品,22,0,Green,1,"M,S,XL,L",4,Spring&Fall,https://p16-oec-va.ibyteimg.com/tos-maliva-i-o3syd03w52-us/973d55c51cf24027942d3f8e29e215f7~tplv-o3syd03w52-resize-jpeg:1000:1000.image?,https://shop.tiktok.com/view/product/1732515712245338131?region=US&locale=en,黄依婷,4.4
2026/8/23,US,US,新品,1732510358921973803,S260722029429,Yinos Fashion,SKM商家,标码女装,女士套装及西服,长裤套装,标码女装+女士套装及西服,"(0,100]",25.28,"(10,30]",-81.82%,负增长,"(0,10]",2026/7/27,27,非JIT商品,123,0,"Coffee color,Black,Pale blue,Brown",4,"M,S,L,XL,XS",5,All Seasons,https://p16-oec-va.ibyteimg.com/tos-maliva-i-o3syd03w52-us/cd8d606a7d504935bad34c68af90d185~tplv-o3syd03w52-resize-jpeg:1000:1000.image?,https://shop.tiktok.com/view/product/1732510358921973803?region=US&locale=en,游宇航,4.8
2026/8/23,US,US,新品,1732504170488369477,S260721038429,Vine Bloom,非SKM商家,大码女装,女士针织衫,毛衣开衫,大码女装+女士针织衫,"(0,100]",32.26,"(10,30]",-93.75%,负增长,"(0,10]",2026/7/29,25,非JIT商品,205,0,"Lilac,Black,Light wash,Green",4,"5XL,4XL,1XL,3XL,2XL",5,Spring&Fall,https://p16-oec-va.ibyteimg.com/tos-maliva-i-o3syd03w52-us/0a5d51a2b90f41a7a0ac7c80c9a8fb54~tplv-o3syd03w52-resize-jpeg:1000:1000.image?,https://shop.tiktok.com/view/product/1732504170488369477?region=US&locale=en,沈亦莎,4.4
2026/8/23,US,US,新品,1732481134116573883,S260627004378,Linenvera fashion,非SKM商家,标码女装,女士套装及西服,长裤套装,标码女装+女士套装及西服,"(0,100]",25.47,"(10,30]",-58.33%,负增长,"(0,10]",2026/7/28,26,非JIT商品,28,0,Copper brown,1,"M,S,XL,L",4,Spring&Fall,https://p16-oec-va.ibyteimg.com/tos-maliva-i-o3syd03w52-us/7772cf1b81094ff9a40d393ebd6b6234~tplv-o3syd03w52-resize-jpeg:1000:1000.image?,https://shop.tiktok.com/view/product/1732481134116573883?region=US&locale=en,张宇,3.3
2026/8/23,US,US,新品,1732541338328142687,S260807036177,SaltWhite,非SKM商家,标码女装,女士套装及西服,长裤套装,标码女装+女士套装及西服,"(0,100]",26.21,"(10,30]",100.00%,"(50%, 100%]","(0,10]",2026/8/8,15,JIT商品,0,"1,737","Medium wash,Khaki,Red,Yellow,Black,Deep blue,Green",7,"M,S,XL,L,XXL",5,Spring&Fall,https://p16-oec-va.ibyteimg.com/tos-maliva-i-o3syd03w52-us/289f48a4ab344c06b9ab591023adba50~tplv-o3syd03w52-resize-jpeg:1000:1000.image?,https://shop.tiktok.com/view/product/1732541338328142687?region=US&locale=en,王谍,3.7
2026/8/23,US,US,新品,1732538731956375895,S260807002383,FOXCLAW Curve,非SKM商家,大码女装,女士下装,长裤,大码女装+女士下装,"(0,100]",9.27,"(10,30]",-61.54%,负增长,"(0,10]",2026/8/11,12,非JIT商品,81,0,"Black,Fawn brown,Apricot",3,"5XL,4XL,1XL,3XL,2XL",5,Spring&Fall,https://p16-oec-va.ibyteimg.com/tos-maliva-i-o3syd03w52-us/9369e1c582af43a2b48ef988e4cbe106~tplv-o3syd03w52-resize-jpeg:1000:1000.image?,https://shop.tiktok.com/view/product/1732538731956375895?region=US&locale=en,郑川粤,4.1
2026/8/23,US,US,新品,1732538511340966870,S260806030678,SHUANGBO SHOP,非SKM商家,标码女装,女士穆斯林服装,衬衣及女上衣,标码女装+女士穆斯林服装,"(0,100]",16.94,"(10,30]",83.33%,"(50%, 100%]","(0,10]",2026/8/7,16,JIT商品,0,870,"Khaki,Green",2,"M,S,XL,L,XS",5,All Seasons,https://p16-oec-va.ibyteimg.com/tos-maliva-i-o3syd03w52-us/e4f3f4977d354b8c9926202f38ae4a05~tplv-o3syd03w52-resize-jpeg:1000:1000.image?,https://shop.tiktok.com/view/product/1732538511340966870?region=US&locale=en,王瑶,
2026/8/23,US,US,新品,1732500814517604518,S260719018236,Agivvia,非SKM商家,标码女装,女士针织衫,毛衣套头衫,标码女装+女士针织衫,"(0,100]",25.6,"(10,30]",-25.00%,负增长,"(0,10]",2026/7/29,25,非JIT商品,186,0,"Coffee brown,Khaki,Apricot",3,"M,S,L,XL",4,Fall&Winter,https://p16-oec-va.ibyteimg.com/tos-maliva-i-o3syd03w52-us/e77d1185c7cc43378dcd62d1f5e1f22e~tplv-o3syd03w52-resize-jpeg:1000:1000.image?,https://shop.tiktok.com/view/product/1732500814517604518?region=US&locale=en,王可心,3.9
2026/8/23,US,US,新品,1732565192712819624,S260817012896,Chic Weaves,非SKM商家,标码女装,女士针织衫,开衫,标码女装+女士针织衫,"(0,100]",14.36,"(10,30]",650.00%,"(500%, +∞)","(10,30]",2026/8/17,6,JIT商品,3,"49,938","Apricot - Multicolor 5,Denim blue - color 6,Purple - Multicolor 2,Lake Blue - Multicolor 3,Grass green - multicolor 9,Colorful - Colorful 7,Orange - Multicolor 1,Black/White - Multicolor 8,Pink - Multicolor 4,Cranberry Red - Multicolor 10",10,"M,S,L,XL,XXL",5,Spring&Fall,https://p16-oec-va.ibyteimg.com/tos-alisg-i-aphluv4xwc-sg/4b92608975cb4d12b43032df9636a62c~tplv-o3syd03w52-resize-jpeg:1000:1000.image?,https://shop.tiktok.com/view/product/1732565192712819624?region=US&locale=en,王可心,4.7
2026/8/23,US,US,新品,1732547523626832262,S260810001812,START CROSSING,非SKM商家,标码女装,女士套装及西服,女士西装外套,标码女装+女士套装及西服,"(0,100]",14.42,"(10,30]",366.67%,"(300%, 500%]","(0,10]",2026/8/11,12,JIT商品,0,"1,495","Blue,Pink,Khaki,Hot pink,Red,White,Black,Dark gray,Apricot,Burgundy",10,"M,S,L,XL,XXL",5,Spring&Fall,https://p16-oec-va.ibyteimg.com/tos-maliva-i-o3syd03w52-us/25f25f75685f494c99653ddc0c3d158b~tplv-o3syd03w52-resize-jpeg:1000:1000.image?,https://shop.tiktok.com/view/product/1732547523626832262?region=US&locale=en,刘雪莹,2.5
2026/8/23,US,US,新品,1732516331775037958,S260727019742,HKUSCBELELKS,非SKM商家,标码女装,女士下装,长裤,标码女装+女士下装,"(0,100]",42.22,"(10,30]",-100.00%,负增长,"(0,10]",2026/7/27,27,JIT商品,6,"79,978","Coffee brown,Black,Sky blue,Reddish brown",4,"M,S,XL,L,XXL",5,All Seasons,https://p16-oec-va.ibyteimg.com/tos-maliva-i-o3syd03w52-us/2ecfdcb1e9884651b89e0b7cb85e8b66~tplv-o3syd03w52-resize-jpeg:1000:1000.image?,https://shop.tiktok.com/view/product/1732516331775037958?region=US&locale=en,王瑶,
2026/8/23,US,US,新品,1732551145014333517,S260812011722,PRETTY FEM,非SKM商家,大码女装,女士针织衫,毛衣开衫,大码女装+女士针织衫,"(0,100]",22.79,"(10,30]",600.00%,"(500%, +∞)","(0,10]",2026/8/12,11,JIT商品,12,"1,767","Bright blue,Jet black,Brown,Purple,Hot pink,Reed green,Lemon yellow,White,Turquoise blue,Burgundy",10,"5XL,4XL,1XL,0XL,3XL,2XL",6,Spring&Fall,https://p16-oec-va.ibyteimg.com/tos-alisg-i-aphluv4xwc-sg/c232f19476dc4b93bb66d2f3d9040270~tplv-o3syd03w52-resize-jpeg:1000:1000.image?,https://shop.tiktok.com/view/product/1732551145014333517?region=US&locale=en,郑川粤,
2026/8/23,US,US,新品,1732502276550332759,S260720015496,FOXCLAW Curve,非SKM商家,大码女装,女士连衣裙,休闲连衣裙,大码女装+女士连衣裙,"(0,100]",19.88,"(10,30]",-37.50%,负增长,"(0,10]",2026/8/7,16,非JIT商品,35,0,"Ochre brown,Gray,Beige",3,"5XL,4XL,1XL,3XL,2XL",5,Fall&Winter,https://p16-oec-va.ibyteimg.com/tos-maliva-i-o3syd03w52-us/a5320f1311924cceb122c6cba4c809cd~tplv-o3syd03w52-resize-jpeg:1000:1000.image?,https://shop.tiktok.com/view/product/1732502276550332759?region=US&locale=en,郑川粤,4.1
2026/8/23,US,US,新品,1732522751481844365,S260730017966,Gold Full,非SKM商家,标码女装,女士套装及西服,女士西装外套,标码女装+女士套装及西服,"(0,100]",30.2,"(10,30]",-86.67%,负增长,"(0,10]",2026/7/31,23,JIT商品,0,103,Pink,1,"M,S,XL,L",4,Spring&Fall,https://p16-oec-va.ibyteimg.com/tos-maliva-i-o3syd03w52-us/d6b1e3c4ddc34f95935d9278b2277fb8~tplv-o3syd03w52-resize-jpeg:1000:1000.image?,https://shop.tiktok.com/view/product/1732522751481844365?region=US&locale=en,刘雪莹,2.3
2026/8/23,US,US,新品,1732497478816535313,S260717013526,Vicicoo,非SKM商家,标码女装,女士套装及西服,长裤套装,标码女装+女士套装及西服,"(0,100]",14.8,"(10,30]",366.67%,"(300%, 500%]","(0,10]",2026/8/12,11,非JIT商品,14,0,Black,1,"M,S,L,XL",4,Spring&Fall,https://p16-oec-va.ibyteimg.com/tos-alisg-i-aphluv4xwc-sg/a7e261fd7fcb4d409cdfb3458ff9bc60~tplv-o3syd03w52-resize-jpeg:1000:1000.image?,https://shop.tiktok.com/view/product/1732497478816535313?region=US&locale=en,黄依婷,4.4
2026/8/23,US,US,新品,1732514071301428159,S260724032474,Krusen,非SKM商家,标码女装,女士下装,长裤,标码女装+女士下装,"(0,100]",15.89,"(10,30]",50.00%,"(0%, 50%]","(0,10]",2026/7/26,28,JIT商品,0,"1,457,736","Yellow withered tree branches,White dead tree branches,Green maple leaves,Pink dead tree branches,Gray withered tree branches",5,"M,S,L,XL",4,Spring&Fall,https://p16-oec-va.ibyteimg.com/tos-alisg-i-aphluv4xwc-sg/c2c19de24b9f42ba880fa23c856fe725~tplv-o3syd03w52-resize-jpeg:1000:1000.image?,https://shop.tiktok.com/view/product/1732514071301428159?region=US&locale=en,王瑶,
2026/8/23,US,US,新品,1732550645660619463,S260812003483,Justoneone,非SKM商家,标码女装,女士下装,半身裙,标码女装+女士下装,"(0,100]",23.17,"(10,30]",-66.67%,负增长,"(0,10]",2026/8/12,11,JIT商品,0,"1,234","Khaki,Navy blue,Lemon yellow,Black,Bright orange",5,"M,S,XL,L,XXL",5,Spring&Fall,https://p16-oec-va.ibyteimg.com/tos-maliva-i-o3syd03w52-us/6aeaec7bf62e4ba9a2149fd7883bea04~tplv-o3syd03w52-resize-jpeg:1000:1000.image?,https://shop.tiktok.com/view/product/1732550645660619463?region=US&locale=en,郑川粤,4.5
2026/8/23,US,US,新品,1732529286822138690,S260730008572,Slim Moda,非SKM商家,标码女装,女士套装及西服,半裙套装,标码女装+女士套装及西服,"(0,100]",9.83,"(10,30]",200.00%,"(100%, 300%]","(0,10]",2026/8/9,14,非JIT商品,83,0,"Navy blue,Black,Dark green",3,"M,S,XL,L,XXL",5,Spring&Fall,https://p16-oec-va.ibyteimg.com/tos-maliva-i-o3syd03w52-us/35edf4c265384decae69b5764e8e7abb~tplv-o3syd03w52-resize-jpeg:1000:1000.image?,https://shop.tiktok.com/view/product/1732529286822138690?region=US&locale=en,刘雪莹,4.7
2026/8/23,US,US,新品,1732549029079519750,S260811029750,HKUSCBELELKS,非SKM商家,标码女装,女士下装,长裤,标码女装+女士下装,"(0,100]",21.41,"(10,30]",-100.00%,负增长,"(0,10]",2026/8/11,12,JIT商品,8,"149,975","Green,Coffee brown,Light green,Army green,Lemon yellow,Gray,White,Black,Burgundy",9,"M,XXXL,S,XL,L,XXL",6,Spring&Fall,https://p16-oec-va.ibyteimg.com/tos-maliva-i-o3syd03w52-us/79b54d3b5cbd4d23bb938164cbf9e262~tplv-o3syd03w52-resize-jpeg:1000:1000.image?,https://shop.tiktok.com/view/product/1732549029079519750?region=US&locale=en,王瑶,
2026/8/23,US,US,新品,1732479192933700038,S260707031092,TY Trove,非SKM商家,标码女装,女士套装及西服,女士西装,标码女装+女士套装及西服,"(0,100]",18.44,"(10,30]",,新增动销,"(10,30]",2026/8/17,6,非JIT商品,122,0,"Navy blue,Gray,White,Black",4,"M,S,XL,L,XXL",5,Spring&Fall,https://p16-oec-va.ibyteimg.com/tos-alisg-i-aphluv4xwc-sg/69eb3d54c1cf4462ab821e5cf380b6c5~tplv-o3syd03w52-resize-jpeg:1000:1000.image?,https://shop.tiktok.com/view/product/1732479192933700038?region=US&locale=en,黄依婷,3.8
2026/8/23,US,US,新品,1732557312363893447,S260814010031,Justoneone,非SKM商家,大码女装,连体衣,背带裤,大码女装+连体衣,"(0,100]",15.54,"(10,30]",200.00%,"(100%, 300%]","(0,10]",2026/8/14,9,JIT商品,0,146,"Baby pink,Camel,Rust orange,Yellow,White,Chartreuse",6,"4XL,1XL,0XL,3XL,2XL",5,Spring&Fall,https://p16-oec-va.ibyteimg.com/tos-alisg-i-aphluv4xwc-sg/d7e5527ed9d541d3804d0ca17e68b4c0~tplv-o3syd03w52-resize-jpeg:1000:1000.image?,https://shop.tiktok.com/view/product/1732557312363893447?region=US&locale=en,郑川粤,4.5
2026/8/23,US,US,新品,1732516119165702933,S260727025467,Lllumi,非SKM商家,大码女装,女士连衣裙,休闲连衣裙,大码女装+女士连衣裙,"(0,100]",6.19,"(10,30]",300.00%,"(100%, 300%]","(0,10]",2026/7/27,27,JIT商品,6,92,Light brown,1,One-size,1,Spring&Fall,https://p16-oec-va.ibyteimg.com/tos-maliva-i-o3syd03w52-us/ff3517e126894f19b8dadf757cb697e1~tplv-o3syd03w52-resize-jpeg:1000:1000.image?,https://shop.tiktok.com/view/product/1732516119165702933?region=US&locale=en,张宇,4.3
2026/8/23,US,US,新品,1732515850682340075,S260725002059,Bettlity,非SKM商家,标码女装,女士针织衫,毛衣套头衫,标码女装+女士针织衫,"(0,100]",11.07,"(10,30]",1300.00%,"(500%, +∞)","(0,10]",2026/8/3,20,非JIT商品,126,0,"Yellow,Gray,Black,Dark brown,Apricot,Maroon",6,"M,S,XL,L,XXL",5,Spring&Fall,https://p16-oec-va.ibyteimg.com/tos-alisg-i-aphluv4xwc-sg/c854daa7736a4974a341deea81a0afe8~tplv-o3syd03w52-resize-jpeg:1000:1000.image?,https://shop.tiktok.com/view/product/1732515850682340075?region=US&locale=en,沈亦莎,4.7
2026/8/23,US,US,新品,1732537789931819085,S260806030215,YarnPop,非SKM商家,标码女装,女士针织衫,毛衣套头衫,标码女装+女士针织衫,"(0,100]",27.89,"(10,30]",-75.00%,负增长,"(0,10]",2026/8/6,17,JIT商品,0,378,"Navy blue,Light pink,off-white,light yellow,Black",5,"M,S,L,XL",4,Fall&Winter,https://p16-oec-va.ibyteimg.com/tos-alisg-i-aphluv4xwc-sg/91836a0b7a864c44a4ed16963f562611~tplv-o3syd03w52-resize-jpeg:1000:1000.image?,https://shop.tiktok.com/view/product/1732537789931819085?region=US&locale=en,王可心,4.4
2026/8/23,US,US,新品,1732532824324018337,S260804034385,Muse Plus,SKM商家,大码女装,女士上装,女士休闲夹克和外套,大码女装+女士上装,"(0,100]",56.72,"(10,30]",-50.00%,负增长,"(0,10]",2026/8/4,19,JIT商品,2,"1,110","Khaki,Navy blue",2,"4XL,1XL,0XL,3XL,2XL",5,Spring&Fall,https://p16-oec-va.ibyteimg.com/tos-maliva-i-o3syd03w52-us/98dbf57f9b794543b87c4f7ef2cd6b82~tplv-o3syd03w52-resize-jpeg:1000:1000.image?,https://shop.tiktok.com/view/product/1732532824324018337?region=US&locale=en,郑川粤,3.7
2026/8/23,US,US,新品,1732528509043643159,S260802016597,Quick Fit Fashion,非SKM商家,标码女装,女士下装,半身裙,标码女装+女士下装,"(0,100]",7.56,"(10,30]",50.00%,"(0%, 50%]","(0,10]",2026/8/5,18,JIT商品,133,900,"Coffee brown,Pink,Black,Apricot,Mushroom Brown,Burgundy",6,"M,S,L",3,Spring&Fall,https://p16-oec-va.ibyteimg.com/tos-maliva-i-o3syd03w52-us/5c9038266fd14e28994254fa53164ba4~tplv-o3syd03w52-resize-jpeg:1000:1000.image?,https://shop.tiktok.com/view/product/1732528509043643159?region=US&locale=en,王瑶,4.4
2026/8/23,US,US,新品,1732484635331170403,S260710032077,DRIFT INTO GARDEN ll,非SKM商家,标码女装,女士穆斯林服装,服装套装,标码女装+女士穆斯林服装,"(0,100]",26.77,"(10,30]",28.57%,"(0%, 50%]","(0,10]",2026/7/30,24,非JIT商品,58,0,"Pink,Khaki,Navy blue,Dark brown",4,"M,S,XL,L,XXL",5,All Seasons,https://p16-oec-va.ibyteimg.com/tos-maliva-i-o3syd03w52-us/87368c1fff7644a78a9a5fdeccfbd2ba~tplv-o3syd03w52-resize-jpeg:1000:1000.image?,https://shop.tiktok.com/view/product/1732484635331170403?region=US&locale=en,徐熙雅,
2026/8/23,US,US,新品,1732560878788055309,S260815028489,Rosaily,非SKM商家,大码女装,连体衣,背带裤,大码女装+连体衣,"(0,100]",24.59,"(10,30]",-40.00%,负增长,"(0,10]",2026/8/15,8,JIT商品,0,88,"Curry,White",2,"4XL,1XL,0XL,3XL,2XL",5,Spring&Fall,https://p16-oec-va.ibyteimg.com/tos-maliva-i-o3syd03w52-us/4dca75724b894a26b10eeb85a8e57607~tplv-o3syd03w52-resize-jpeg:1000:1000.image?,https://shop.tiktok.com/view/product/1732560878788055309?region=US&locale=en,郑川粤,2
2026/8/23,US,US,新品,1732533029586047319,S260804004869,FOXCLAW Curve,非SKM商家,大码女装,女士上装,女士衬衫,大码女装+女士上装,"(0,100]",18.23,"(10,30]",-50.00%,负增长,"(0,10]",2026/8/6,17,非JIT商品,75,0,"Mint green,Khaki,Black",3,"5XL,4XL,1XL,0XL,3XL,2XL",6,Spring&Fall,https://p16-oec-va.ibyteimg.com/tos-maliva-i-o3syd03w52-us/eac9668d2584484ab3b91230fd9ee9af~tplv-o3syd03w52-resize-jpeg:1000:1000.image?,https://shop.tiktok.com/view/product/1732533029586047319?region=US&locale=en,郑川粤,4.1
2026/8/23,US,US,新品,1732539531644014669,S260807013723,YarnPop,非SKM商家,标码女装,女士针织衫,毛衣马甲,标码女装+女士针织衫,"(0,100]",13.66,"(10,30]",100.00%,"(50%, 100%]","(0,10]",2026/8/7,16,JIT商品,110,20,"Khaki,Black,Light gray",3,"M,S,L,XL",4,Spring&Fall,https://p16-oec-va.ibyteimg.com/tos-maliva-i-o3syd03w52-us/c96ad78914524633ae40845c466c94a2~tplv-o3syd03w52-resize-jpeg:1000:1000.image?,https://shop.tiktok.com/view/product/1732539531644014669?region=US&locale=en,王可心,4.4
2026/8/23,US,US,新品,1732538491103187379,S260804023723,XHJEANS,非SKM商家,大码女装,牛仔,牛仔长裤,大码女装+牛仔,"(0,100]",16.2,"(10,30]",0.00%,持平,"(0,10]",2026/8/13,10,非JIT商品,37,0,Royal blue,1,"4XL,1XL,0XL,3XL,2XL",5,Spring&Fall,https://p16-oec-va.ibyteimg.com/tos-alisg-i-aphluv4xwc-sg/d8e6f54cb24944198ba8e94dea780878~tplv-o3syd03w52-resize-jpeg:1000:1000.image?,https://shop.tiktok.com/view/product/1732538491103187379?region=US&locale=en,郑川粤,
2026/8/23,US,US,新品,1732538595655258697,S260805029084,Trendy forLess,非SKM商家,标码女装,女士套装及西服,长裤套装,标码女装+女士套装及西服,"(0,100]",29.57,"(10,30]",,新增动销,"(0,10]",2026/8/7,16,JIT商品,0,111,"Coffee brown,Gray,Black,Beige",4,"M,S,XL,L,XXL",5,Spring&Fall,https://p16-oec-va.ibyteimg.com/tos-maliva-i-o3syd03w52-us/40c115e466cb4b4c9a9963c1623bece1~tplv-o3syd03w52-resize-jpeg:1000:1000.image?,https://shop.tiktok.com/view/product/1732538595655258697?region=US&locale=en,王谍,2.6
2026/8/23,US,US,新品,1732530657150997460,S260803021081,fashion iconn,非SKM商家,标码女装,女士针织衫,开衫,标码女装+女士针织衫,"(0,100]",12.84,"(10,30]",-25.00%,负增长,"(0,10]",2026/8/12,11,非JIT商品,251,0,"Mint green,Pink,apricot,White,apricot gray,Pastel blue",6,"M,S,L,XL,XXL",5,Spring&Fall,https://p16-oec-va.ibyteimg.com/tos-maliva-i-o3syd03w52-us/6d2dd3d747084325a58b5eddd49ed7a0~tplv-o3syd03w52-resize-jpeg:1000:1000.image?,https://shop.tiktok.com/view/product/1732530657150997460?region=US&locale=en,王可心,4.3
2026/8/23,US,US,新品,1732530856410518527,S260803024128,Veve Muse,非SKM商家,标码女装,女士下装,半身裙,标码女装+女士下装,"(0,100]",17.57,"(10,30]",-90.91%,负增长,"(0,10]",2026/8/3,20,JIT商品,0,778,"Olive green,dark green,Apricot",3,"M,S,L,XS,XL",5,Spring&Fall,https://p16-oec-va.ibyteimg.com/tos-maliva-i-o3syd03w52-us/70fb1c8a1a8b4277b20ae9acfc1833a0~tplv-o3syd03w52-resize-jpeg:1000:1000.image?,https://shop.tiktok.com/view/product/1732530856410518527?region=US&locale=en,王谍,2.5
2026/8/23,US,US,新品,1732516839631065937,S260724001958,J Nova Shop,非SKM商家,标码女装,女士针织衫,毛衣套头衫,标码女装+女士针织衫,"(0,100]",11.87,"(10,30]",0.00%,持平,"(0,10]",2026/7/28,26,JIT商品,1,478,Khaki,1,"M,S,L,XL,XXL",5,Spring&Fall,https://p16-oec-va.ibyteimg.com/tos-maliva-i-o3syd03w52-us/3487b9f1f22e4c01b0c3aec135b570ee~tplv-o3syd03w52-resize-jpeg:1000:1000.image?,https://shop.tiktok.com/view/product/1732516839631065937?region=US&locale=en,沈亦莎,4.2
2026/8/23,US,US,新品,1732544615725240673,S260808025353,The Flood,非SKM商家,标码女装,女士套装及西服,女士西装外套,标码女装+女士套装及西服,"(0,100]",28.76,"(10,30]",-100.00%,负增长,"(0,10]",2026/8/10,13,JIT商品,0,"1,478","Blue,Pink,Khaki,Hot pink,Red,White,Black,Dark gray,Apricot,Burgundy",10,"M,S,XL,L,XXL",5,Spring&Fall,https://p16-oec-va.ibyteimg.com/tos-maliva-i-o3syd03w52-us/ac3e41b914f645c4806dce5d9ec33ad8~tplv-o3syd03w52-resize-jpeg:1000:1000.image?,https://shop.tiktok.com/view/product/1732544615725240673?region=US&locale=en,刘雪莹,2
2026/8/23,US,US,新品,1732556707490206131,S260814004107,XHJEANS,非SKM商家,大码女装,牛仔,牛仔长裤,大码女装+牛仔,"(0,100]",16.75,"(10,30]",,新增动销,"(10,30]",2026/8/15,8,非JIT商品,18,0,Blue,1,"4XL,1XL,0XL,3XL,2XL",5,Spring&Fall,https://p16-oec-va.ibyteimg.com/tos-alisg-i-aphluv4xwc-sg/2bab0f9b1112417197e362cdb0b952b2~tplv-o3syd03w52-resize-jpeg:1000:1000.image?,https://shop.tiktok.com/view/product/1732556707490206131?region=US&locale=en,郑川粤,
2026/8/23,US,US,新品,1732475372811424355,S260626000683,HUIRUI SportWear,非SKM商家,标码女装,女士下装,紧身裤,标码女装+女士下装,"(0,100]",25.53,"(10,30]",1300.00%,"(500%, +∞)","(0,10]",2026/8/4,19,非JIT商品,46,0,"Multicolor2,Multicolor3,Multicolor10",3,"M,S,XL,L,XXL",5,Spring&Fall,https://p16-oec-va.ibyteimg.com/tos-maliva-i-o3syd03w52-us/96f148fa7b8a4bfda6bfa4dfc1e79c36~tplv-o3syd03w52-resize-jpeg:1000:1000.image?,https://shop.tiktok.com/view/product/1732475372811424355?region=US&locale=en,王谍,2
2026/8/23,US,US,新品,1732515895750464337,S260724003857,Chic Price Cloaks,非SKM商家,标码女装,女士针织衫,毛衣套头衫,标码女装+女士针织衫,"(0,100]",14.84,"(10,30]",-25.00%,负增长,"(0,10]",2026/7/27,27,JIT商品,0,485,Khaki,1,"M,S,XL,L,XXL",5,Spring&Fall,https://p16-oec-va.ibyteimg.com/tos-maliva-i-o3syd03w52-us/af024a735cca4d7c85b82765b6d39790~tplv-o3syd03w52-resize-jpeg:1000:1000.image?,https://shop.tiktok.com/view/product/1732515895750464337?region=US&locale=en,沈亦莎,4.3
2026/8/23,US,US,新品,1732529271430352945,S260803001138,ComfyLane,非SKM商家,标码女装,女士套装及西服,长裤套装,标码女装+女士套装及西服,"(0,100]",12.81,"(10,30]",1200.00%,"(500%, +∞)","(0,10]",2026/8/5,18,JIT商品,0,"1,995",Apricot,1,"M,S,XL,L,XXL",5,Spring&Fall,https://p16-oec-va.ibyteimg.com/tos-maliva-i-o3syd03w52-us/3fe0f6383818474bb894920f33346cfc~tplv-o3syd03w52-resize-jpeg:1000:1000.image?,https://shop.tiktok.com/view/product/1732529271430352945?region=US&locale=en,游宇航,
2026/8/23,US,US,新品,1732520734431810515,S260729016292,sky costume,非SKM商家,标码女装,女士套装及西服,长裤套装,标码女装+女士套装及西服,"(0,100]",10.29,"(10,30]",300.00%,"(100%, 300%]","(0,10]",2026/7/31,23,非JIT商品,52,0,"Gray,Black,Apricot",3,"M,S,L,XL,XXL",5,Spring&Fall,https://p16-oec-va.ibyteimg.com/tos-maliva-i-o3syd03w52-us/276a729cc58e4875ba9029b9e65bdfa1~tplv-o3syd03w52-resize-jpeg:1000:1000.image?,https://shop.tiktok.com/view/product/1732520734431810515?region=US&locale=en,游宇航,4.8
2026/8/23,US,US,新品,1732554129728967388,S260810018005,Miki Chic FS,非SKM商家,标码女装,女士套装及西服,长裤套装,标码女装+女士套装及西服,"(0,100]",13.98,"(10,30]",,新增动销,"(0,10]",2026/8/13,10,JIT商品,0,"7,996","Purple,Pink,Hot pink,Olive green,Caramel color,White,Black,Dark blue,Dark gray,Brown",10,"M,S,L,XL",4,Spring&Fall,https://p16-oec-va.ibyteimg.com/tos-maliva-i-o3syd03w52-us/61ac7ccb196f46b7b7b50ba00b517268~tplv-o3syd03w52-resize-jpeg:1000:1000.image?,https://shop.tiktok.com/view/product/1732554129728967388?region=US&locale=en,刘雪莹,
2026/8/23,US,US,新品,1732494654325166496,S260716003721,Woke Waves,非SKM商家,标码女装,女士套装及西服,连衣裙套装,标码女装+女士套装及西服,"(0,100]",16.94,"(10,30]",266.67%,"(100%, 300%]","(0,10]",2026/8/2,21,非JIT商品,6,0,Pink,1,"M,S,L,XL",4,Spring&Fall,https://p16-oec-va.ibyteimg.com/tos-alisg-i-aphluv4xwc-sg/260221cb4920434fbc7900d671b53a0b~tplv-o3syd03w52-resize-jpeg:1000:1000.image?,https://shop.tiktok.com/view/product/1732494654325166496?region=US&locale=en,游宇航,1.9
2026/8/23,US,US,新品,1732524938762818010,S260731011389,OyaSnake,非SKM商家,标码女装,女士针织衫,毛衣套头衫,标码女装+女士针织衫,"(0,100]",17.5,"(10,30]",,新增动销,"(10,30]",2026/8/10,13,非JIT商品,35,0,"Coffee brown,Gray,Dark blue,Burgundy",4,"M,S,L",3,Spring&Fall,https://p16-oec-va.ibyteimg.com/tos-alisg-i-aphluv4xwc-sg/341786165f5a4d34b01c4b6c449ffa4c~tplv-o3syd03w52-resize-jpeg:1000:1000.image?,https://shop.tiktok.com/view/product/1732524938762818010?region=US&locale=en,沈亦莎,
2026/8/23,US,US,新品,1732525100177134548,S260731022223,fashion iconn,非SKM商家,标码女装,女士针织衫,开衫,标码女装+女士针织衫,"(0,100]",25.07,"(10,30]",-60.00%,负增长,"(0,10]",2026/8/8,15,非JIT商品,71,0,"Bright blue,Yellow,Black",3,"M,S,XL,L,XXL",5,Spring&Fall,https://p16-oec-va.ibyteimg.com/tos-alisg-i-aphluv4xwc-sg/767ce0b1187e4ef9b5ee8e30b6898a9e~tplv-o3syd03w52-resize-jpeg:1000:1000.image?,https://shop.tiktok.com/view/product/1732525100177134548?region=US&locale=en,王可心,4.3
2026/8/23,US,US,新品,1732554228480840412,S260810016349,Miki Chic FS,非SKM商家,标码女装,女士套装及西服,长裤套装,标码女装+女士套装及西服,"(0,100]",22.78,"(10,30]",1200.00%,"(500%, +∞)","(10,30]",2026/8/13,10,JIT商品,0,"3,199","Olive green,Gray,White,Black",4,"M,S,L,XL",4,Summer,https://p16-oec-va.ibyteimg.com/tos-maliva-i-o3syd03w52-us/6ae5a986bbfd44b2938e67ab8e378d8f~tplv-o3syd03w52-resize-jpeg:1000:1000.image?,https://shop.tiktok.com/view/product/1732554228480840412?region=US&locale=en,刘雪莹,
2026/8/23,US,US,新品,1732533161183645711,S260804037553,CNUSCB44ELYU,非SKM商家,标码女装,女士下装,半身裙,标码女装+女士下装,"(0,100]",8.15,"(10,30]",,新增动销,"(0,10]",2026/8/4,19,JIT商品,0,250,"Silver,Ochre brown,Khaki,Olive green,White,Black,Fawn brown,Burgundy",8,"M,S,L,XS,XXL,XL",6,Spring&Fall,https://p16-oec-va.ibyteimg.com/tos-maliva-i-o3syd03w52-us/8bd5cb7bda814c498dd2133fb665fe02~tplv-o3syd03w52-resize-jpeg:1000:1000.image?,https://shop.tiktok.com/view/product/1732533161183645711?region=US&locale=en,张健,4
2026/8/23,US,US,新品,1732529297152447255,S260801013944,Quick Fit Fashion,非SKM商家,标码女装,女士下装,长裤,标码女装+女士下装,"(0,100]",18.35,"(10,30]",0.00%,持平,"(0,10]",2026/8/6,17,JIT商品,207,"1,349","Khaki,White polka dots,Hot pink,Coffee color,Military green,White,Black,Deep blue,Apricot",9,"M,S,L",3,Spring&Fall,https://p16-oec-va.ibyteimg.com/tos-alisg-i-aphluv4xwc-sg/cd348cd2f91f453aa7e5327ba23dac84~tplv-o3syd03w52-resize-jpeg:1000:1000.image?,https://shop.tiktok.com/view/product/1732529297152447255?region=US&locale=en,王瑶,4.4
2026/8/23,US,US,新品,1732509648167211095,S260723030810,Novelife,非SKM商家,标码女装,女士套装及西服,短裤套装,标码女装+女士套装及西服,"(0,100]",25.73,"(10,30]",-87.50%,负增长,"(0,10]",2026/8/5,18,非JIT商品,172,0,Pink and black stripes,1,"M,S,XL,L",4,Summer,https://p16-oec-va.ibyteimg.com/tos-maliva-i-o3syd03w52-us/6f10cb1e531c4a57ae8e5c3dae6f4a90~tplv-o3syd03w52-resize-jpeg:1000:1000.image?,https://shop.tiktok.com/view/product/1732509648167211095?region=US&locale=en,黄依婷,4.7
2026/8/23,US,US,新品,1732528489687257165,S260802016309,YarnPop,非SKM商家,标码女装,女士针织衫,开衫,标码女装+女士针织衫,"(0,100]",20.22,"(10,30]",-83.33%,负增长,"(0,10]",2026/8/6,17,非JIT商品,58,0,"Yellow,White,Black",3,"M,S,XL,L",4,Spring&Fall,https://p16-oec-va.ibyteimg.com/tos-maliva-i-o3syd03w52-us/c66e2cc2c1c140e0bd7bac1754898a91~tplv-o3syd03w52-resize-jpeg:1000:1000.image?,https://shop.tiktok.com/view/product/1732528489687257165?region=US&locale=en,王可心,4.4
2026/8/23,US,US,新品,1732521566631203665,S260729013008,ruisusu Marketplace,非SKM商家,标码女装,女士穆斯林服装,长袍,标码女装+女士穆斯林服装,"(0,100]",29.55,"(10,30]",150.00%,"(100%, 300%]","(0,10]",2026/8/15,8,非JIT商品,71,0,"Coffee brown,Army green,Black,Dark blue,Dark green,Apricot,Mauve purple,Burgundy",8,"M,XL,L,XXL",4,All Seasons,https://p16-oec-va.ibyteimg.com/tos-maliva-i-o3syd03w52-us/8e478b7082584360b842866b89d5630b~tplv-o3syd03w52-resize-jpeg:1000:1000.image?,https://shop.tiktok.com/view/product/1732521566631203665?region=US&locale=en,徐熙雅,2.6
2026/8/23,US,US,新品,1732516641016615857,S260710032844,Everlane Other Stories,非SKM商家,标码女装,女士穆斯林服装,衬衣及女上衣,标码女装+女士穆斯林服装,"(0,100]",11.65,"(10,30]",266.67%,"(100%, 300%]","(0,10]",2026/7/31,23,非JIT商品,10,0,Khaki,1,"M,S,L,XL",4,All Seasons,https://p16-oec-va.ibyteimg.com/tos-maliva-i-o3syd03w52-us/06e386405ab644b3b196f0ecce8f0e97~tplv-o3syd03w52-resize-jpeg:1000:1000.image?,https://shop.tiktok.com/view/product/1732516641016615857?region=US&locale=en,王瑶,
2026/8/23,US,US,新品,1732535348636455073,S260805037750,Muse Plus,SKM商家,大码女装,女士下装,长裤,大码女装+女士下装,"(0,100]",19.61,"(10,30]",33.33%,"(0%, 50%]","(0,10]",2026/8/5,18,JIT商品,2,"2,238","Red,Pine green,Navy blue,Black,Brown",5,"4XL,1XL,0XL,3XL,2XL",5,Spring&Fall,https://p16-oec-va.ibyteimg.com/tos-maliva-i-o3syd03w52-us/1b8ac1966a4a4c04aeefc9c226071d17~tplv-o3syd03w52-resize-jpeg:1000:1000.image?,https://shop.tiktok.com/view/product/1732535348636455073?region=US&locale=en,郑川粤,3.7
2026/8/23,US,US,新品,1732445556897583513,S260616034442,Bargain Chic,非SKM商家,大码女装,女士下装,半身裙,大码女装+女士下装,"(0,100]",11.3,"(10,30]",100.00%,"(50%, 100%]","(0,10]",2026/7/29,25,JIT商品,0,196,"Black,Green",2,"5XL,4XL,1XL,3XL,2XL",5,All Seasons,https://p16-oec-va.ibyteimg.com/tos-maliva-i-o3syd03w52-us/8539cbcedc2149bca398f46003fe902f~tplv-o3syd03w52-resize-jpeg:1000:1000.image?,https://shop.tiktok.com/view/product/1732445556897583513?region=US&locale=en,郑川粤,3.5
2026/8/23,US,US,新品,1732526652024525591,S260801011112,Quick Fit Fashion,非SKM商家,标码女装,女士下装,长裤,标码女装+女士下装,"(0,100]",16.25,"(10,30]",16.67%,"(0%, 50%]","(0,10]",2026/8/4,19,JIT商品,69,550,"Khaki,Olive green,White,Black",4,"M,S,L",3,Spring&Fall,https://p16-oec-va.ibyteimg.com/tos-alisg-i-aphluv4xwc-sg/ac3699a0fa6f4dceba9e3e417f153aad~tplv-o3syd03w52-resize-jpeg:1000:1000.image?,https://shop.tiktok.com/view/product/1732526652024525591?region=US&locale=en,王瑶,4.4
2026/8/23,US,US,新品,1732538478007718870,S260806030832,SHUANGBO SHOP,非SKM商家,标码女装,女士穆斯林服装,衬衣及女上衣,标码女装+女士穆斯林服装,"(0,100]",31.83,"(10,30]",-55.56%,负增长,"(0,10]",2026/8/7,16,JIT商品,1,854,"Khaki,Green",2,"M,S,L,XS,XL",5,All Seasons,https://p16-oec-va.ibyteimg.com/tos-maliva-i-o3syd03w52-us/e4f3f4977d354b8c9926202f38ae4a05~tplv-o3syd03w52-resize-jpeg:1000:1000.image?,https://shop.tiktok.com/view/product/1732538478007718870?region=US&locale=en,王瑶,
2026/8/23,US,US,新品,1732516042372452870,S260727020455,Solis Apparel,非SKM商家,标码女装,女士下装,女士卫裤,标码女装+女士下装,"(0,100]",32.88,"(10,30]",-100.00%,负增长,"(0,10]",2026/7/27,27,JIT商品,4,"65,987","Orange red,Royal blue,Light green,Gray,Military green,Black,Green,Hot pink,Lemon yellow,Coffee color,light yellow,White,Sky blue,Burgundy",14,"M,XXXL,S,XXXXL,L,XL,XXL",7,Spring&Fall,https://p16-oec-va.ibyteimg.com/tos-maliva-i-o3syd03w52-us/45c37c3a0ee6423381f7d0fb60cb2458~tplv-o3syd03w52-resize-jpeg:1000:1000.image?,https://shop.tiktok.com/view/product/1732516042372452870?region=US&locale=en,王瑶,3.3
2026/8/23,US,US,新品,1732513130884206788,S260725029677,FACIO Direct,非SKM商家,标码女装,女士针织衫,毛衣套头衫,标码女装+女士针织衫,"(0,100]",19.32,"(10,30]",-88.89%,负增长,"(0,10]",2026/7/29,25,非JIT商品,41,0,Green,1,"M,S,L",3,Spring&Fall,https://p16-oec-va.ibyteimg.com/tos-maliva-i-o3syd03w52-us/8c3a52b9a220425e84da370b84f80ce5~tplv-o3syd03w52-resize-jpeg:1000:1000.image?,https://shop.tiktok.com/view/product/1732513130884206788?region=US&locale=en,沈亦莎,4.3
2026/8/23,US,US,新品,1732557777504867286,S260809017556,SHUANGBO SHOP,非SKM商家,标码女装,女士针织衫,毛衣套头衫,标码女装+女士针织衫,"(0,100]",11.17,"(10,30]",233.33%,"(100%, 300%]","(0,10]",2026/8/14,9,JIT商品,0,433,Gray,1,"M,S,L,XS,XL",5,Spring&Fall,https://p16-oec-va.ibyteimg.com/tos-maliva-i-o3syd03w52-us/815308b9a0f34a56a184d8a17c057840~tplv-o3syd03w52-resize-jpeg:1000:1000.image?,https://shop.tiktok.com/view/product/1732557777504867286?region=US&locale=en,王瑶,
2026/8/23,US,US,新品,1732531618412794320,S260803021381,AILIS clothing store,非SKM商家,大码女装,女士上装,女士 T 恤,大码女装+女士上装,"(0,100]",7.31,"(10,30]",233.33%,"(100%, 300%]","(0,10]",2026/8/4,19,JIT商品,0,"31,068","Purple,Khaki,Chartreuse,Sky blue,Heather violet",5,"5XL,4XL,6XL,1XL,0XL,3XL,2XL",7,Summer,https://p16-oec-va.ibyteimg.com/tos-maliva-i-o3syd03w52-us/cce7fc8cd50e4098a7ae1e60a3597765~tplv-o3syd03w52-resize-jpeg:1000:1000.image?,https://shop.tiktok.com/view/product/1732531618412794320?region=US&locale=en,郑川粤,2.4
2026/8/23,US,US,新品,1732466496269226338,S260630020994,Upsun,非SKM商家,标码女装,女士套装及西服,半裙套装,标码女装+女士套装及西服,"(0,100]",26.87,"(10,30]",-70.00%,负增长,"(0,10]",2026/7/31,23,非JIT商品,33,0,Pink,1,"M,S,XL,L",4,Spring&Fall,https://p16-oec-va.ibyteimg.com/tos-maliva-i-o3syd03w52-us/5ede71a3365140fe902da7fc2a4eb348~tplv-o3syd03w52-resize-jpeg:1000:1000.image?,https://shop.tiktok.com/view/product/1732466496269226338?region=US&locale=en,黄依婷,3.8
2026/8/23,US,US,新品,1732556084059345878,S260809014831,SHUANGBO SHOP,非SKM商家,标码女装,女士穆斯林服装,衬衣及女上衣,标码女装+女士穆斯林服装,"(0,100]",15.64,"(10,30]",450.00%,"(300%, 500%]","(0,10]",2026/8/14,9,JIT商品,0,350,Yellow,1,"M,S,L,XL",4,All Seasons,https://p16-oec-va.ibyteimg.com/tos-maliva-i-o3syd03w52-us/f7f1fcc7731f475ea19c31fb831c8a4b~tplv-o3syd03w52-resize-jpeg:1000:1000.image?,https://shop.tiktok.com/view/product/1732556084059345878?region=US&locale=en,王瑶,
2026/8/23,US,US,新品,1732531386115723357,S260803036049,Comfortable Couture,非SKM商家,大码女装,女士上装,女士衬衫,大码女装+女士上装,"(0,100]",22.11,"(10,30]",-100.00%,负增长,"(0,10]",2026/8/4,19,JIT商品,1,981,"Baby pink,White,Black,Burgundy",4,"5XL,4XL,1XL,3XL,2XL",5,Spring&Fall,https://p16-oec-va.ibyteimg.com/tos-alisg-i-aphluv4xwc-sg/3ef6bf13458b4faeb47028e2b3f5ecde~tplv-o3syd03w52-resize-jpeg:1000:1000.image?,https://shop.tiktok.com/view/product/1732531386115723357?region=US&locale=en,张宇,3.7
2026/8/23,US,US,新品,1732516838453973841,S260724002470,J Nova Shop,非SKM商家,标码女装,女士针织衫,毛衣套头衫,标码女装+女士针织衫,"(0,100]",24.05,"(10,30]",-28.57%,负增长,"(0,10]",2026/7/28,26,JIT商品,0,487,Khaki,1,"M,S,XL,L,XXL",5,Spring&Fall,https://p16-oec-va.ibyteimg.com/tos-maliva-i-o3syd03w52-us/07053b171fab4a21a3916e6401704b2b~tplv-o3syd03w52-resize-jpeg:1000:1000.image?,https://shop.tiktok.com/view/product/1732516838453973841?region=US&locale=en,沈亦莎,4.2
2026/8/23,US,US,新品,1732512559038763033,S260725012039,NS Dress,非SKM商家,大码女装,女士连衣裙,派对礼服,大码女装+女士连衣裙,"(0,100]",35.03,"(10,30]",-20.00%,负增长,"(0,10]",2026/7/25,29,JIT商品,27,83,"Red,Light blue,White,Black",4,"4XL,1XL,0XL,3XL,2XL",5,Spring&Fall,https://p16-oec-va.ibyteimg.com/tos-maliva-i-o3syd03w52-us/08525d5801874da1bccca9c8414db843~tplv-o3syd03w52-resize-jpeg:1000:1000.image?,https://shop.tiktok.com/view/product/1732512559038763033?region=US&locale=en,张宇,4.3
2026/8/23,US,US,新品,1732515104519196851,S260725021326,ZOVINRIA,SKM商家,标码女装,女士针织衫,毛衣套头衫,标码女装+女士针织衫,"(0,100]",17.92,"(10,30]",-14.29%,负增长,"(0,10]",2026/7/31,23,非JIT商品,86,0,"Burgundy,Chocolate brown,Olive green,Black,Fawn brown,Deep blue,Dark green,Light gray,Brown",9,"M,S,L",3,Fall&Winter,https://p16-oec-va.ibyteimg.com/tos-maliva-i-o3syd03w52-us/58c12a06a5244b77a7bbccd62ad35881~tplv-o3syd03w52-resize-jpeg:1000:1000.image?,https://shop.tiktok.com/view/product/1732515104519196851?region=US&locale=en,王可心,3.4
2026/8/23,US,US,新品,1732503063720989163,S260720012626,DolceAmara,非SKM商家,标码女装,女士套装及西服,长裤套装,标码女装+女士套装及西服,"(0,100]",25.63,"(10,30]",-28.57%,负增长,"(0,10]",2026/7/29,25,非JIT商品,30,0,Black and gray,1,"M,S,L,XL",4,Spring&Fall,https://p16-oec-va.ibyteimg.com/tos-maliva-i-o3syd03w52-us/fedd664410bc468aa0dc2bd533734d9b~tplv-o3syd03w52-resize-jpeg:1000:1000.image?,https://shop.tiktok.com/view/product/1732503063720989163?region=US&locale=en,黄依婷,3.8
2026/8/23,US,US,新品,1732507742928998743,S260723007279,FOXCLAW Curve,非SKM商家,大码女装,女士上装,女士衬衫,大码女装+女士上装,"(0,100]",17.74,"(10,30]",1100.00%,"(500%, +∞)","(0,10]",2026/8/2,21,非JIT商品,33,0,Black,1,"5XL,4XL,1XL,3XL,2XL",5,Spring&Fall,https://p16-oec-va.ibyteimg.com/tos-maliva-i-o3syd03w52-us/fc4f59b1a1a44351a2ab4fa6ede62dc0~tplv-o3syd03w52-resize-jpeg:1000:1000.image?,https://shop.tiktok.com/view/product/1732507742928998743?region=US&locale=en,郑川粤,4.1
2026/8/23,US,US,新品,1732544993975177289,S260809000272,Dragons Kaoru,非SKM商家,大码女装,女士连衣裙,休闲连衣裙,大码女装+女士连衣裙,"(0,100]",27.06,"(10,30]",450.00%,"(300%, 500%]","(0,10]",2026/8/12,11,非JIT商品,75,0,Black,1,"4XL,1XL,0XL,3XL,2XL",5,Spring&Fall,https://p16-oec-va.ibyteimg.com/tos-maliva-i-o3syd03w52-us/9a8b41583c1f4205af1756afee02cf0f~tplv-o3syd03w52-resize-jpeg:1000:1000.image?,https://shop.tiktok.com/view/product/1732544993975177289?region=US&locale=en,张宇,3.3
2026/8/23,US,US,新品,1732529296095744791,S260802004212,Quick Fit Fashion,非SKM商家,标码女装,女士下装,长裤,标码女装+女士下装,"(0,100]",18.21,"(10,30]",,新增动销,"(10,30]",2026/8/6,17,JIT商品,87,900,"Khaki,Gray,Military green,Black,Deep blue,Beige",6,"M,S,L",3,Spring&Fall,https://p16-oec-va.ibyteimg.com/tos-maliva-i-o3syd03w52-us/fe26beffee3743acbaa0bc584a7570b0~tplv-o3syd03w52-resize-jpeg:1000:1000.image?,https://shop.tiktok.com/view/product/1732529296095744791?region=US&locale=en,王瑶,4.4
2026/8/23,US,US,新品,1732537323924394487,S260806018812,Aliling CurvyGlam,非SKM商家,大码女装,女士下装,半身裙,大码女装+女士下装,"(0,100]",22.97,"(10,30]",-75.00%,负增长,"(0,10]",2026/8/9,14,非JIT商品,115,0,"Mustard yellow,Ankura Red,Black,Brown",4,"4XL,1XL,0XL,3XL,2XL",5,Spring&Fall,https://p16-oec-va.ibyteimg.com/tos-maliva-i-o3syd03w52-us/8c4e49da916d4dd8b0360e38cef7c018~tplv-o3syd03w52-resize-jpeg:1000:1000.image?,https://shop.tiktok.com/view/product/1732537323924394487?region=US&locale=en,张宇,3.7
2026/8/23,US,US,新品,1732558369317163719,S260814010097,Justoneone,非SKM商家,标码女装,女士套装及西服,长裤套装,标码女装+女士套装及西服,"(0,100]",42.04,"(10,30]",400.00%,"(300%, 500%]","(0,10]",2026/8/14,9,JIT商品,0,65,"Khaki,Olive green,Yellow,White,Black",5,"M,S,XL,L",4,Spring&Fall,https://p16-oec-va.ibyteimg.com/tos-maliva-i-o3syd03w52-us/b76ca24c1cb84616a705dd31dc15bff3~tplv-o3syd03w52-resize-jpeg:1000:1000.image?,https://shop.tiktok.com/view/product/1732558369317163719?region=US&locale=en,郑川粤,4.5
2026/8/23,US,US,新品,1732531883797025276,S260731008998,Hi anan,非SKM商家,标码女装,女士针织衫,毛衣套头衫,标码女装+女士针织衫,"(0,100]",12.74,"(10,30]",1000.00%,"(500%, +∞)","(10,30]",2026/8/10,13,非JIT商品,11,0,Mocha brown,1,"M,S,L,XL",4,Spring&Fall,https://p16-oec-va.ibyteimg.com/tos-maliva-i-o3syd03w52-us/b1ad322a605042098b08f4406d786111~tplv-o3syd03w52-resize-jpeg:1000:1000.image?,https://shop.tiktok.com/view/product/1732531883797025276?region=US&locale=en,沈亦莎,4.4
2026/8/23,US,US,新品,1732469403378881388,S260702005231,DOUCIU Store,非SKM商家,标码女装,女士下装,半身裙,标码女装+女士下装,"(0,100]",17.03,"(10,30]",100.00%,"(50%, 100%]","(0,10]",2026/7/25,29,非JIT商品,34,0,Khaki,1,"M,S,L",3,Spring&Fall,https://p16-oec-va.ibyteimg.com/tos-maliva-i-o3syd03w52-us/942b8d6d4fc64006ba14f6b21e470e09~tplv-o3syd03w52-resize-jpeg:1000:1000.image?,https://shop.tiktok.com/view/product/1732469403378881388?region=US&locale=en,游宇航,3.2
2026/8/23,US,US,新品,1732560707439858266,S260815025662,Orgnvin,非SKM商家,标码女装,女士针织衫,毛衣套头衫,标码女装+女士针织衫,"(0,100]",12.84,"(10,30]",200.00%,"(100%, 300%]","(0,10]",2026/8/15,8,JIT商品,0,591,"Royal blue,Black,Fawn brown,Apricot,Burgundy",5,"M,S,XL,L",4,Spring&Fall,https://p16-oec-va.ibyteimg.com/tos-maliva-i-o3syd03w52-us/15015cdb0baa427188044175e1dd99ca~tplv-o3syd03w52-resize-jpeg:1000:1000.image?,https://shop.tiktok.com/view/product/1732560707439858266?region=US&locale=en,王可心,4.7
2026/8/23,US,US,新品,1732556963943518644,S260814007865,Celesmeety,非SKM商家,标码女装,女士穆斯林服装,长袍,标码女装+女士穆斯林服装,"(0,100]",176,"(10,30]",400.00%,"(300%, 500%]","(0,10]",2026/8/14,9,JIT商品,0,45,"Purple gold,apricot gold,Black Gold",3,One-size,1,All Seasons,https://p16-oec-va.ibyteimg.com/tos-maliva-i-o3syd03w52-us/de54bb3db33345328d87d605ac8bead2~tplv-o3syd03w52-resize-jpeg:1000:1000.image?,https://shop.tiktok.com/view/product/1732556963943518644?region=US&locale=en,徐熙雅,3.9
2026/8/23,US,US,新品,1732535001418339176,S260509029115,Happy Rainbow House,非SKM商家,大码女装,女士上装,女士 T 恤,大码女装+女士上装,"(0,100]",8.05,"(10,30]",,新增动销,"(0,10]",2026/8/5,18,非JIT商品,59,0,"Purple,Pink,Green",3,"5XL,4XL,1XL,3XL,2XL",5,Summer,https://p16-oec-va.ibyteimg.com/tos-maliva-i-o3syd03w52-us/88d21ea1cdc641ecbc6666f3450fd4a5~tplv-o3syd03w52-resize-jpeg:1000:1000.image?,https://shop.tiktok.com/view/product/1732535001418339176?region=US&locale=en,张宇,4.8
2026/8/23,US,US,新品,1732520791284027900,S260728028214,Hi anan,非SKM商家,标码女装,女士针织衫,毛衣套头衫,标码女装+女士针织衫,"(0,100]",18.67,"(10,30]",-42.86%,负增长,"(0,10]",2026/8/1,22,非JIT商品,44,0,Multi-color,1,"M,S,L,XL",4,Fall&Winter,https://p16-oec-va.ibyteimg.com/tos-maliva-i-o3syd03w52-us/f6cc832d29364aeb9ec4f74f2942dfc0~tplv-o3syd03w52-resize-jpeg:1000:1000.image?,https://shop.tiktok.com/view/product/1732520791284027900?region=US&locale=en,沈亦莎,4.4
2026/8/23,US,US,新品,1732531777138561464,S260803007230,ZY PLUS JEANS,非SKM商家,大码女装,牛仔,牛仔长裤,大码女装+牛仔,"(0,100]",16.34,"(10,30]",1000.00%,"(500%, +∞)","(0,10]",2026/8/15,8,非JIT商品,22,0,Dark wash,1,"4XL,1XL,0XL,3XL,2XL",5,Spring&Fall,https://p16-oec-va.ibyteimg.com/tos-maliva-i-o3syd03w52-us/7e262b26b60648f9add9c811f2a4f8d3~tplv-o3syd03w52-resize-jpeg:1000:1000.image?,https://shop.tiktok.com/view/product/1732531777138561464?region=US&locale=en,郑川粤,3.8
2026/8/23,US,US,新品,1732521730471334730,S260729018047,"Pusheng2 Fushi Co., DongGuan",非SKM商家,标码女装,女士套装及西服,长裤套装,标码女装+女士套装及西服,"(0,100]",24.88,"(10,30]",,新增动销,"(0,10]",2026/8/2,21,非JIT商品,153,0,"Khaki,Black,Dark gray,Deep blue,Light gray,Apricot,Brown",7,"M,S,XL,L,XXL",5,Spring&Fall,https://p16-oec-va.ibyteimg.com/tos-maliva-i-o3syd03w52-us/21322cb5893e43d58aeb8ec4542425de~tplv-o3syd03w52-resize-jpeg:1000:1000.image?,https://shop.tiktok.com/view/product/1732521730471334730?region=US&locale=en,王谍,4.9
2026/8/23,US,US,新品,1732529697788498670,S260803007802,Zisman,非SKM商家,标码女装,女士套装及西服,连衣裙套装,标码女装+女士套装及西服,"(0,100]",19.43,"(10,30]",-33.33%,负增长,"(0,10]",2026/8/4,19,JIT商品,0,556,"Blue,Yellow,Green",3,"M,S,L,XL",4,Spring&Fall,https://p16-oec-va.ibyteimg.com/tos-maliva-i-o3syd03w52-us/0d4380c5dcde400fa113ca94169ba089~tplv-o3syd03w52-resize-jpeg:1000:1000.image?,https://shop.tiktok.com/view/product/1732529697788498670?region=US&locale=en,游宇航,2.3
2026/8/23,US,US,新品,1732533845979926981,S260804038697,Spoils Me,非SKM商家,标码女装,女士套装及西服,长裤套装,标码女装+女士套装及西服,"(0,100]",34.68,"(10,30]",-66.67%,负增长,"(0,10]",2026/8/5,18,JIT商品,0,610,"Pink,Gray,Chartreuse,Sky blue,Deep blue,Burgundy",6,"M,S,L,XL,XXL",5,Spring&Fall,https://p16-oec-va.ibyteimg.com/tos-maliva-i-o3syd03w52-us/e5fa35b5aa54424ea30130baa84a7c9f~tplv-o3syd03w52-resize-jpeg:1000:1000.image?,https://shop.tiktok.com/view/product/1732533845979926981?region=US&locale=en,刘雪莹,4.1
2026/8/23,US,US,新品,1732499566690734929,S260718024498,Shiny Girl VIP,非SKM商家,标码女装,女士套装及西服,半裙套装,标码女装+女士套装及西服,"(0,100]",19.68,"(10,30]",-75.00%,负增长,"(0,10]",2026/7/26,28,非JIT商品,9,0,Blue,1,"M,S,XS,L",4,Spring&Fall,https://p16-oec-va.ibyteimg.com/tos-maliva-i-o3syd03w52-us/1618b9a821df4cf29566d4b15a2c9346~tplv-o3syd03w52-resize-jpeg:1000:1000.image?,https://shop.tiktok.com/view/product/1732499566690734929?region=US&locale=en,张健,4.7
2026/8/23,US,US,新品,1732491060616925527,S260714016739,FOXCLAW Curve,非SKM商家,大码女装,女士上装,女士马甲,大码女装+女士上装,"(0,100]",9.03,"(10,30]",200.00%,"(100%, 300%]","(0,10]",2026/8/5,18,非JIT商品,31,0,Khaki,1,"5XL,4XL,1XL,3XL,2XL",5,Spring&Fall,https://p16-oec-va.ibyteimg.com/tos-maliva-i-o3syd03w52-us/48e3f254f8004379ab9de08e8f0450c0~tplv-o3syd03w52-resize-jpeg:1000:1000.image?,https://shop.tiktok.com/view/product/1732491060616925527?region=US&locale=en,郑川粤,4.1
2026/8/23,US,US,新品,1732520951664120049,S260729012571,Miss Zone,SKM商家,大码女装,女士下装,半身裙,大码女装+女士下装,"(0,100]",15.74,"(10,30]",-16.67%,负增长,"(0,10]",2026/7/29,25,JIT商品,1,815,"Light blue,Navy blue,Blue",3,"4XL,1XL,0XL,3XL,2XL",5,Spring&Fall,https://p16-oec-va.ibyteimg.com/tos-maliva-i-o3syd03w52-us/bf15e60db5e84f20aa24f33b2d90bfd9~tplv-o3syd03w52-resize-jpeg:1000:1000.image?,https://shop.tiktok.com/view/product/1732520951664120049?region=US&locale=en,郑川粤,2.9
2026/8/23,US,US,新品,1732530137655710049,S260730023873,The Flood,非SKM商家,标码女装,女士下装,长裤,标码女装+女士下装,"(0,100]",23.78,"(10,30]",-60.00%,负增长,"(0,10]",2026/8/3,20,JIT商品,0,"1,786","Blue,Khaki,Hot pink,Light green,Army green,White,Black,Dark blue,Sky blue,Apricot,Multicolor1,Brown",12,"M,S,XL,XS,L",5,Spring&Fall,https://p16-oec-va.ibyteimg.com/tos-maliva-i-o3syd03w52-us/49c3da3716304754822bedd9399fcec3~tplv-o3syd03w52-resize-jpeg:1000:1000.image?,https://shop.tiktok.com/view/product/1732530137655710049?region=US&locale=en,刘雪莹,2
2026/8/23,US,US,新品,1732560459962749169,S260815020391,Miss Zone,SKM商家,大码女装,女士连衣裙,派对礼服,大码女装+女士连衣裙,"(0,100]",13.93,"(10,30]",1000.00%,"(500%, +∞)","(0,10]",2026/8/15,8,JIT商品,0,184,"Royal blue,Wine red,Black",3,"1XL,0XL,3XL,2XL",4,Spring&Fall,https://p16-oec-va.ibyteimg.com/tos-maliva-i-o3syd03w52-us/92b1abc908f844ceac237df14a8bc269~tplv-o3syd03w52-resize-jpeg:1000:1000.image?,https://shop.tiktok.com/view/product/1732560459962749169?region=US&locale=en,郑川粤,2.9
2026/8/23,US,US,新品,1732539715158642879,S260807023198,STOLKISS,非SKM商家,标码女装,女士套装及西服,长裤套装,标码女装+女士套装及西服,"(0,100]",10.92,"(10,30]",1000.00%,"(500%, +∞)","(0,10]",2026/8/10,13,非JIT商品,117,0,"wine red,Coffee color,Black,Deep blue,dark green",5,"M,S,L,XL,XXL",5,All Seasons,https://p16-oec-va.ibyteimg.com/tos-maliva-i-o3syd03w52-us/5fec60642f4f4f92a66c75031f3d9ef0~tplv-o3syd03w52-resize-jpeg:1000:1000.image?,https://shop.tiktok.com/view/product/1732539715158642879?region=US&locale=en,游宇航,4.1
2026/8/23,US,US,新品,1732539773571993791,S260807018767,STOLKISS,非SKM商家,标码女装,女士套装及西服,长裤套装,标码女装+女士套装及西服,"(0,100]",14.59,"(10,30]",100.00%,"(50%, 100%]","(0,10]",2026/8/10,13,非JIT商品,40,0,"Deep blue,dark green",2,"M,S,XL,L,XXL",5,Summer,https://p16-oec-va.ibyteimg.com/tos-maliva-i-o3syd03w52-us/c91fe40a63b64bd7bcd4fc9e6e7ddd7f~tplv-o3syd03w52-resize-jpeg:1000:1000.image?,https://shop.tiktok.com/view/product/1732539773571993791?region=US&locale=en,游宇航,4.1
2026/8/23,US,US,新品,1732522950448943501,S260730030150,Rusttydustty Curve,非SKM商家,大码女装,女士连衣裙,休闲连衣裙,大码女装+女士连衣裙,"(0,100]",17.81,"(10,30]",-50.00%,负增长,"(0,10]",2026/8/9,14,非JIT商品,45,0,"Dark blue,Apricot",2,"4XL,1XL,0XL,3XL,2XL",5,Spring&Fall,https://p16-oec-va.ibyteimg.com/tos-alisg-i-aphluv4xwc-sg/4a08ba9d22fb40deb546e7c0449d8025~tplv-o3syd03w52-resize-jpeg:1000:1000.image?,https://shop.tiktok.com/view/product/1732522950448943501?region=US&locale=en,张宇,4.8
2026/8/23,US,US,新品,1732521127719899461,S260729039678,YouAnnn,非SKM商家,标码女装,女士针织衫,毛衣套头衫,标码女装+女士针织衫,"(0,100]",29.75,"(10,30]",,新增动销,"(0,10]",2026/8/2,21,非JIT商品,596,0,"Blue,Pink,Gray,White,Black,Apricot,Green",7,"M,S,L,XL,XXL",5,Spring&Fall,https://p16-oec-va.ibyteimg.com/tos-maliva-i-o3syd03w52-us/0c6be27d31854ec98d681bb6a1d8480f~tplv-o3syd03w52-resize-jpeg:1000:1000.image?,https://shop.tiktok.com/view/product/1732521127719899461?region=US&locale=en,沈亦莎,4.3
2026/8/23,US,US,新品,1732528472367665229,S260802016035,YarnPop,非SKM商家,标码女装,女士针织衫,开衫,标码女装+女士针织衫,"(0,100]",16.88,"(10,30]",40.00%,"(0%, 50%]","(0,10]",2026/8/2,21,JIT商品,0,129,"Royal blue,off-white,Black,Burgundy",4,"M,S,XL,L",4,Spring&Fall,https://p16-oec-va.ibyteimg.com/tos-alisg-i-aphluv4xwc-sg/d4ddf55020664651a7022822e46d6776~tplv-o3syd03w52-resize-jpeg:1000:1000.image?,https://shop.tiktok.com/view/product/1732528472367665229?region=US&locale=en,王可心,4.4
2026/8/23,US,US,新品,1732515911392792854,S260727013187,ZAJIA Terra,非SKM商家,标码女装,女士下装,短裤,标码女装+女士下装,"(0,100]",36.01,"(10,30]",-100.00%,负增长,"(0,10]",2026/7/27,27,JIT商品,0,145,"Tangerine red,Red,coral,Golden",4,"M,XXXL,S,L,XL,XXL",6,未知/未配置,https://p16-oec-va.ibyteimg.com/tos-maliva-i-o3syd03w52-us/5750555b5218436e9c5ec1fb24ed6894~tplv-o3syd03w52-resize-jpeg:1000:1000.image?,https://shop.tiktok.com/view/product/1732515911392792854?region=US&locale=en,王瑶,1.7
2026/8/23,US,US,新品,1732527189805404762,S260731034588,Orgnvin,非SKM商家,标码女装,女士针织衫,毛衣套头衫,标码女装+女士针织衫,"(0,100]",12.74,"(10,30]",-100.00%,负增长,"(0,10]",2026/8/1,22,JIT商品,0,"1,426","Purple,Pink,Khaki,Red,Flame red,White,Black,Sky blue",8,"M,S,XL,L",4,Spring&Fall,https://p16-oec-va.ibyteimg.com/tos-alisg-i-aphluv4xwc-sg/b0fb404ebf37425697254be0dadd06b6~tplv-o3syd03w52-resize-jpeg:1000:1000.image?,https://shop.tiktok.com/view/product/1732527189805404762?region=US&locale=en,王可心,4.7
2026/8/23,US,US,新品,1732562523287819096,S260816015176,AYIMZ,非SKM商家,大码女装,女士下装,长裤,大码女装+女士下装,"(0,100]",9.69,"(10,30]",,新增动销,"(0,10]",2026/8/16,7,JIT商品,0,"6,000","Purple,Hot pink,Army green,Leaf green,Dark green,Blue",6,"5XL,4XL,1XL,3XL,2XL",5,Spring&Fall,https://p16-oec-va.ibyteimg.com/tos-maliva-i-o3syd03w52-us/144bccf4638943f8b790293296349db9~tplv-o3syd03w52-resize-jpeg:1000:1000.image?,https://shop.tiktok.com/view/product/1732562523287819096?region=US&locale=en,郑川粤,4.4
2026/8/23,US,US,新品,1732510307409564616,S260724008411,Wenyu Modest Abaya,非SKM商家,标码女装,女士穆斯林服装,连衣裙,标码女装+女士穆斯林服装,"(0,100]",28.15,"(10,30]",100.00%,"(50%, 100%]","(0,10]",2026/7/24,30,JIT商品,40,319,"Khaki,Black,Brown",3,"M,S,L,XL,XXL",5,All Seasons,https://p16-oec-va.ibyteimg.com/tos-maliva-i-o3syd03w52-us/f7a208d3294144cd99b858ab46aef905~tplv-o3syd03w52-resize-jpeg:1000:1000.image?,https://shop.tiktok.com/view/product/1732510307409564616?region=US&locale=en,徐熙雅,3.2
2026/8/23,US,US,新品,1732502701576851458,S260720038130,Low Price Fashion,非SKM商家,标码女装,女士针织衫,开衫,标码女装+女士针织衫,"(0,100]",12.71,"(10,30]",-85.71%,负增长,"(0,10]",2026/7/27,27,非JIT商品,61,0,"White,Black,Fawn brown",3,"M,S,L,XL,XXL",5,Spring&Fall,https://p16-oec-va.ibyteimg.com/tos-maliva-i-o3syd03w52-us/16fdb74240fa44089691ac044147549e~tplv-o3syd03w52-resize-jpeg:1000:1000.image?,https://shop.tiktok.com/view/product/1732502701576851458?region=US&locale=en,沈亦莎,4.7
2026/8/23,US,US,新品,1732507527753732439,S260723003484,FOXCLAW Curve,非SKM商家,大码女装,女士下装,长裤,大码女装+女士下装,"(0,100]",9.52,"(10,30]",-57.14%,负增长,"(0,10]",2026/7/26,28,非JIT商品,12,0,Pink,1,"4XL,1XL,0XL,3XL,2XL",5,Spring&Fall,https://p16-oec-va.ibyteimg.com/tos-maliva-i-o3syd03w52-us/def5f413c30441e0bcbc25e1248da843~tplv-o3syd03w52-resize-jpeg:1000:1000.image?,https://shop.tiktok.com/view/product/1732507527753732439?region=US&locale=en,郑川粤,4.1
2026/8/23,US,US,新品,1732538570646458471,S260806021535,SSEW Plus Size,非SKM商家,大码女装,牛仔,牛仔长裤,大码女装+牛仔,"(0,100]",26,"(10,30]",350.00%,"(300%, 500%]","(0,10]",2026/8/7,16,JIT商品,0,"2,437","Royal blue,Dark gray,Sky blue,Pastel blue,Dark wash,Blue",6,"4XL,1XL,0XL,3XL,2XL",5,Spring&Fall,https://p16-oec-va.ibyteimg.com/tos-maliva-i-o3syd03w52-us/a698dcab1ee14cc980dd494d3fddf193~tplv-o3syd03w52-resize-jpeg:1000:1000.image?,https://shop.tiktok.com/view/product/1732538570646458471?region=US&locale=en,郑川粤,4.4
2026/8/23,US,US,新品,1732555101226308443,S260813039908,FNZE Fashion,非SKM商家,大码女装,女士连衣裙,休闲连衣裙,大码女装+女士连衣裙,"(0,100]",33.89,"(10,30]",-100.00%,负增长,"(0,10]",2026/8/13,10,JIT商品,0,89,"Pink,Red,Orange,Black,Blue",5,One-size,1,Summer,https://p16-oec-va.ibyteimg.com/tos-maliva-i-o3syd03w52-us/46b3e6162aba47f493ca79fa9d22d118~tplv-o3syd03w52-resize-jpeg:1000:1000.image?,https://shop.tiktok.com/view/product/1732555101226308443?region=US&locale=en,张宇,4.9
2026/8/23,US,US,新品,1732529132142891661,S260801001497,BOOM WOO,非SKM商家,标码女装,女士下装,长裤,标码女装+女士下装,"(0,100]",19.18,"(10,30]",-100.00%,负增长,"(0,10]",2026/8/3,20,JIT商品,0,"1,779","Blue,Khaki,Hot pink,Light green,Army green,White,Black,Dark blue,Sky blue,Multicolor1,Apricot,Brown",12,"M,S,L,XL,XS",5,All Seasons,https://p16-oec-va.ibyteimg.com/tos-maliva-i-o3syd03w52-us/875c9f5ab58a41f0bea9cf1590678b11~tplv-o3syd03w52-resize-jpeg:1000:1000.image?,https://shop.tiktok.com/view/product/1732529132142891661?region=US&locale=en,刘雪莹,2
2026/8/23,US,US,新品,1732482526120940219,S260709023639,Linenvera fashion,非SKM商家,标码女装,女士套装及西服,长裤套装,标码女装+女士套装及西服,"(0,100]",24.3,"(10,30]",0.00%,持平,"(0,10]",2026/7/29,25,非JIT商品,260,0,"Deep coffee color,Black,Apricot",3,"M,S,L,XL",4,Spring&Fall,https://p16-oec-va.ibyteimg.com/tos-maliva-i-o3syd03w52-us/4c2cfd6e6f4a4651bbdaf97ec99bd335~tplv-o3syd03w52-resize-jpeg:1000:1000.image?,https://shop.tiktok.com/view/product/1732482526120940219?region=US&locale=en,张宇,3.3
2026/8/23,US,US,新品,1732526683769442721,S260801013043,Polydeer Curve,非SKM商家,大码女装,女士上装,女士毛绒夹克,大码女装+女士上装,"(0,100]",37.94,"(10,30]",,新增动销,"(0,10]",2026/8/14,9,非JIT商品,55,0,"Khaki,Red,Army green,Navy blue,Black",5,"5XL,4XL,1XL,0XL,3XL,2XL",6,Fall&Winter,https://p16-oec-va.ibyteimg.com/tos-alisg-i-aphluv4xwc-sg/be5a69f21ad74c8fb5fd2e7b1a240875~tplv-o3syd03w52-resize-jpeg:1000:1000.image?,https://shop.tiktok.com/view/product/1732526683769442721?region=US&locale=en,郑川粤,4.4
2026/8/23,US,US,新品,1732497699969471183,S260717023440,Naimisi-Plus,非SKM商家,大码女装,女士套装及西服,长裤套装,大码女装+女士套装及西服,"(0,100]",27.15,"(10,30]",-25.00%,负增长,"(0,10]",2026/7/31,23,非JIT商品,50,0,"Olive green,Apricot",2,"5XL,4XL,1XL,3XL,2XL",5,Spring&Fall,https://p16-oec-va.ibyteimg.com/tos-maliva-i-o3syd03w52-us/b9bfb31545ac4371809cdf12afb5c169~tplv-o3syd03w52-resize-jpeg:1000:1000.image?,https://shop.tiktok.com/view/product/1732497699969471183?region=US&locale=en,张宇,3.6
2026/8/23,US,US,新品,1732503172155413199,S260703026478,Vestic shop,非SKM商家,标码女装,女士套装及西服,长裤套装,标码女装+女士套装及西服,"(0,100]",33.04,"(10,30]",-75.00%,负增长,"(0,10]",2026/7/31,23,非JIT商品,53,0,"Khaki,Clay brown,Black,Green",4,"M,S,L,XL,XXL,XS",6,Summer,https://p16-oec-va.ibyteimg.com/tos-maliva-i-o3syd03w52-us/7c8d66bd52d8431c8a965d3d01282189~tplv-o3syd03w52-resize-jpeg:1000:1000.image?,https://shop.tiktok.com/view/product/1732503172155413199?region=US&locale=en,郑川粤,
2026/8/23,US,US,新品,1732466391645983697,S260630014232,Jessy Up,非SKM商家,标码女装,女士下装,半身裙,标码女装+女士下装,"(0,100]",7.84,"(10,30]",-66.67%,负增长,"(0,10]",2026/7/24,30,非JIT商品,30,0,Black,1,"M,S,XL,L",4,Spring&Fall,https://p16-oec-va.ibyteimg.com/tos-maliva-i-o3syd03w52-us/be009c0602a9407d8338dc9b0e874a27~tplv-o3syd03w52-resize-jpeg:1000:1000.image?,https://shop.tiktok.com/view/product/1732466391645983697?region=US&locale=en,黄依婷,3.3
2026/8/23,US,US,新品,1732537085634974545,S260806012472,ruisusu Marketplace,非SKM商家,标码女装,女士穆斯林服装,服装套装,标码女装+女士穆斯林服装,"(0,100]",17.85,"(10,30]",-62.50%,负增长,"(0,10]",2026/8/13,10,非JIT商品,66,0,"Coffee brown,Pink,Khaki,Black,Dark blue,Apricot",6,"M,L,XL,XXL",4,All Seasons,https://p16-oec-va.ibyteimg.com/tos-alisg-i-aphluv4xwc-sg/372d79734ea14947b1324dec9e3e8482~tplv-o3syd03w52-resize-jpeg:1000:1000.image?,https://shop.tiktok.com/view/product/1732537085634974545?region=US&locale=en,徐熙雅,2.6
2026/8/23,US,US,新品,1732499227095372173,S260718008020,Rusttydustty Curve,非SKM商家,大码女装,女士连衣裙,休闲连衣裙,大码女装+女士连衣裙,"(0,100]",28.24,"(10,30]",-33.33%,负增长,"(0,10]",2026/8/7,16,非JIT商品,37,0,Daffodil yellow,1,"4XL,1XL,0XL,3XL,2XL",5,Spring&Fall,https://p16-oec-va.ibyteimg.com/tos-maliva-i-o3syd03w52-us/531d1803e8034d258ef13cbaafe74875~tplv-o3syd03w52-resize-jpeg:1000:1000.image?,https://shop.tiktok.com/view/product/1732499227095372173?region=US&locale=en,张宇,4.8
2026/8/23,US,US,新品,1732560634705580273,S260815024612,Miss Zone,SKM商家,大码女装,女士连衣裙,派对礼服,大码女装+女士连衣裙,"(0,100]",14.12,"(10,30]",350.00%,"(300%, 500%]","(0,10]",2026/8/15,8,JIT商品,0,37,Black,1,"1XL,0XL,3XL,2XL",4,Spring&Fall,https://p16-oec-va.ibyteimg.com/tos-maliva-i-o3syd03w52-us/337d3342d92b49e8a1c055d83dea7906~tplv-o3syd03w52-resize-jpeg:1000:1000.image?,https://shop.tiktok.com/view/product/1732560634705580273?region=US&locale=en,郑川粤,2.9
2026/8/23,DE,EU4,爆款,1729572315950324623,S250704007193,FianiVibe,非SKM商家,标码女装,女士下装,长裤,标码女装+女士下装,"(10000,+∞)",23.22,"(100,+∞)",-5.97%,负增长,"(50,100]",2025/7/12,407,非JIT商品,"2,030",0,"Dark gray,Cream,Black,Blue,Brown,Navy blue,Green",7,"M,XXL,XS,S,L,XL",6,Spring&Fall,https://p16-oec-va.ibyteimg.com/tos-alisg-i-aphluv4xwc-sg/2b0577ce062f4a9f999101f749600d67~tplv-o3syd03w52-resize-jpeg:1000:1000.image?,https://shop.tiktok.com/view/product/1729572315950324623?region=DE&locale=de,黄依婷,4.7
2026/8/23,FR,EU4,爆款,1729826034811967639,S260507022577,Chic Muslin Wraps,非SKM商家,标码女装,女士穆斯林服装,方便头巾,标码女装+女士穆斯林服装,"(500,1000]",9.31,"(100,+∞)",-38.75%,负增长,"(10,30]",2026/5/9,106,JIT商品,97,412,"Black and gray,Multicolor,01#229 Blue,02#229 Green,02#239 Orange,01#239 Green,02#216 Pink Rose,01#235 Yellow,03#124 Camel,Light Coffee,Wine red,01#216 Black Rose,Blue",13,One-size,1,All Seasons,https://p16-oec-eu-common-no.tiktokcdn-eu.com/tos-no1a-i-t5fjg24jzw-no/0dc89706a658439c820fe621b42561b0~tplv-t5fjg24jzw-resize-jpeg:1000:1000.image?,https://shop.tiktok.com/view/product/1729826034811967639?region=FR&locale=fr,徐熙雅,4.8
2026/8/23,DE,EU4,爆款,1729493305150183455,S241031008816,Slick Trends,非SKM商家,标码女装,女士下装,紧身裤,标码女装+女士下装,"(1000,2000]",17.9,"(50,100]",155.56%,"(100%, 300%]","(10,30]",2025/4/24,486,非JIT商品,523,0,"Burgundy,Baby pink,Black,Navy blue",4,"L,XL,S,M",4,Summer,https://p16-oec-eu-common-no.tiktokcdn-eu.com/tos-no1a-i-t5fjg24jzw-no/e9c3a5315d264135b585803a83ba2622~tplv-t5fjg24jzw-resize-jpeg:1000:1000.image?,https://shop.tiktok.com/view/product/1729493305150183455?region=DE&locale=de,王谍,4.5
2026/8/23,FR,EU4,爆款,1729839587137723127,S260601031739,FlaireX,非SKM商家,标码女装,女士套装及西服,长裤套装,标码女装+女士套装及西服,"(100,500]",35.32,"(50,100]",157.14%,"(100%, 300%]","(30,50]",2026/6/4,80,非JIT商品,"1,127",0,"Pink,Army green,Light blue,Dark gray,Royal blue,Apricot,Black",7,"XL,XXL,L,S,M",5,Spring&Fall,https://p16-oec-va.ibyteimg.com/tos-alisg-i-aphluv4xwc-sg/0cc6e829c5be4a588cc021f930f64ec5~tplv-o3syd03w52-resize-jpeg:1000:1000.image?,https://shop.tiktok.com/view/product/1729839587137723127?region=FR&locale=fr,刘雪莹,4.1
2026/8/23,FR,EU4,爆款,1729829840413431995,S260516000966,Comfleur,非SKM商家,标码女装,女士套装及西服,长裤套装,标码女装+女士套装及西服,"(100,500]",35.87,"(50,100]",1533.33%,"(500%, +∞)","(0,10]",2026/5/22,93,非JIT商品,"1,148",0,"Khaki,Dark purple,Burgundy,Hot pink,Dark wash,Army green,Black,Gray",8,"M,L,S,XL,XS",5,Summer,https://p16-oec-eu-common-no.tiktokcdn-eu.com/tos-no1a-i-t5fjg24jzw-no/40651c6eb6e54492b6f7453a2c368c42~tplv-t5fjg24jzw-resize-jpeg:1000:1000.image?,https://shop.tiktok.com/view/product/1729829840413431995?region=FR&locale=fr,黄依婷,4.1
2026/8/23,FR,EU4,爆款,1729639727750749033,S250919025715,Hijab Haven,非SKM商家,标码女装,女士穆斯林服装,方便头巾,标码女装+女士穆斯林服装,"(2000,5000]",11.61,"(50,100]",44.44%,"(0%, 50%]","(0,10]",2025/9/19,338,JIT商品,357,414,"215 Black,01#234 Coffee,03#234 Pink,207 Black 1,Orange,207 Red 2,03#124 Camel,Black and Red,01#229 Blue,Beige,Red,Pink 192,Blue,02#229 Green,215 Red,Green,Polka Dots 158,Burgundy,216 Pink,216 Black,02#234 Light camel,Light Coffee,Blue 211,Navy blue,Light blue,Bright orange,Pink",27,One-size,1,All Seasons,https://p16-oec-eu-common-no.tiktokcdn-eu.com/tos-no1a-i-t5fjg24jzw-no/7d96c842d9a2419aaa0609862deef9f2~tplv-t5fjg24jzw-resize-jpeg:1000:1000.image?,https://shop.tiktok.com/view/product/1729639727750749033?region=FR&locale=fr,徐熙雅,4.3
2026/8/23,DE,EU4,爆款,1729565365957270415,S250624012254,FianiVibe,非SKM商家,标码女装,女士下装,长裤,标码女装+女士下装,"(5000,10000]",22.33,"(50,100]",-28.00%,负增长,"(0,10]",2025/7/5,414,非JIT商品,"3,721",0,"Pink,Brown,Green,Red,Black,Apricot,Blue,Light wash",8,"L,XS,XL,M,S",5,Spring&Fall,https://p16-oec-va.ibyteimg.com/tos-alisg-i-aphluv4xwc-sg/f138a9761b88417ba25cd2fe939d9c6d~tplv-o3syd03w52-resize-jpeg:1000:1000.image?,https://shop.tiktok.com/view/product/1729565365957270415?region=DE&locale=de,黄依婷,4.7
2026/8/23,DE,EU4,爆款,1729809256021662022,S250918055011,Chic Luxe Fibers,非SKM商家,标码女装,女士下装,长裤,标码女装+女士下装,"(100,500]",35.49,"(50,100]",133.33%,"(100%, 300%]","(10,30]",2026/4/25,120,非JIT商品,334,0,"Black and white,Dark blue,Red and black",3,"XL,M,S,L,XS",5,未知/未配置,https://p16-oec-va.ibyteimg.com/tos-alisg-i-aphluv4xwc-sg/52c0a6d508964f2a8480c2ed76f19744~tplv-o3syd03w52-resize-jpeg:1000:1000.image?,https://shop.tiktok.com/view/product/1729809256021662022?region=DE&locale=de,王瑶,4.4
2026/8/23,MX,MX,爆款,1731489139310101735,S250418017608,NovaMode.,非SKM商家,标码女装,女士下装,长裤,标码女装+女士下装,"(10000,+∞)",15.22,"(100,+∞)",90.59%,"(50%, 100%]","(200,500]",2025/5/23,457,非JIT商品,"12,831",0,"Iron gray,White,Dark gray,Dark brown,Apricot,Black",6,"S,M,XXL,L,XS,XL",6,Spring&Fall,https://p16-oec-va.ibyteimg.com/tos-alisg-i-aphluv4xwc-sg/5c86bcf618f944db88a01bb204a6b4c9~tplv-o3syd03w52-resize-jpeg:1000:1000.image?,https://shop.tiktok.com/view/product/1731489139310101735?region=MX&locale=es,王谍,4.9
2026/8/23,MX,MX,爆款,1733778256429352022,S251128066417,Chic Silk Elite,非SKM商家,标码女装,女士下装,长裤,标码女装+女士下装,"(2000,5000]",12.79,"(100,+∞)",3.72%,"(0%, 50%]","(100,200]",2025/12/29,237,JIT商品,"2,046",0,"Blue,Yellow,Dark wash,Hot pink,Purple,Orange,Green,Brown,Black",9,"S,XXL,XL,L,M",5,未知/未配置,https://p16-oec-va.ibyteimg.com/tos-alisg-i-aphluv4xwc-sg/0252f9d3446740ad92de64e967c978ba~tplv-o3syd03w52-resize-jpeg:1000:1000.image?,https://shop.tiktok.com/view/product/1733778256429352022?region=MX&locale=es,王瑶,4.7
2026/8/23,MX,MX,爆款,1731760042524248066,S241112011069,Low Price Fashion,非SKM商家,标码女装,女士针织衫,开衫,标码女装+女士针织衫,"(10000,+∞)",7.46,"(100,+∞)",-21.18%,负增长,"(50,100]",2025/1/22,578,非JIT商品,"6,021",0,"Coffee brown,Yellow,Dark gray,Grey,Deep red,Black,Gray,Navy blue,Off white,Rusty pink",10,"XL,L,XXL,S,XS,M",6,Summer,https://p16-oec-va.ibyteimg.com/tos-maliva-i-o3syd03w52-us/cdd6f179e5fe4dd499f857dc2a3a9d30~tplv-o3syd03w52-resize-jpeg:1000:1000.image?,https://shop.tiktok.com/view/product/1731760042524248066?region=MX&locale=es,沈亦莎,4.8
2026/8/23,MX,MX,爆款,1732929657103156550,S250918054639,Chic Luxe Fibers,非SKM商家,标码女装,女士下装,长裤,标码女装+女士下装,"(5000,10000]",17.32,"(100,+∞)",-20.78%,负增长,"(30,50]",2025/10/21,306,非JIT商品,"2,367",0,"White,Coffee color,Fawn brown,Black,Dark blue",5,"XXL,L,S,XL,M",5,Spring&Fall,https://p16-oec-va.ibyteimg.com/tos-alisg-i-aphluv4xwc-sg/fde62b05dcf24f4b8178028d83659dd2~tplv-o3syd03w52-resize-jpeg:1000:1000.image?,https://shop.tiktok.com/view/product/1732929657103156550?region=MX&locale=es,王瑶,3.4
2026/8/23,MX,MX,爆款,1735235915322853370,S260421023266,Lira Maison,非SKM商家,标码女装,女士套装及西服,长裤套装,标码女装+女士套装及西服,"(5000,10000]",18.41,"(100,+∞)",-26.75%,负增长,"(30,50]",2026/5/3,112,非JIT商品,"1,928",0,"Burgundy,Green,Dark gray,Brown,Black,Navy blue",6,"XS,M,S,XL,L",5,Spring&Fall,https://p16-oec-va.ibyteimg.com/tos-alisg-i-aphluv4xwc-sg/35824ad951d94bb3beca13f105dcca2e~tplv-o3syd03w52-resize-jpeg:1000:1000.image?,https://shop.tiktok.com/view/product/1735235915322853370?region=MX&locale=es,黄依婷,4.7
2026/8/23,MX,MX,爆款,1731697781461452404,S250402011967,Edge Grace,非SKM商家,标码女装,女士套装及西服,长裤套装,标码女装+女士套装及西服,"(10000,+∞)",22.09,"(100,+∞)",-33.33%,负增长,"(30,50]",2025/6/17,432,非JIT商品,598,0,"Maroon,Coffee brown,Burgundy,Navy blue,Khaki",5,"XL,L,S,M,XS",5,Summer,https://p16-oec-va.ibyteimg.com/tos-alisg-i-aphluv4xwc-sg/0f21198891ec4ed4af57f3b34d5b92e8~tplv-o3syd03w52-resize-jpeg:1000:1000.image?,https://shop.tiktok.com/view/product/1731697781461452404?region=MX&locale=es,游宇航,4.9
2026/8/23,MX,MX,爆款,1733874905916605671,S260105096548,NovaMode.,非SKM商家,标码女装,女士下装,短裤,标码女装+女士下装,"(2000,5000]",13.49,"(100,+∞)",23.16%,"(0%, 50%]","(50,100]",2026/1/12,223,非JIT商品,"2,112",0,"Dark gray,Apricot,Black,Brown",4,"M,XS,L,S,XL",5,Summer,https://p16-oec-va.ibyteimg.com/tos-alisg-i-aphluv4xwc-sg/2f76bd8c57fe4ea280740016bf03d4d5~tplv-o3syd03w52-resize-jpeg:1000:1000.image?,https://shop.tiktok.com/view/product/1733874905916605671?region=MX&locale=es,王谍,4.9
2026/8/23,MX,MX,爆款,1736018389534607272,S260610003638,Chic Weaves,非SKM商家,标码女装,女士针织衫,开衫,标码女装+女士针织衫,"(2000,5000]",24.69,"(100,+∞)",-37.06%,负增长,"(30,50]",2026/6/12,72,非JIT商品,"1,570",1,"White - Multicolor 8,Multi-color,Light Blue - Multicolor 5,Colorful 6 — mixed colors,Purple - Multicolor 3,Pink - Multicolor 2,Denim blue - color 7,Cranberry Red - Multicolor 9,Apricot Color - Multicolor 4,Grass green - multicolor 10",10,"XXL,M,S,XL,L",5,Spring&Fall,https://p16-oec-va.ibyteimg.com/tos-alisg-i-aphluv4xwc-sg/4700572bb7984ba5a8dfaa9039598554~tplv-o3syd03w52-resize-jpeg:1000:1000.image?,https://shop.tiktok.com/view/product/1736018389534607272?region=MX&locale=es,王可心,5
2026/8/23,MX,MX,爆款,1732148265786182188,S250216006757,Lefter Shorts,非SKM商家,标码女装,女士下装,短裤,标码女装+女士下装,"(5000,10000]",10.72,"(100,+∞)",-23.93%,负增长,"(30,50]",2025/3/21,520,非JIT商品,"3,137",0,"Deep red,Off white,Dark blue,Burgundy,Lime green,Dark green,Black,Pink",8,"XL,XS,L,XXL,S,M",6,All Seasons,https://p16-oec-va.ibyteimg.com/tos-alisg-i-aphluv4xwc-sg/f63b822b92b644e08c63c80e224275c1~tplv-o3syd03w52-resize-jpeg:1000:1000.image?,https://shop.tiktok.com/view/product/1732148265786182188?region=MX&locale=es,王谍,5
2026/8/23,MX,MX,爆款,1734750716098086427,S260318073472,Vivo Chic,非SKM商家,标码女装,女士套装及西服,长裤套装,标码女装+女士套装及西服,"(500,1000]",10.45,"(100,+∞)",85.37%,"(50%, 100%]","(50,100]",2026/3/20,156,JIT商品,210,86,"Navy blue,Deep pink,Cream",3,"L,M,XL,S",4,Summer,https://p16-oec-va.ibyteimg.com/tos-alisg-i-aphluv4xwc-sg/98e6aedd327a423a85256f97bd5d9b40~tplv-o3syd03w52-resize-jpeg:1000:1000.image?,https://shop.tiktok.com/view/product/1734750716098086427?region=MX&locale=es,刘雪莹,4.9
2026/8/23,MX,MX,爆款,1732150826037250373,S250227008373,YouAnnn,非SKM商家,标码女装,女士针织衫,毛衣套头衫,标码女装+女士针织衫,"(5000,10000]",10.8,"(100,+∞)",-60.67%,负增长,"(30,50]",2025/3/22,519,非JIT商品,"1,048",0,"Jet black,Off white,Cloud white,Dark blue,Red and black,Pink,Flame red,Beige,Black and white,Navy blue,Green,Blueyellow,Royal blue,Reddish orange,Light wash",15,"M,S,XXL,XL,L",5,Spring&Fall,https://p16-oec-va.ibyteimg.com/tos-maliva-i-o3syd03w52-us/da8c591f851f4e21a6adfe5aad5c2b81~tplv-o3syd03w52-resize-jpeg:1000:1000.image?,https://shop.tiktok.com/view/product/1732150826037250373?region=MX&locale=es,沈亦莎,2.9
2026/8/23,MX,MX,爆款,1735492223212487790,S260508026117,Soft Frame,非SKM商家,标码女装,女士套装及西服,短裤套装,标码女装+女士套装及西服,"(2000,5000]",19.12,"(100,+∞)",-29.60%,负增长,"(10,30]",2026/5/13,102,非JIT商品,"2,307",0,"Royal blue,Mulberry,Pink 2,Burgundy,Light yellow,Baby pink,Apricot,Brown,Yellow,Blue and white stripes,Blue and brown stripes",11,"XL,M,XS,S,L",5,Summer,https://p16-oec-va.ibyteimg.com/tos-alisg-i-aphluv4xwc-sg/d6e3baada90c420dbb9bf9c82255a2d5~tplv-o3syd03w52-resize-jpeg:1000:1000.image?,https://shop.tiktok.com/view/product/1735492223212487790?region=MX&locale=es,王谍,5
2026/8/23,MX,MX,爆款,1736196017421518055,S260622022740,NovaMode.,非SKM商家,标码女装,女士下装,长裤,标码女装+女士下装,"(100,500]",16.31,"(100,+∞)",64.37%,"(50%, 100%]","(30,50]",2026/6/24,60,JIT商品,"2,470",64,"Black,White,Reddish brown,Army green",4,"M,XS,S,XL,L",5,Spring&Fall,https://p16-oec-va.ibyteimg.com/tos-alisg-i-aphluv4xwc-sg/1bb97943afc147a894aa14e9b2713902~tplv-o3syd03w52-resize-jpeg:1000:1000.image?,https://shop.tiktok.com/view/product/1736196017421518055?region=MX&locale=es,王谍,4.9
2026/8/23,MX,MX,爆款,1734018734132266734,S260115025821,Zisman,非SKM商家,标码女装,女士套装及西服,长裤套装,标码女装+女士套装及西服,"(10000,+∞)",16.44,"(100,+∞)",-62.07%,负增长,"(10,30]",2026/1/15,220,JIT商品,"2,388",0,"Blue Leaves,Green (Solid Color),Green,Apricot,Navy blue,Brown (Solid Color),Red,Blue,Coffee brown,Hot pink,Pure Green",11,"M,S,XL,L",4,Spring&Fall,https://p16-oec-va.ibyteimg.com/tos-alisg-i-aphluv4xwc-sg/49070d15e7f148f292bdccb8db0e34c3~tplv-o3syd03w52-resize-jpeg:1000:1000.image?,https://shop.tiktok.com/view/product/1734018734132266734?region=MX&locale=es,游宇航,4.8
2026/8/23,MX,MX,爆款,1734489248870139829,S260302015737,JAX STAR,非SKM商家,标码女装,女士下装,长裤,标码女装+女士下装,"(1000,2000]",17.25,"(100,+∞)",17.14%,"(0%, 50%]","(30,50]",2026/3/17,159,非JIT商品,568,0,"Khaki,White,Navy blue,Purple,Black,Royal blue,Gray",7,"L,M,XL,S",4,Spring&Fall,https://p16-oec-va.ibyteimg.com/tos-alisg-i-aphluv4xwc-sg/c9de4f1a5d764668a22dcaaf0dc2a7fb~tplv-o3syd03w52-resize-jpeg:1000:1000.image?,https://shop.tiktok.com/view/product/1734489248870139829?region=MX&locale=es,张健,4.7
2026/8/23,MX,MX,爆款,1732065940667270993,S250526013318,Shiny Girl VIP,非SKM商家,标码女装,女士下装,长裤,标码女装+女士下装,"(1000,2000]",7.93,"(100,+∞)",-33.78%,负增长,"(10,30]",2025/7/28,391,非JIT商品,"1,544",0,"Burgundy,Blue,Black,Coffee brown,Brown",5,"M,XS,L,XL,S",5,Spring&Fall,https://p16-oec-va.ibyteimg.com/tos-maliva-i-o3syd03w52-us/c32170b5a6f24eb28e2a2092cea97b35~tplv-o3syd03w52-resize-jpeg:1000:1000.image?,https://shop.tiktok.com/view/product/1732065940667270993?region=MX&locale=es,张健,4.5
2026/8/23,MX,MX,爆款,1734901844174407273,S260330040546,Vanndochic,非SKM商家,标码女装,女士套装及西服,女士西服马甲,标码女装+女士套装及西服,"(2000,5000]",15.25,"(100,+∞)",65.38%,"(50%, 100%]","(30,50]",2026/4/18,127,非JIT商品,"1,127",0,"Black,Baby pink,White,Champagne",4,"S,L,M,XL",4,Spring&Fall,https://p16-oec-va.ibyteimg.com/tos-alisg-i-aphluv4xwc-sg/6b58eba5265d4daf82f9dc693801a5ca~tplv-o3syd03w52-resize-jpeg:1000:1000.image?,https://shop.tiktok.com/view/product/1734901844174407273?region=MX&locale=es,黄依婷,4
2026/8/23,MX,MX,爆款,1732169820797438183,S250219012970,NovaMode.,非SKM商家,标码女装,女士下装,短裤,标码女装+女士下装,"(5000,10000]",10.72,"(100,+∞)",8.33%,"(0%, 50%]","(30,50]",2025/3/24,517,非JIT商品,"1,556",0,"Black,Multicolor1,Brown,Multicolor,Apricot,Light blue,Khaki,Baby pink",8,"M,S,XS,XL,L",5,Summer,https://p16-oec-va.ibyteimg.com/tos-alisg-i-aphluv4xwc-sg/7f5ef896ae0b4b80b83d2ff03b8fe879~tplv-o3syd03w52-resize-jpeg:1000:1000.image?,https://shop.tiktok.com/view/product/1732169820797438183?region=MX&locale=es,王谍,4.9
2026/8/23,MX,MX,爆款,1735452995481273972,S260506017962,Edge Grace,非SKM商家,标码女装,女士套装及西服,长裤套装,标码女装+女士套装及西服,"(1000,2000]",17.11,"(100,+∞)",57.89%,"(50%, 100%]","(30,50]",2026/5/11,104,非JIT商品,295,0,"Brown,Pink + Apricot,Blue",3,"L,S,M,XL,XS",5,Spring&Fall,https://p16-oec-va.ibyteimg.com/tos-alisg-i-aphluv4xwc-sg/85b657fd10604b928b62b7a66a4c2c08~tplv-o3syd03w52-resize-jpeg:1000:1000.image?,https://shop.tiktok.com/view/product/1735452995481273972?region=MX&locale=es,游宇航,4.9
2026/8/23,MX,MX,爆款,1731590566122128971,S250423005939,StreetWeat Outfits,非SKM商家,标码女装,女士套装及西服,半裙套装,标码女装+女士套装及西服,"(1000,2000]",9.04,"(100,+∞)",21.67%,"(0%, 50%]","(30,50]",2025/6/4,445,JIT商品,"1,329",0,"Red,Navy blue,Purple,Yellow,Lilac,Blue,Off white,Fawn brown",8,"S,XS,L,M",4,Summer,https://p16-oec-va.ibyteimg.com/tos-alisg-i-aphluv4xwc-sg/c07843772d9b4320b72ffdee19f7aa74~tplv-o3syd03w52-resize-jpeg:1000:1000.image?,https://shop.tiktok.com/view/product/1731590566122128971?region=MX&locale=es,张健,4.4
2026/8/23,MX,MX,爆款,1734712669608642027,S260318043866,DolceAmara,非SKM商家,标码女装,女士套装及西服,长裤套装,标码女装+女士套装及西服,"(2000,5000]",17.73,"(100,+∞)",40.35%,"(0%, 50%]","(10,30]",2026/3/30,146,非JIT商品,882,0,"Red,Khaki and Green,Khaki and brown,Blue,Coffee brown",5,"XL,S,L,XXL,M",5,Spring&Fall,https://p16-oec-va.ibyteimg.com/tos-alisg-i-aphluv4xwc-sg/22821b866a534996ab9b8f94631dd720~tplv-o3syd03w52-resize-jpeg:1000:1000.image?,https://shop.tiktok.com/view/product/1734712669608642027?region=MX&locale=es,黄依婷,5
2026/8/23,MX,MX,爆款,1732142326870804210,S250526003309,ZANZEAFASHION,非SKM商家,标码女装,女士套装及西服,长裤套装,标码女装+女士套装及西服,"(2000,5000]",20.88,"(100,+∞)",237.50%,"(100%, 300%]","(50,100]",2025/8/6,382,非JIT商品,"1,427",0,"Orange,Gray,Rose gold,Blue,Apricot,Rust orange,Jet black,Dark blue,Hot pink,Green,Navy blue,White,Black,Baby pink,Army green,Khaki,Lemon yellow",17,"M,S,XXL,L,XL",5,Summer,https://p16-oec-va.ibyteimg.com/tos-alisg-i-aphluv4xwc-sg/3019c2bfedd7405a99f373d44596cd15~tplv-o3syd03w52-resize-jpeg:1000:1000.image?,https://shop.tiktok.com/view/product/1732142326870804210?region=MX&locale=es,游宇航,4.8
2026/8/23,MX,MX,爆款,1731590172539454664,S240912004772,Encircled,非SKM商家,标码女装,女士套装及西服,女士西装,标码女装+女士套装及西服,"(5000,10000]",12.44,"(100,+∞)",-37.68%,负增长,"(10,30]",2025/6/4,445,非JIT商品,947,0,"Black,Pink,Green,Multicolor4,Yellow,Pink and white,Black and white,Deep red,Multicolor6,Multicolor3,Pebble lime,Multicolor2,Khaki,Blue,Burgundy,Multicolor5,Dark gray,Multicolor7,Off white",19,"S,XXL,M,L,XL",5,Spring&Fall,https://p16-oec-va.ibyteimg.com/tos-maliva-i-o3syd03w52-us/17a77830223745d3bb70589b237b476b~tplv-o3syd03w52-resize-jpeg:1000:1000.image?,https://shop.tiktok.com/view/product/1731590172539454664?region=MX&locale=es,游宇航,3.6
2026/8/23,MX,MX,爆款,1734513356644844710,S260304038312,Agivvia,非SKM商家,标码女装,女士针织衫,毛衣马甲,标码女装+女士针织衫,"(1000,2000]",11.54,"(100,+∞)",-30.00%,负增长,"(10,30]",2026/3/14,162,非JIT商品,652,0,"Coffee brown,Gray,Khaki",3,"M,S,L,XL,XS",5,Fall&Winter,https://p16-oec-va.ibyteimg.com/tos-alisg-i-aphluv4xwc-sg/1142bdaf68b0456b87035ae1e8e66c59~tplv-o3syd03w52-resize-jpeg:1000:1000.image?,https://shop.tiktok.com/view/product/1734513356644844710?region=MX&locale=es,王可心,3.4
2026/8/23,MX,MX,爆款,1732044275821217086,S250705016183,Sleek Nova,非SKM商家,标码女装,女士套装及西服,半裙套装,标码女装+女士套装及西服,"(2000,5000]",14.83,"(100,+∞)",127.03%,"(100%, 300%]","(10,30]",2025/7/25,394,非JIT商品,"2,213",0,"Brown,Miami blue,Khaki,White,Hot pink,Red,Blue,Black,Chartreuse",9,"S,M,XXL,XL,L",5,Spring&Fall,https://p16-oec-va.ibyteimg.com/tos-alisg-i-aphluv4xwc-sg/ac9c8a4a5f6a4d7ebdad6d2e555c179b~tplv-o3syd03w52-resize-jpeg:1000:1000.image?,https://shop.tiktok.com/view/product/1732044275821217086?region=MX&locale=es,刘雪莹,4.9
2026/8/23,MX,MX,爆款,1734618039288104705,S260210011501,Keechic,非SKM商家,标码女装,女士下装,长裤,标码女装+女士下装,"(100,500]",17.97,"(100,+∞)",14.75%,"(0%, 50%]","(10,30]",2026/4/9,136,非JIT商品,378,0,"Gray,Army green,Black",3,"M,L,XL,S",4,Spring&Fall,https://p16-oec-va.ibyteimg.com/tos-alisg-i-aphluv4xwc-sg/199cd2cb13904ea48e4161c50425f059~tplv-o3syd03w52-resize-jpeg:1000:1000.image?,https://shop.tiktok.com/view/product/1734618039288104705?region=MX&locale=es,黄依婷,3.9
2026/8/23,MX,MX,爆款,1734821064479900829,S260325016111,Veyra Style,非SKM商家,标码女装,女士下装,短裤,标码女装+女士下装,"(1000,2000]",10.88,"(100,+∞)",16.00%,"(0%, 50%]","(10,30]",2026/3/25,151,JIT商品,240,297,"Black and white,Sky blue,Yellow,Coffee brown,Pink,Light pink",6,"L,M,XS,S",4,Summer,https://p16-oec-va.ibyteimg.com/tos-alisg-i-aphluv4xwc-sg/c7d1b85b296c45bd888e28f11bde1f77~tplv-o3syd03w52-resize-jpeg:1000:1000.image?,https://shop.tiktok.com/view/product/1734821064479900829?region=MX&locale=es,张健,4.8
2026/8/23,MX,MX,爆款,1732171022378371303,S240913009120,NovaMode.,非SKM商家,标码女装,女士下装,长裤,标码女装+女士下装,"(2000,5000]",11.21,"(100,+∞)",-42.03%,负增长,"(10,30]",2025/3/24,517,非JIT商品,"2,551",0,"Khaki gray,Black,Dark brown,Blue,Multicolor,Deep red,Purple,Multicolor1,Dark gray,Off-white,Off White*1 pc+Dark Brown*1 pc,Black*1 pc+Off White*1 pc,Grey,Pebble lime,Black*1 pc+Dark Brown*1 pc",15,"S,XS,XXL,M,L,XL",6,Spring&Fall,https://p16-oec-va.ibyteimg.com/tos-alisg-i-aphluv4xwc-sg/559b027624434942b729c9d478640fcb~tplv-o3syd03w52-resize-jpeg:1000:1000.image?,https://shop.tiktok.com/view/product/1732171022378371303?region=MX&locale=es,王谍,4.9
2026/8/23,MX,MX,爆款,1731489185716602251,S241014010646,CYOUNCE,非SKM商家,标码女装,女士套装及西服,短裤套装,标码女装+女士套装及西服,"(10000,+∞)",12.52,"(100,+∞)",-51.72%,负增长,"(10,30]",2025/5/23,457,非JIT商品,968,0,"Black,Blue,Green,Pink,Yellow",5,"XXL,L,XL,M,S",5,Spring&Fall,https://p16-oec-va.ibyteimg.com/tos-alisg-i-aphluv4xwc-sg/2c468d3fd8244ec3932f9a6963c6508a~tplv-o3syd03w52-resize-jpeg:1000:1000.image?,https://shop.tiktok.com/view/product/1731489185716602251?region=MX&locale=es,黄依婷,4
2026/8/23,MX,MX,爆款,1731820751975843053,S250429003706,Origin Atelier,非SKM商家,标码女装,女士下装,半身裙,标码女装+女士下装,"(2000,5000]",13.14,"(100,+∞)",36.11%,"(0%, 50%]","(10,30]",2025/7/1,418,非JIT商品,694,0,"Black,Army green,Apricot,Dark Blue,Pink,Brown",6,"M,S,XL,L,XS",5,Summer,https://p16-oec-va.ibyteimg.com/tos-maliva-i-o3syd03w52-us/b7acfacf738d42eda7cca184f2c5a880~tplv-o3syd03w52-resize-jpeg:1000:1000.image?,https://shop.tiktok.com/view/product/1731820751975843053?region=MX&locale=es,王瑶,3.5
2026/8/23,MX,MX,爆款,1732174642719786044,S250311021136,Chic Chic Sweater,非SKM商家,标码女装,女士针织衫,毛衣套头衫,标码女装+女士针织衫,"(5000,10000]",12.22,"(100,+∞)",91.43%,"(50%, 100%]","(30,50]",2025/8/10,378,非JIT商品,"1,107",0,"Yellow,Olive green,Grey,Blue,Red,Black,Brown,Dark green,Lemon yellow,Navy blue,Purple,Light Gray,Rust orange,Camel,Off white,Lavender,Mauve purple,Baby pink,Emerald green,Mint green,Burgundy,Pastel blue",22,"S,XXL,M,L,XL",5,Summer,https://p16-oec-va.ibyteimg.com/tos-maliva-i-o3syd03w52-us/30e78360310a45759d8083a679410057~tplv-o3syd03w52-resize-jpeg:1000:1000.image?,https://shop.tiktok.com/view/product/1732174642719786044?region=MX&locale=es,沈亦莎,4.9
2026/8/23,MX,MX,爆款,1734079199999002054,S260119029096,TY Trove,非SKM商家,标码女装,女士套装及西服,长裤套装,标码女装+女士套装及西服,"(2000,5000]",21.4,"(100,+∞)",0.00%,持平,"(30,50]",2026/3/23,153,非JIT商品,"1,522",0,"Black,Fawn brown,Apricot,Brown,Pink,White,Khaki",7,"L,S,XL,M,XXL",5,Spring&Fall,https://p16-oec-va.ibyteimg.com/tos-alisg-i-aphluv4xwc-sg/82aebb268277468d822ecd42452e7cc2~tplv-o3syd03w52-resize-jpeg:1000:1000.image?,https://shop.tiktok.com/view/product/1734079199999002054?region=MX&locale=es,黄依婷,4.6
2026/8/23,MX,MX,爆款,1731823333769578839,S230930000159,FOXCLAW Curve,非SKM商家,大码女装,女士上装,女士衬衫,大码女装+女士上装,"(1000,2000]",10.78,"(100,+∞)",262.50%,"(100%, 300%]","(30,50]",2025/2/12,557,非JIT商品,496,0,"Black,Blue,Pink,Off white,Dark orange",5,"3XL,4XL,5XL,2XL,1XL",5,Spring&Fall,https://p16-oec-va.ibyteimg.com/tos-maliva-i-o3syd03w52-us/d47f8501e5204ba987c9ab7623e26683~tplv-o3syd03w52-resize-jpeg:1000:1000.image?,https://shop.tiktok.com/view/product/1731823333769578839?region=MX&locale=es,郑川粤,4.4
2026/8/23,MX,MX,爆款,1736017938418468043,S260609020561,Sandovia,非SKM商家,标码女装,女士下装,长裤,标码女装+女士下装,"(500,1000]",12.4,"(100,+∞)",52.50%,"(50%, 100%]","(30,50]",2026/6/22,62,非JIT商品,"2,628",0,"Red,Yellow,Blue,Green,Gray",5,"L,M,XL,S",4,Spring&Fall,https://p16-oec-va.ibyteimg.com/tos-alisg-i-aphluv4xwc-sg/c839746c58b3400790ee48e0cbab659b~tplv-o3syd03w52-resize-jpeg:1000:1000.image?,https://shop.tiktok.com/view/product/1736017938418468043?region=MX&locale=es,黄依婷,4.8
2026/8/23,MX,MX,爆款,1734110162492950366,S260121030138,Mayins,非SKM商家,标码女装,女士套装及西服,短裤套装,标码女装+女士套装及西服,"(2000,5000]",15.17,"(100,+∞)",-2.56%,负增长,"(10,30]",2026/1/26,209,非JIT商品,"1,866",0,"Pink,White,Brown,Black,Baby pink,Black - Polka Dot,Green",7,"XL,XXL,L,M,S",5,Summer,https://p16-oec-va.ibyteimg.com/tos-alisg-i-aphluv4xwc-sg/9997f634de8c413ebac31bdece55575d~tplv-o3syd03w52-resize-jpeg:1000:1000.image?,https://shop.tiktok.com/view/product/1734110162492950366?region=MX&locale=es,黄依婷,5
2026/8/23,MX,MX,爆款,1736754806484731816,S260727022544,Chic Weaves,非SKM商家,标码女装,女士针织衫,开衫,标码女装+女士针织衫,"(500,1000]",14.75,"(100,+∞)",-67.11%,负增长,"(10,30]",2026/7/28,26,JIT商品,22,"3,816","Purple - Multicolor 6,White - Multicolor 2,Apricot - Multicolor 5,Orange - Multicolor 1,Lake Blue - Multicolor 7,Denim blue - multicolor 8,Multicolor3,Cranberry Red - Multicolor 10,Pink - Multicolor 4,Grass green - multicolor 9",10,"S,XL,XXL,M,L",5,Spring&Fall,https://p16-oec-va.ibyteimg.com/tos-alisg-i-aphluv4xwc-sg/919e676487764b51bef073779b77c4f8~tplv-o3syd03w52-resize-jpeg:1000:1000.image?,https://shop.tiktok.com/view/product/1736754806484731816?region=MX&locale=es,王可心,5
2026/8/23,MX,MX,爆款,1734831074966930965,S260325075712,Chic Materialist,非SKM商家,标码女装,女士下装,长裤,标码女装+女士下装,"(2000,5000]",21.63,"(100,+∞)",2.08%,"(0%, 50%]","(10,30]",2026/3/25,151,非JIT商品,"1,910",0,"Black,Rust red,Dusty blue,Mauve purple,Khaki gray,Pastel blue",6,"M,L,XL,S",4,Spring&Fall,https://p16-oec-va.ibyteimg.com/tos-alisg-i-aphluv4xwc-sg/1390a29b552b4b789ce063de5371bae4~tplv-o3syd03w52-resize-jpeg:1000:1000.image?,https://shop.tiktok.com/view/product/1734831074966930965?region=MX&locale=es,张健,4.9
2026/8/23,MX,MX,爆款,1732166692461053902,S240825000469,Red Desert Rose,非SKM商家,标码女装,女士下装,长裤,标码女装+女士下装,"(2000,5000]",18.9,"(100,+∞)",-26.92%,负增长,"(0,10]",2025/8/9,379,非JIT商品,"1,059",0,"Dark green,Pink and black,Signal black,Blue,Black,Off white,Dark blue,Navy blue,Burgundy,Grey",10,"XL,L,S,XXL,M",5,Spring&Fall,https://p16-oec-va.ibyteimg.com/tos-alisg-i-aphluv4xwc-sg/6d28864309cf43dc950c1da98f611add~tplv-o3syd03w52-resize-jpeg:1000:1000.image?,https://shop.tiktok.com/view/product/1732166692461053902?region=MX&locale=es,王谍,4
2026/8/23,MX,MX,爆款,1732043896304470014,S250715007007,Knit Mix-Frenchy,非SKM商家,标码女装,女士针织衫,毛衣套头衫,标码女装+女士针织衫,"(2000,5000]",15.12,"(100,+∞)",1840.00%,"(500%, +∞)","(30,50]",2025/7/25,394,JIT商品,651,0,"Red,Navy blue,Army green,Black,Dark green,Turquoise green,Yellow,Hot pink,Blue,Brown,Pink,Gray,Light wash,Wine red,Mulberry,Green,Purple",17,"XL,M,L,XXL,XS,S",6,Fall&Winter,https://p16-oec-va.ibyteimg.com/tos-alisg-i-aphluv4xwc-sg/624fbcd312d14ac88419b41a107fac68~tplv-o3syd03w52-resize-jpeg:1000:1000.image?,https://shop.tiktok.com/view/product/1732043896304470014?region=MX&locale=es,沈亦莎,4.5
2026/8/23,MX,MX,爆款,1732155272104479631,S250214011112,FianiVibe,非SKM商家,标码女装,女士套装及西服,短裤套装,标码女装+女士套装及西服,"(5000,10000]",8.08,"(100,+∞)",21.88%,"(0%, 50%]","(10,30]",2025/3/22,519,非JIT商品,"1,512",0,"Deep red,Pink,Multicolor2,Green,Multicolor3,Blue,Black and white,Brown,Multicolor,Yellow,Light blue",11,"XL,L,XXL,S,M",5,Summer,https://p16-oec-va.ibyteimg.com/tos-alisg-i-aphluv4xwc-sg/776f4151c35a45b3abe9d998c427dcb7~tplv-o3syd03w52-resize-jpeg:1000:1000.image?,https://shop.tiktok.com/view/product/1732155272104479631?region=MX&locale=es,黄依婷,4.8
2026/8/23,MX,MX,爆款,1733731512774525995,S251225067766,Yinos Fashion,非SKM商家,标码女装,女士套装及西服,短裤套装,标码女装+女士套装及西服,"(1000,2000]",16.19,"(100,+∞)",0.00%,持平,"(10,30]",2026/1/8,227,非JIT商品,"2,017",0,"Dark brown,Military Green,Pink,Dark gray,Hot pink,Light wash,Khaki,Light pink,Emerald green,Bright orange,Black,Golden,Burgundy,Dark purple,Royal blue",15,"M,XXS,XL,L,S,XS",6,All Seasons,https://p16-oec-va.ibyteimg.com/tos-alisg-i-aphluv4xwc-sg/9891cc5f290d4abf8e2eed6273823af7~tplv-o3syd03w52-resize-jpeg:1000:1000.image?,https://shop.tiktok.com/view/product/1733731512774525995?region=MX&locale=es,游宇航,3.7
2026/8/23,MX,MX,爆款,1731147383601988951,S250311012713,FOXCLAW Curve,非SKM商家,大码女装,女士上装,女士 T 恤,大码女装+女士上装,"(2000,5000]",11.25,"(50,100]",62.96%,"(50%, 100%]","(10,30]",2025/4/11,499,非JIT商品,517,0,"Coral pink,Grey,Royal blue,Black,Burgundy",5,"2XL,1XL,4XL,3XL,5XL",5,Summer,https://p16-oec-va.ibyteimg.com/tos-alisg-i-aphluv4xwc-sg/678823bda8c04bb5b5605260a5c12783~tplv-o3syd03w52-resize-jpeg:1000:1000.image?,https://shop.tiktok.com/view/product/1731147383601988951?region=MX&locale=es,郑川粤,4.4
2026/8/23,MX,MX,爆款,1733166606248281356,S251021057012,Eloise Archive,非SKM商家,标码女装,女士下装,短裤,标码女装+女士下装,"(1000,2000]",11.07,"(50,100]",-50.00%,负增长,"(0,10]",2025/11/10,286,非JIT商品,"2,703",0,"Black,Cream,Gray,Dark gray,Brown,Fawn brown",6,"M,XXL,XL,S,L",5,Summer,https://p16-oec-va.ibyteimg.com/tos-alisg-i-aphluv4xwc-sg/a681e67061dc413bbec793bf7890edc8~tplv-o3syd03w52-resize-jpeg:1000:1000.image?,https://shop.tiktok.com/view/product/1733166606248281356?region=MX&locale=es,张健,4.6
2026/8/23,MX,MX,爆款,1735164945831397214,S260416035111,Mayins,非SKM商家,标码女装,女士套装及西服,短裤套装,标码女装+女士套装及西服,"(500,1000]",16.12,"(50,100]",17.86%,"(0%, 50%]","(10,30]",2026/4/22,123,非JIT商品,515,0,"Black,Pink,Brown",3,"S,L,M,XL",4,未知/未配置,https://p16-oec-va.ibyteimg.com/tos-alisg-i-aphluv4xwc-sg/8c2f0d8a7a034f5c88e810322c92ebb9~tplv-o3syd03w52-resize-jpeg:1000:1000.image?,https://shop.tiktok.com/view/product/1735164945831397214?region=MX&locale=es,黄依婷,5
2026/8/23,MX,MX,爆款,1735221536996033730,S260420021543,KediChic,非SKM商家,标码女装,女士套装及西服,半裙套装,标码女装+女士套装及西服,"(1000,2000]",26.11,"(50,100]",-6.25%,负增长,"(0,10]",2026/5/8,107,非JIT商品,461,0,"Pink,Blue,Yellow,Brown",4,"XL,L,S,M",4,Summer,https://p16-oec-va.ibyteimg.com/tos-alisg-i-aphluv4xwc-sg/63862a93a0be45a297161790a8b89095~tplv-o3syd03w52-resize-jpeg:1000:1000.image?,https://shop.tiktok.com/view/product/1735221536996033730?region=MX&locale=es,黄依婷,4.9
2026/8/23,MX,MX,爆款,1732125949773253210,S231108004319,Orgnvin,非SKM商家,标码女装,女士针织衫,开衫,标码女装+女士针织衫,"(2000,5000]",12.91,"(50,100]",20.00%,"(0%, 50%]","(0,10]",2025/3/19,522,JIT商品,"2,688",919,"Burgundy,Orange,Coffee brown,Khaki,Lemon yellow,Purple,Dark gray,Deep red,Off white,Coffee Brown*1 pc+Black*1 pc,Royal blue,Black,Army green,Hot Pink*1 pc+White*1 pc,Light wash,Turquoise blue,Pink,Green,Black*1 pc+White*1 pc,Hot pink",20,"L,S,M,XL",4,Spring&Fall,https://p16-oec-va.ibyteimg.com/tos-alisg-i-aphluv4xwc-sg/4241e69978204407957c59e9caa4a206~tplv-o3syd03w52-resize-jpeg:1000:1000.image?,https://shop.tiktok.com/view/product/1732125949773253210?region=MX&locale=es,王可心,4.8
2026/8/23,MX,MX,爆款,1736283840555418636,S260628008496,Chic Budget Luxe,非SKM商家,标码女装,女士套装及西服,长裤套装,标码女装+女士套装及西服,"(500,1000]",17.35,"(50,100]",-26.92%,负增长,"(0,10]",2026/6/28,56,非JIT商品,265,1,"Pale green,Pink,Medium wash,Coffee brown,Apricot,Black",6,"S,XXL,XL,L,M",5,未知/未配置,https://p16-oec-va.ibyteimg.com/tos-alisg-i-aphluv4xwc-sg/434d8ab0291f4606b2e1954674010a8c~tplv-o3syd03w52-resize-jpeg:1000:1000.image?,https://shop.tiktok.com/view/product/1736283840555418636?region=MX&locale=es,郑川粤,3.3
2026/8/23,MX,MX,爆款,1732806284603786283,S250906013635,Yinos Fashion,非SKM商家,标码女装,女士套装及西服,短裤套装,标码女装+女士套装及西服,"(2000,5000]",14.2,"(50,100]",-30.77%,负增长,"(0,10]",2025/10/10,317,非JIT商品,556,0,"Brown,Blue,Burgundy,Pink,Navy blue,Black,Light green",7,"S,L,XS,XXS,M",5,All Seasons,https://p16-oec-va.ibyteimg.com/tos-alisg-i-aphluv4xwc-sg/c7bbe571b3b64df3a5e469ce97c9b788~tplv-o3syd03w52-resize-jpeg:1000:1000.image?,https://shop.tiktok.com/view/product/1732806284603786283?region=MX&locale=es,游宇航,3.7
2026/8/23,MX,MX,爆款,1731467812638655719,S241213003060,NovaMode.,非SKM商家,标码女装,女士下装,长裤,标码女装+女士下装,"(5000,10000]",17.08,"(50,100]",95.00%,"(50%, 100%]","(0,10]",2025/5/20,460,非JIT商品,"1,007",0,"Black,Army green,Sky blue,Off white,Coffee brown,Pink",6,"S,M,L,XL",4,Spring&Fall,https://p16-oec-va.ibyteimg.com/tos-alisg-i-aphluv4xwc-sg/a86040a27bcf4091b7c35b829e249e34~tplv-o3syd03w52-resize-jpeg:1000:1000.image?,https://shop.tiktok.com/view/product/1731467812638655719?region=MX&locale=es,王谍,4.9
2026/8/23,MX,MX,爆款,1736987764141557336,S260811024453,Festival Costume,非SKM商家,标码女装,女士特殊服饰,女装套装,标码女装+女士特殊服饰,"(0,100]",26.41,"(50,100]",3250.00%,"(500%, +∞)","(30,50]",2026/8/12,11,JIT商品,15,514,White,1,One-size,1,All Seasons,https://p16-oec-va.ibyteimg.com/tos-alisg-i-aphluv4xwc-sg/3a4a0716f59943158d277165dc632008~tplv-o3syd03w52-resize-jpeg:1000:1000.image?,https://shop.tiktok.com/view/product/1736987764141557336?region=MX&locale=es,徐熙雅,
2026/8/23,MX,MX,爆款,1732953145321489761,S251023070090,"Dongguan Yijin Ni Fashion Co.,",非SKM商家,标码女装,女士下装,女士卫裤,标码女装+女士下装,"(2000,5000]",11.1,"(50,100]",50.00%,"(0%, 50%]","(10,30]",2025/10/23,304,JIT商品,106,"1,254","Fawn brown,Royal blue,Apricot,Black,Light wash,Turquoise green,Dusty blue,Red",8,"M,XL,XS,L,S",5,Spring&Fall,https://p16-oec-va.ibyteimg.com/tos-alisg-i-aphluv4xwc-sg/ff285ab84d224590b8f86bd725ad2899~tplv-o3syd03w52-resize-jpeg:1000:1000.image?,https://shop.tiktok.com/view/product/1732953145321489761?region=MX&locale=es,沈亦莎,5
2026/8/23,MX,MX,爆款,1734143209131836872,S260123041597,Casual Nook,非SKM商家,标码女装,女士套装及西服,长裤套装,标码女装+女士套装及西服,"(5000,10000]",11.45,"(50,100]",31.58%,"(0%, 50%]","(0,10]",2026/1/23,212,JIT商品,968,"19,990","Apricot,Military green top + black pants,Pink,Dark gray,Army green,Apricot top + black pants,Black,Red top + black pants,Silver,Red,White shirt + black pants,White,Pink top + black pants",13,"L,S,XS,XL,M",5,Summer,https://p16-oec-va.ibyteimg.com/tos-alisg-i-aphluv4xwc-sg/5fcc4bec0bd445ebb0ff8015ea788ab1~tplv-o3syd03w52-resize-jpeg:1000:1000.image?,https://shop.tiktok.com/view/product/1734143209131836872?region=MX&locale=es,刘雪莹,3.1
2026/8/23,MX,MX,爆款,1736056307521062490,S260612038720,Orgnvin,非SKM商家,标码女装,女士针织衫,毛衣套头衫,标码女装+女士针织衫,"(100,500]",26.05,"(50,100]",12.50%,"(0%, 50%]","(10,30]",2026/6/13,71,JIT商品,"1,031",723,"Green,Mauve purple,Dark gray,Gray,Light wash,Pink,Red,White,Burgundy,Coffee brown,Dark wash,Khaki,Hot pink,Yellow,Reddish purple,Black",16,"M,L,S,XL",4,Spring&Fall,https://p16-oec-va.ibyteimg.com/tos-alisg-i-aphluv4xwc-sg/f073b15e3f29481e9ff71868b91313ca~tplv-o3syd03w52-resize-jpeg:1000:1000.image?,https://shop.tiktok.com/view/product/1736056307521062490?region=MX&locale=es,王可心,4.8
2026/8/23,MX,MX,爆款,1735498351880668879,S260401016792,Naimisi-Plus,非SKM商家,大码女装,女士套装及西服,长裤套装,大码女装+女士套装及西服,"(500,1000]",25.61,"(50,100]",-59.26%,负增长,"(0,10]",2026/5/9,106,非JIT商品,115,0,"Black,Purple,Maroon,Dark wash,Copper brown,Apricot,Turquoise green,Bright blue,Mocha brown,Olive green,Turquoise blue",11,"5XL,3XL,4XL,1XL,2XL",5,Summer,https://p16-oec-va.ibyteimg.com/tos-alisg-i-aphluv4xwc-sg/3872b54c9c8b4f1eb33d0af88a9416aa~tplv-o3syd03w52-resize-jpeg:1000:1000.image?,https://shop.tiktok.com/view/product/1735498351880668879?region=MX&locale=es,张宇,4.5
2026/8/23,MX,MX,爆款,1732231717800675933,S250221004412,Chic NBold,非SKM商家,标码女装,女士下装,半身裙,标码女装+女士下装,"(1000,2000]",12.21,"(50,100]",-29.03%,负增长,"(0,10]",2025/4/1,509,非JIT商品,495,0,"Brown,Black",2,"XL,S,XS,M,L",5,Summer,https://p16-oec-va.ibyteimg.com/tos-maliva-i-o3syd03w52-us/84bb94792d344fecb41f8e24bd3fe310~tplv-o3syd03w52-resize-jpeg:1000:1000.image?,https://shop.tiktok.com/view/product/1732231717800675933?region=MX&locale=es,王谍,4.9
2026/8/23,MX,MX,爆款,1735340936901658618,S260428008228,Lira Maison,非SKM商家,标码女装,女士套装及西服,短裤套装,标码女装+女士套装及西服,"(1000,2000]",17.92,"(50,100]",100.00%,"(50%, 100%]","(10,30]",2026/5/3,112,非JIT商品,219,0,"Blue,Yellow,Brown,White",4,"S,L,M,XL",4,Summer,https://p16-oec-va.ibyteimg.com/tos-alisg-i-aphluv4xwc-sg/92ce81ff7d6a4b8787682ba31eef9792~tplv-o3syd03w52-resize-jpeg:1000:1000.image?,https://shop.tiktok.com/view/product/1735340936901658618?region=MX&locale=es,黄依婷,4.7
2026/8/23,MX,MX,爆款,1732232134857885760,S250207005074,CHILL SKILL,非SKM商家,大码女装,女士下装,紧身裤,大码女装+女士下装,"(2000,5000]",7.83,"(50,100]",66.67%,"(50%, 100%]","(10,30]",2025/4/1,509,非JIT商品,803,0,"Multicolor4,Multicolor1,Coffee brown,Set1,Multicolor6,Multicolor3,Multicolor7,Black,Set2,Set3,Burgundy,Baby pink,Navy blue,Dark gray,Multicolor2,Mulberry,Pink,Green,Multicolor5,Dusty blue,Blue",21,"2XL,3XL,4XL,0XL,1XL,5XL",6,All Seasons,https://p16-oec-va.ibyteimg.com/tos-alisg-i-aphluv4xwc-sg/1a1ff1ae8bdd4c789f21c4efda6fd7db~tplv-o3syd03w52-resize-jpeg:1000:1000.image?,https://shop.tiktok.com/view/product/1732232134857885760?region=MX&locale=es,郑川粤,4.7
2026/8/23,MX,MX,爆款,1736101689709397325,S260610012797,Follome,非SKM商家,标码女装,女士下装,长裤,标码女装+女士下装,"(100,500]",10.86,"(50,100]",100.00%,"(50%, 100%]","(10,30]",2026/7/2,52,非JIT商品,191,0,"Red,Brown,Black",3,"L,S,M,XL",4,Spring&Fall,https://p16-oec-va.ibyteimg.com/tos-alisg-i-aphluv4xwc-sg/df6b38188aa24c99863f77d8382a8a7c~tplv-o3syd03w52-resize-jpeg:1000:1000.image?,https://shop.tiktok.com/view/product/1736101689709397325?region=MX&locale=es,张健,3.8
2026/8/23,MX,MX,爆款,1736229493997274541,S260624024994,ZZSC jeans,非SKM商家,大码女装,牛仔,牛仔长裤,大码女装+牛仔,"(100,500]",24.84,"(50,100]",266.67%,"(100%, 300%]","(10,30]",2026/6/24,60,JIT商品,94,22,"Dark blue,Medium wash,Dark gray,Blue,Royal blue,White,Light blue",7,"2XL,0XL,1XL,3XL,4XL",5,Spring&Fall,https://p16-oec-va.ibyteimg.com/tos-alisg-i-aphluv4xwc-sg/d2a4c4347ff84ab89b5c61d86f986cc7~tplv-o3syd03w52-resize-jpeg:1000:1000.image?,https://shop.tiktok.com/view/product/1736229493997274541?region=MX&locale=es,郑川粤,4.8
2026/8/23,MX,MX,爆款,1735356189002336073,S260429001680,SiniuTWO,非SKM商家,标码女装,女士特殊服饰,女士制服,标码女装+女士特殊服饰,"(100,500]",27.98,"(50,100]",82.35%,"(50%, 100%]","(0,10]",2026/4/29,116,JIT商品,55,"10,381","42389-Dark blue,42389-Pink,42389-Burgundy,42389-Light rosepink,42389-Avocado green,42389-White,42389-Black,42389-Light purple",8,"L,S,M,XXL,XL",5,All Seasons,https://p16-oec-va.ibyteimg.com/tos-alisg-i-aphluv4xwc-sg/ee0dc4fdd1144ee8958ae3c8f6c14672~tplv-o3syd03w52-resize-jpeg:1000:1000.image?,https://shop.tiktok.com/view/product/1735356189002336073?region=MX&locale=es,徐熙雅,4.7
2026/8/23,MX,MX,爆款,1732182878298081030,S250627017569,Knit Mix,非SKM商家,标码女装,女士针织衫,开衫,标码女装+女士针织衫,"(10000,+∞)",15.63,"(50,100]",-13.33%,负增长,"(0,10]",2025/8/11,377,JIT商品,406,0,"Beige,Dark gray,White,Black,DarkBrown,Daffodil yellow,Olive green,Green,Navy blue,Sepia,Dark green,Yellow,Pink,Wine red,Mulberry,Gray,Blue,Coffee brown,Orange,Apricot,Purple",21,"S,XXL,XS,L,XL,M",6,Spring&Fall,https://p16-oec-va.ibyteimg.com/tos-alisg-i-aphluv4xwc-sg/a56f62fda4814a0a83fabf5c97f9f489~tplv-o3syd03w52-resize-jpeg:1000:1000.image?,https://shop.tiktok.com/view/product/1732182878298081030?region=MX&locale=es,沈亦莎,5
2026/8/23,MX,MX,爆款,1736470973917988133,S260710026081,nice clothes,非SKM商家,标码女装,女士下装,长裤,标码女装+女士下装,"(0,100]",8.76,"(50,100]",250.00%,"(100%, 300%]","(0,10]",2026/7/19,35,非JIT商品,268,0,"Beige,Green stripes,red stripes,Pink,Blue stripes,Blue",6,"L,XL,M,S",4,Spring&Fall,https://p16-oec-va.ibyteimg.com/tos-alisg-i-aphluv4xwc-sg/5b72faa647d3484a9edfdb7cb33fbfbe~tplv-o3syd03w52-resize-jpeg:1000:1000.image?,https://shop.tiktok.com/view/product/1736470973917988133?region=MX&locale=es,刘雪莹,2.6
2026/8/23,MX,MX,爆款,1734009976678746057,S260114091164,Verve Fashion,非SKM商家,标码女装,女士套装及西服,短裤套装,标码女装+女士套装及西服,"(1000,2000]",13.79,"(50,100]",-18.75%,负增长,"(0,10]",2026/1/14,221,非JIT商品,"1,449",1,"Yellow,Mint green,Dark gray,Army green,Violet,Rust orange,Hot pink,Apricot,White,Pink,Light green,Black,Silver,Light wash,Red",15,"XL,XXL,M,S,L",5,Summer,https://p16-oec-va.ibyteimg.com/tos-alisg-i-aphluv4xwc-sg/f8bd515f4f4b4cb6a02fa559db936e65~tplv-o3syd03w52-resize-jpeg:1000:1000.image?,https://shop.tiktok.com/view/product/1734009976678746057?region=MX&locale=es,刘雪莹,4.8
2026/8/23,MX,MX,爆款,1731823157539342071,S240619001118,FlaireX,非SKM商家,标码女装,女士下装,长裤,标码女装+女士下装,"(10000,+∞)",14.71,"(50,100]",-16.67%,负增长,"(0,10]",2025/7/1,418,非JIT商品,530,0,"Set5,Army Green*1 pc+Apricot*1 pc,Burgundy,Army Green*1 pc+Brown*1 pc,Apricot*1 pc+Black*1 pc,Set3,Set4,Brown,Set1,Black,Army Green*1 pc+Black*1 pc,Brown*1 pc+Black*1 pc,Apricot,Set6,Army green,Apricot*1 pc+Coffee Brown*1 pc,Coffee brown,Light blue,Black*1 pc+Coffee Brown*1 pc,Set2",20,"M,L,S,XL",4,Spring&Fall,https://p16-oec-va.ibyteimg.com/tos-alisg-i-aphluv4xwc-sg/75d9c131213240c9823e32fec2259a08~tplv-o3syd03w52-resize-jpeg:1000:1000.image?,https://shop.tiktok.com/view/product/1731823157539342071?region=MX&locale=es,刘雪莹,3.7
2026/8/23,MX,MX,爆款,1732129060366223685,S250218002732,YouAnnn,非SKM商家,标码女装,女士针织衫,毛衣套头衫,标码女装+女士针织衫,"(5000,10000]",9.17,"(50,100]",-38.46%,负增长,"(0,10]",2025/3/19,522,非JIT商品,"1,416",0,"Brown and white,Hot pink,Green,Bright orange,Pink,Royal blue,Black,Off white,Blue,Yellow,Grey,Pebble lime,Light Gray,Lime green,Black and white,Mauve purple,Burgundy",17,"S,XL,M,L,XXL",5,Summer,https://p16-oec-va.ibyteimg.com/tos-alisg-i-aphluv4xwc-sg/a9a1a29e73c2401a9b43c6aa312f7634~tplv-o3syd03w52-resize-jpeg:1000:1000.image?,https://shop.tiktok.com/view/product/1732129060366223685?region=MX&locale=es,沈亦莎,2.9
2026/8/23,MX,MX,爆款,1731248325285151775,S241031008816,Slick Trends,非SKM商家,标码女装,女士下装,紧身裤,标码女装+女士下装,"(2000,5000]",7.15,"(50,100]",-32.00%,负增长,"(0,10]",2025/4/24,486,非JIT商品,523,0,"Burgundy,Navy blue,Baby pink,Black",4,"XL,L,S,M",4,All Seasons,https://p16-oec-va.ibyteimg.com/tos-maliva-i-o3syd03w52-us/e9c3a5315d264135b585803a83ba2622~tplv-o3syd03w52-resize-jpeg:1000:1000.image?,https://shop.tiktok.com/view/product/1731248325285151775?region=MX&locale=es,王谍,4.7
2026/8/23,MX,MX,爆款,1732580584130315797,S250916036654,Chic Materialist,非SKM商家,标码女装,女士下装,长裤,标码女装+女士下装,"(2000,5000]",12.35,"(50,100]",-50.00%,负增长,"(0,10]",2025/9/19,338,非JIT商品,616,0,"Blue,Coffee brown,White,Bright yellow,Pink,Dark gray,Sky blue",7,"L,XL,M,S",4,Spring&Fall,https://p16-oec-va.ibyteimg.com/tos-alisg-i-aphluv4xwc-sg/bf0507fa82774a5fbc488d33b1b889f1~tplv-o3syd03w52-resize-jpeg:1000:1000.image?,https://shop.tiktok.com/view/product/1732580584130315797?region=MX&locale=es,张健,4.9
2026/8/23,MX,MX,爆款,1732230689642349903,S250610008101,Ku Girl,非SKM商家,标码女装,女士下装,长裤,标码女装+女士下装,"(10000,+∞)",11.2,"(50,100]",56.25%,"(50%, 100%]","(10,30]",2025/8/17,371,非JIT商品,237,0,"Daffodil yellow,Black,Olive green",3,"XS,XXL,M,L,S,XL",6,Spring&Fall,https://p16-oec-va.ibyteimg.com/tos-alisg-i-aphluv4xwc-sg/e6e334c793f745d0a94c3dc7934d3845~tplv-o3syd03w52-resize-jpeg:1000:1000.image?,https://shop.tiktok.com/view/product/1732230689642349903?region=MX&locale=es,王谍,4.9
2026/8/23,GB,UK,爆款,1729402132633718507,S231104000432,Bettlity,非SKM商家,标码女装,女士针织衫,毛衣套头衫,标码女装+女士针织衫,"(10000,+∞)",16.49,"(100,+∞)",60.80%,"(50%, 100%]","(200,500]",2023/11/15,"1,012",非JIT商品,"4,111",0,"Mint green,Burgundy*1 pc+Army Green*1 pc,Dark green,Army green,Burgundy,Dark Gray*1 pc+Burgundy*1 pc,Army Green*1 pc+Mint Green*1 pc,Dark gray,Black,Light green,Pink,Pink*1 pc+Burgundy*1 pc,Royal blue,Khaki,Army Green*1 pc+Dark Green*1 pc,Mauve purple,Dark Gray*1 pc+Dark Green*1 pc,Dark Gray*1 pc+Black*1 pc",18,"S,XXL,XL,XS,M,L",6,Fall&Winter,https://p16-oec-va.ibyteimg.com/tos-alisg-i-aphluv4xwc-sg/8c3061a96ced4ed0aeb5abc8d84d795f~tplv-o3syd03w52-resize-jpeg:1000:1000.image?,https://shop.tiktok.com/view/product/1729402132633718507?region=GB&locale=en,沈亦莎,4.8
2026/8/23,GB,UK,爆款,1729794195037985731,S260408047252,Calorie Club,非SKM商家,标码女装,女士下装,紧身裤,标码女装+女士下装,"(5000,10000]",12.89,"(100,+∞)",-20.08%,负增长,"(100,200]",2026/4/8,137,非JIT商品,"2,562",0,"Micro-stamp blue + black coffee,Creamy White,Chocolate Brown + Cherry Red,Cherry Red,Mulberry,Moss green,Wine stain red,Chocolate Brown,Premium Black,Black coffee,Seaside Blue,Premium Black + Premium Black,Forest Green,Light Blue Micro Stamp,Eggplant purple,Sakura Pink",16,"S,XL,L,M",4,All Seasons,https://p16-oec-va.ibyteimg.com/tos-alisg-i-aphluv4xwc-sg/06dd3abe47d0451b91f1c4a0fc0429d9~tplv-o3syd03w52-resize-jpeg:1000:1000.image?,https://shop.tiktok.com/view/product/1729794195037985731?region=GB&locale=en,刘雪莹,4.8
2026/8/23,GB,UK,爆款,1729572312673393551,S250704007193,FianiVibe,非SKM商家,标码女装,女士下装,长裤,标码女装+女士下装,"(10000,+∞)",13.23,"(100,+∞)",19.20%,"(0%, 50%]","(100,200]",2025/7/12,407,非JIT商品,"2,030",0,"Dark gray,Cream,Black,Blue,Brown,Navy blue,Green",7,"M,XXL,XS,S,L,XL",6,All Seasons,https://p16-oec-eu-common-no.tiktokcdn-eu.com/tos-no1a-i-t5fjg24jzw-no/2ddbc3583d8e4ad2bcdd97edb4e51683~tplv-t5fjg24jzw-resize-jpeg:1000:1000.image?,https://shop.tiktok.com/view/product/1729572312673393551?region=GB&locale=en,黄依婷,4.7
2026/8/23,GB,UK,爆款,1729837427069917294,S260528008769,Soft Frame,非SKM商家,标码女装,女士下装,长裤,标码女装+女士下装,"(2000,5000]",13.14,"(100,+∞)",12.62%,"(0%, 50%]","(100,200]",2026/5/31,84,非JIT商品,"2,481",0,"Pastel blue,Khaki,Off-white polka dots,Blue-brown,Coffee brown,Copper brown,Reed green,Black",8,"M,L,S,XL",4,Spring&Fall,https://p16-oec-va.ibyteimg.com/tos-alisg-i-aphluv4xwc-sg/0309b66bd8f8430ea0eac086a6138db3~tplv-o3syd03w52-resize-jpeg:1000:1000.image?,https://shop.tiktok.com/view/product/1729837427069917294?region=GB&locale=en,王谍,4.6
2026/8/23,GB,UK,爆款,1729445895122881778,S241213008988,Morrie Moon,非SKM商家,标码女装,女士针织衫,开衫,标码女装+女士针织衫,"(10000,+∞)",24.43,"(100,+∞)",51.21%,"(50%, 100%]","(50,100]",2024/12/24,607,非JIT商品,"1,461",0,"Army green,Burgundy,Brown,Navy blue,Black,Orange,Royal blue,Mocha brown,Light green,Grey,Khaki,Baby pink,Cream",13,"XL,L,M,XXL,S",5,Fall&Winter,https://p16-oec-va.ibyteimg.com/tos-maliva-i-o3syd03w52-us/d40b4dd2e505486d818e79b813f1aa27~tplv-o3syd03w52-resize-jpeg:1000:1000.image?,https://shop.tiktok.com/view/product/1729445895122881778?region=GB&locale=en,王可心,4.9
2026/8/23,GB,UK,爆款,1729584530083191292,S250719019896,Hi anan,非SKM商家,标码女装,女士针织衫,开衫,标码女装+女士针织衫,"(10000,+∞)",23.83,"(100,+∞)",80.63%,"(50%, 100%]","(100,200]",2025/7/29,390,非JIT商品,907,0,"Black,Khaki,Royal blue,Turquoise,Curry,Silver,Dark beige",7,"M,XL,L,S",4,Spring&Fall,https://p16-oec-va.ibyteimg.com/tos-alisg-i-aphluv4xwc-sg/8416511e9351413f8a1cb389a5c57a13~tplv-o3syd03w52-resize-jpeg:1000:1000.image?,https://shop.tiktok.com/view/product/1729584530083191292?region=GB&locale=en,沈亦莎,4.9
2026/8/23,GB,UK,爆款,1729564522911537348,S250625021533,FACIO Direct,非SKM商家,标码女装,女士针织衫,开衫,标码女装+女士针织衫,"(5000,10000]",25.72,"(100,+∞)",4.93%,"(0%, 50%]","(50,100]",2025/7/5,414,非JIT商品,"1,921",0,"Khaki,Lilac,Pastel blue,Blue,Dark gray,Yellow,Red,Navy blue,Multi-color,Light blue,Coffee brown,Mint green,Olive green,Green,Pink,Brown,Black,Coral red,Mauve purple,Mocha brown",20,"XL,M,L,S,XS",5,Spring&Fall,https://p16-oec-va.ibyteimg.com/tos-alisg-i-aphluv4xwc-sg/109dff1c042b4e0caf0ec6f142b30bc0~tplv-o3syd03w52-resize-jpeg:1000:1000.image?,https://shop.tiktok.com/view/product/1729564522911537348?region=GB&locale=en,沈亦莎,4.8
2026/8/23,GB,UK,爆款,1729490452571986000,S250316007676,chic angel,非SKM商家,标码女装,女士下装,长裤,标码女装+女士下装,"(10000,+∞)",12.22,"(100,+∞)",25.21%,"(0%, 50%]","(100,200]",2025/4/20,490,非JIT商品,"1,264",0,"Pink,Burgundy,Olive green,Light blue,Black,Dark wash,Beige,Apricot,Off white,Salmon pink,Dark brown,Khaki",12,"L,S,M,XL",4,Spring&Fall,https://p16-oec-va.ibyteimg.com/tos-alisg-i-aphluv4xwc-sg/777aa41971554c33b6753fb3dbd5a09e~tplv-o3syd03w52-resize-jpeg:1000:1000.image?,https://shop.tiktok.com/view/product/1729490452571986000?region=GB&locale=en,王谍,4.3
2026/8/23,GB,UK,爆款,1729400672215403868,S230627004373,Zhichn Clthing,非SKM商家,标码女装,女士针织衫,毛衣套头衫,标码女装+女士针织衫,"(10000,+∞)",14.51,"(100,+∞)",40.09%,"(0%, 50%]","(100,200]",2023/8/2,"1,117",非JIT商品,"4,603",0,"Pink,Pale Green*1 pc+White*1 pc,Apricot,Pebble lime,Chartreuse,White*1 pc+Light Gray*1 pc+Light Blue*1 pc,White*1 pc+Light Blue*1 pc,Gray*1 pc+White*1 pc,Cream,Black*1 pc+White*1 pc+Ocean Blue*1 pc,Ocean blue,Pale green,Cream*1 pc+Black*1 pc,Black,Light Blue*1 pc+Light Gray*1 pc, Gray*1 pc+Black*1 pc+ Blue*1 pc,Brown,Mauve Purple*1 pc+White*1 pc,Coffee Brown*1 pc+Brown*1 pc+Apricot*1 pc,Burgundy,Dusty blue,Gray*1 pc+Black*1 pc+Cream*1 pc,Off white,Grey,Curry,Brown*1 pc+Coffee Brown*1 pc,Coffee brown,Curry*1 pc+Cream*1 pc,Gray*1 pc+Black*1 pc,Cream*1 pc+Pale Green*1 pc+Gray*1 pc,Brown*1 pc+Apricot*1 pc,Light blue,Mauve purple",33,"L,M,S",3,Spring&Fall,https://p16-oec-eu-common-no.tiktokcdn-eu.com/tos-no1a-i-t5fjg24jzw-no/aeecf0bc9d4548c78eee1e994fa0f4ac~tplv-t5fjg24jzw-resize-jpeg:1000:1000.image?,https://shop.tiktok.com/view/product/1729400672215403868?region=GB&locale=en,王可心,4.6
2026/8/23,GB,UK,爆款,1729443457023904835,S241205008501,Chic Unique Designs,非SKM商家,标码女装,女士下装,短裤,标码女装+女士下装,"(10000,+∞)",7.89,"(100,+∞)",-3.06%,负增长,"(50,100]",2024/12/18,613,非JIT商品,"2,456",0,"Multicolor6,Multicolor9,Multicolor2,Black,Multicolor12,Khaki,Reddish purple,Multicolor5,Blue and white,Multicolor10,Multicolor4,Multicolor11,Bright blue,Multicolor8,Sky blue,Multicolor3,Multicolor7,Dark blue,Multicolor1,Multicolor-multicolor",20,"XXL,M,L,XL,S",5,Summer,https://p16-oec-eu-common-no.tiktokcdn-eu.com/tos-no1a-i-t5fjg24jzw-no/da7e88d1945f4a4381dfef83ead9db21~tplv-t5fjg24jzw-resize-jpeg:1000:1000.image?,https://shop.tiktok.com/view/product/1729443457023904835?region=GB&locale=en,张健,4.9
2026/8/23,GB,UK,爆款,1729855986498836971,S260610011073,DolceAmara,非SKM商家,标码女装,女士套装及西服,长裤套装,标码女装+女士套装及西服,"(500,1000]",20.12,"(100,+∞)",70.22%,"(50%, 100%]","(50,100]",2026/6/18,66,非JIT商品,691,0,"Blue,Red,Khaki & Brown,Coffee brown,Khaki & Green",5,"XXL,XL,M,L,S",5,Spring&Fall,https://p16-oec-va.ibyteimg.com/tos-alisg-i-aphluv4xwc-sg/216a191f386b4e3cad55ffd772b24340~tplv-o3syd03w52-resize-jpeg:1000:1000.image?,https://shop.tiktok.com/view/product/1729855986498836971?region=GB&locale=en,黄依婷,4.8
2026/8/23,GB,UK,爆款,1729795747216988651,S260410016609,DolceAmara,非SKM商家,标码女装,女士套装及西服,长裤套装,标码女装+女士套装及西服,"(2000,5000]",25.85,"(100,+∞)",-10.53%,负增长,"(50,100]",2026/4/22,123,非JIT商品,"1,007",0,"Pink,Khaki gray,Yellow,Burgundy,Blue",5,"S,XL,XXL,L,M",5,Summer,https://p16-oec-va.ibyteimg.com/tos-alisg-i-aphluv4xwc-sg/d531f89c717040f5a479a3ddf3be6769~tplv-o3syd03w52-resize-jpeg:1000:1000.image?,https://shop.tiktok.com/view/product/1729795747216988651?region=GB&locale=en,黄依婷,4.8
2026/8/23,GB,UK,爆款,1729628326275029483,S250901005031,DolceAmara,非SKM商家,标码女装,女士套装及西服,长裤套装,标码女装+女士套装及西服,"(10000,+∞)",18.54,"(100,+∞)",73.25%,"(50%, 100%]","(50,100]",2025/9/6,351,非JIT商品,627,0,"Red,Black,Blue,Brown,Purple",5,"L,S,M,XL,XS",5,Spring&Fall,https://p16-oec-eu-common-no.tiktokcdn-eu.com/tos-no1a-i-t5fjg24jzw-no/6ed69264c703414a9db2a5f15c5ce414~tplv-t5fjg24jzw-resize-jpeg:1000:1000.image?,https://shop.tiktok.com/view/product/1729628326275029483?region=GB&locale=en,黄依婷,4.8
2026/8/23,GB,UK,爆款,1729451270051827526,S241229002061,Chic Panthers,非SKM商家,标码女装,女士下装,短裤,标码女装+女士下装,"(10000,+∞)",13.06,"(100,+∞)",-5.82%,负增长,"(50,100]",2025/1/11,589,非JIT商品,"1,343",0,"Apricot,Khaki,Black",3,"L,XL,M,XS,S",5,Summer,https://p16-oec-eu-common-no.tiktokcdn-eu.com/tos-no1a-i-t5fjg24jzw-no/41b36c23a6604f3cbafee73b055ee1a5~tplv-t5fjg24jzw-resize-jpeg:1000:1000.image?,https://shop.tiktok.com/view/product/1729451270051827526?region=GB&locale=en,张健,4.9
2026/8/23,GB,UK,爆款,1729658789584869463,S251011018744,Novelife,非SKM商家,标码女装,女士套装及西服,连衣裙套装,标码女装+女士套装及西服,"(5000,10000]",20.37,"(100,+∞)",178.76%,"(100%, 300%]","(100,200]",2025/10/20,307,非JIT商品,"1,052",0,"Fawn brown,Red,Gray,Brown,Khaki,Yellow,Apricot",7,"L,XL,S,M,XXL",5,Spring&Fall,https://p16-oec-eu-common-no.tiktokcdn-eu.com/tos-no1a-i-t5fjg24jzw-no/1f61e2280323421b920855b2c8e306b7~tplv-t5fjg24jzw-resize-jpeg:1000:1000.image?,https://shop.tiktok.com/view/product/1729658789584869463?region=GB&locale=en,黄依婷,4.5
2026/8/23,GB,UK,爆款,1729636341935544811,S250904011575,DolceAmara,非SKM商家,标码女装,女士套装及西服,长裤套装,标码女装+女士套装及西服,"(10000,+∞)",17.15,"(100,+∞)",57.06%,"(50%, 100%]","(50,100]",2025/9/16,341,非JIT商品,"1,066",0,"Brown,Red,Blue and black,Black,Multicolor",5,"XS,XL,S,M,L,XXL",6,Spring&Fall,https://p16-oec-eu-common-no.tiktokcdn-eu.com/tos-no1a-i-t5fjg24jzw-no/49032cda8d1d4758bf80e8d502b22f87~tplv-t5fjg24jzw-resize-jpeg:1000:1000.image?,https://shop.tiktok.com/view/product/1729636341935544811?region=GB&locale=en,黄依婷,4.8
2026/8/23,GB,UK,爆款,1729611547424561561,S250806009429,LAVUE,非SKM商家,标码女装,女士套装及西服,长裤套装,标码女装+女士套装及西服,"(10000,+∞)",24.05,"(100,+∞)",4.44%,"(0%, 50%]","(50,100]",2025/8/18,370,非JIT商品,"1,312",0,"Pink,Black,Green,Wine red,Khaki gray,Blue,Gray,Dark purple",8,"XL,XS,L,S,M",5,Summer,https://p16-oec-eu-common-no.tiktokcdn-eu.com/tos-no1a-i-t5fjg24jzw-no/4a7fc71aa3b04776b1ff506d14302ac4~tplv-t5fjg24jzw-resize-jpeg:1000:1000.image?,https://shop.tiktok.com/view/product/1729611547424561561?region=GB&locale=en,黄依婷,4.4
2026/8/23,GB,UK,爆款,1729826450466904878,S260509016167,Einsamw,非SKM商家,标码女装,女士套装及西服,半裙套装,标码女装+女士套装及西服,"(2000,5000]",29.42,"(100,+∞)",0.55%,"(0%, 50%]","(50,100]",2026/5/18,97,非JIT商品,"1,178",0,"Dark wash,Coffee brown,Yellow,Pink,Red",5,"XXL,XL,M,L,S",5,Summer,https://p16-oec-va.ibyteimg.com/tos-alisg-i-aphluv4xwc-sg/63391db851a04aff96e22372edbc511c~tplv-o3syd03w52-resize-jpeg:1000:1000.image?,https://shop.tiktok.com/view/product/1729826450466904878?region=GB&locale=en,黄依婷,4.8
2026/8/23,GB,UK,爆款,1729862428195461727,S260628013750,Vanshee Show,非SKM商家,标码女装,女士套装及西服,短裤套装,标码女装+女士套装及西服,"(1000,2000]",17.28,"(100,+∞)",-17.01%,负增长,"(50,100]",2026/6/28,56,JIT商品,"4,753","1,198","Caramel,Dark wash,Turquoise green,Yellow,Dark gray,Black,Golden,Coral pink,yellow-gray,Black/Gray,Rose pink,Baby pink,Pinkish Gray,Coral Pink 2",14,"M,L,XL,S",4,Spring&Fall,https://p16-oec-va.ibyteimg.com/tos-alisg-i-aphluv4xwc-sg/98dba64d77c44f6e92d30e5ad941992b~tplv-o3syd03w52-resize-jpeg:1000:1000.image?,https://shop.tiktok.com/view/product/1729862428195461727?region=GB&locale=en,游宇航,4.6
2026/8/23,GB,UK,爆款,1729430888265452826,S241022004269,LILYTREE,非SKM商家,标码女装,女士针织衫,毛衣套头衫,标码女装+女士针织衫,"(10000,+∞)",17.33,"(100,+∞)",64.44%,"(50%, 100%]","(50,100]",2024/10/25,667,非JIT商品,"1,155",0,"Salmon pink,Chartreuse,Grey,Cream,Green,Off white,Deep red,Rust orange,Lime red,Black",10,"L,S,M,XL",4,Fall&Winter,https://p16-oec-eu-common-no.tiktokcdn-eu.com/tos-no1a-i-t5fjg24jzw-no/e67f5438736a4964b9c02608a2a3e098~tplv-t5fjg24jzw-resize-jpeg:1000:1000.image?,https://shop.tiktok.com/view/product/1729430888265452826?region=GB&locale=en,沈亦莎,4.5
2026/8/23,GB,UK,爆款,1729676436894817003,S251018021752,Bettlity,非SKM商家,标码女装,女士针织衫,毛衣套头衫,标码女装+女士针织衫,"(5000,10000]",19.93,"(100,+∞)",72.06%,"(50%, 100%]","(50,100]",2025/10/28,299,非JIT商品,884,0,"Coffee brown,Navy blue,Olive green,Apricot,Dark gray",5,"XL,XXL,L,S,M",5,Fall&Winter,https://p16-oec-eu-common-no.tiktokcdn-eu.com/tos-no1a-i-t5fjg24jzw-no/3da7af2960a54166b2c4bba388741793~tplv-t5fjg24jzw-resize-jpeg:1000:1000.image?,https://shop.tiktok.com/view/product/1729676436894817003?region=GB&locale=en,沈亦莎,4.8
2026/8/23,GB,UK,爆款,1729736570762270869,S251224049494,Sanuuchic,非SKM商家,标码女装,女士套装及西服,长裤套装,标码女装+女士套装及西服,"(2000,5000]",21.47,"(100,+∞)",23.03%,"(0%, 50%]","(50,100]",2026/1/6,229,非JIT商品,536,0,"Apricot,Black,Burgundy,Brown,Gray",5,"L,XL,S,M,XXL",5,Summer,https://p16-oec-va.ibyteimg.com/tos-alisg-i-aphluv4xwc-sg/850a76ec38bb4c0aa68c5196f9c5bbc3~tplv-o3syd03w52-resize-jpeg:1000:1000.image?,https://shop.tiktok.com/view/product/1729736570762270869?region=GB&locale=en,黄依婷,4.7
2026/8/23,GB,UK,爆款,1729609082316954017,S250807009671,Polydeer Curve,非SKM商家,大码女装,女士上装,女士风衣与雨衣,大码女装+女士上装,"(10000,+∞)",32.43,"(100,+∞)",139.42%,"(100%, 300%]","(50,100]",2025/8/15,373,非JIT商品,"1,692",0,"Black,Army green,Mustard yellow,Fawn brown,Silver,Pink,Khaki,Hot pink,Light green,Red,Multicolor2,Lilac,Navy blue,Royal blue,Beige",15,"0XL,4XL,2XL,1XL,3XL,5XL",6,Fall&Winter,https://p16-oec-va.ibyteimg.com/tos-alisg-i-aphluv4xwc-sg/7bf1429bd9a5471aa349a5b7d6380c06~tplv-o3syd03w52-resize-jpeg:1000:1000.image?,https://shop.tiktok.com/view/product/1729609082316954017?region=GB&locale=en,郑川粤,4.6
2026/8/23,GB,UK,爆款,1729823556829354947,S260507034047,Calorie Club,非SKM商家,标码女装,女士套装及西服,短裤套装,标码女装+女士套装及西服,"(2000,5000]",29.02,"(100,+∞)",24.82%,"(0%, 50%]","(50,100]",2026/5/7,108,非JIT商品,711,0,"Micro Stamp Blue,Eggplant Purple,Moss Green,Black coffee,Premium Black,Illusion blue",6,"L,S,XL,M",4,Summer,https://p16-oec-eu-common-no.tiktokcdn-eu.com/tos-no1a-i-t5fjg24jzw-no/3770edea70e84a1aa5fe2865b70f93d5~tplv-t5fjg24jzw-resize-jpeg:1000:1000.image?,https://shop.tiktok.com/view/product/1729823556829354947?region=GB&locale=en,刘雪莹,4.8
2026/8/23,GB,UK,爆款,1729409495036104543,S240516003315,SaltWhite,非SKM商家,标码女装,女士下装,短裤,标码女装+女士下装,"(10000,+∞)",9.71,"(100,+∞)",-19.02%,负增长,"(50,100]",2024/5/23,822,非JIT商品,"3,039",0,"Blue,Sky blue,Pink*1 pc+Sky Blue*1 pc+Khaki*1 pc,Purple,Green,Purple*1 pc+Sky Blue*1 pc+Pink*1 pc,Army green,Black*1 pc+Navy Blue*1 pc,Turquoise blue,Lime yellow,Navy blue,Black,Black*1 pc+Khaki*1 pc,Khaki,Lime orange,Navy Blue*1 pc+Khaki*1 pc+Black*1 pc,Pink,Hot pink,Coffee brown,Deep red",20,"M,L,XXL,S,XL",5,Summer,https://p16-oec-eu-common-no.tiktokcdn-eu.com/tos-no1a-i-t5fjg24jzw-no/3307bf27cf674d66b69f6d2b420f4ebb~tplv-t5fjg24jzw-resize-jpeg:1000:1000.image?,https://shop.tiktok.com/view/product/1729409495036104543?region=GB&locale=en,王谍,4.9
2026/8/23,GB,UK,爆款,1729450699799566396,S250311021136,Chic Chic Sweater,非SKM商家,标码女装,女士针织衫,毛衣套头衫,标码女装+女士针织衫,"(10000,+∞)",11.86,"(100,+∞)",91.51%,"(50%, 100%]","(50,100]",2025/3/23,518,非JIT商品,"1,107",0,"Burgundy,Camel,Purple,Dark green,Emerald green,Mauve purple,Baby pink,Black,Lavender,Olive green,Brown,Mint green,Yellow,Grey,Blue,Red,Navy blue,Light Gray,Rust orange,Off white,Lemon yellow,Pastel blue",22,"XL,S,XXL,M,L",5,Summer,https://p16-oec-eu-common-no.tiktokcdn-eu.com/tos-no1a-i-t5fjg24jzw-no/30e78360310a45759d8083a679410057~tplv-t5fjg24jzw-resize-jpeg:1000:1000.image?,https://shop.tiktok.com/view/product/1729450699799566396?region=GB&locale=en,沈亦莎,4.7
2026/8/23,GB,UK,爆款,1729428040262258251,S240905000268,StreetWeat Outfits,非SKM商家,标码女装,女士下装,半身裙,标码女装+女士下装,"(10000,+∞)",10.47,"(100,+∞)",7.64%,"(0%, 50%]","(50,100]",2024/9/25,697,非JIT商品,"1,085",0,"Brown,Rust red,Flame red,Champagne,Coral pink,Deep red,Grey,White,Coffee brown,Light brown,Purple,Green,Yellow,Blue,Copper brown",15,"XS,XXL,M,L,XL,S",6,Spring&Fall,https://p16-oec-va.ibyteimg.com/tos-alisg-i-aphluv4xwc-sg/91353aa1a86e4ae28e4eef79de2c42ca~tplv-o3syd03w52-resize-jpeg:1000:1000.image?,https://shop.tiktok.com/view/product/1729428040262258251?region=GB&locale=en,张健,4.6
2026/8/23,GB,UK,爆款,1729860120392538620,S260625005679,Hi anan,非SKM商家,标码女装,女士针织衫,开衫,标码女装+女士针织衫,"(500,1000]",21.14,"(100,+∞)",10.64%,"(0%, 50%]","(50,100]",2026/7/3,51,非JIT商品,931,0,"Brown,Blue,Beige,Khaki,Medium wash,White,Burgundy,Black",8,"XL,L,S,M",4,Spring&Fall,https://p16-oec-va.ibyteimg.com/tos-alisg-i-aphluv4xwc-sg/8115d325e1944c5c8465e26f94c313bd~tplv-o3syd03w52-resize-jpeg:1000:1000.image?,https://shop.tiktok.com/view/product/1729860120392538620?region=GB&locale=en,沈亦莎,4.9
2026/8/23,GB,UK,爆款,1729841973443074495,S260604036354,Chic Value Line,非SKM商家,标码女装,女士套装及西服,半裙套装,标码女装+女士套装及西服,"(2000,5000]",16.14,"(100,+∞)",14.93%,"(0%, 50%]","(30,50]",2026/6/4,80,非JIT商品,"1,804",187,"Blue and white floral pattern,White,Blue,Red and blue,Chartreuse,Green,Rust orange",7,"XL,S,M,L",4,Spring&Fall,https://p16-oec-va.ibyteimg.com/tos-alisg-i-aphluv4xwc-sg/4782eaba38724d1d8b9d3348c2f34b3d~tplv-o3syd03w52-resize-jpeg:1000:1000.image?,https://shop.tiktok.com/view/product/1729841973443074495?region=GB&locale=en,王瑶,4.8
2026/8/23,GB,UK,爆款,1729635784543738767,S250908009620,FianiVibe,非SKM商家,标码女装,女士套装及西服,长裤套装,标码女装+女士套装及西服,"(10000,+∞)",22.68,"(100,+∞)",78.18%,"(50%, 100%]","(50,100]",2025/9/15,342,非JIT商品,332,0,"Brown,Dark gray,Black,Navy blue,Apricot,Dark brown",6,"L,M,XXL,S,XL",5,Spring&Fall,https://p16-oec-eu-common-no.tiktokcdn-eu.com/tos-no1a-i-t5fjg24jzw-no/bc810ccc278c45f9a438df308314d9ef~tplv-t5fjg24jzw-resize-jpeg:1000:1000.image?,https://shop.tiktok.com/view/product/1729635784543738767?region=GB&locale=en,黄依婷,4.7
2026/8/23,GB,UK,爆款,1729800750573984606,S260416035491,Mayins,非SKM商家,标码女装,女士套装及西服,长裤套装,标码女装+女士套装及西服,"(2000,5000]",19.28,"(100,+∞)",26.05%,"(0%, 50%]","(30,50]",2026/4/27,118,非JIT商品,"1,350",0,"Burgundy,White,Red,Black,Blue",5,"XXL,M,L,XL,S",5,Summer,https://p16-oec-va.ibyteimg.com/tos-alisg-i-aphluv4xwc-sg/05146c4684c142f8b02f85490bbba996~tplv-o3syd03w52-resize-jpeg:1000:1000.image?,https://shop.tiktok.com/view/product/1729800750573984606?region=GB&locale=en,黄依婷,4.6
2026/8/23,GB,UK,爆款,1729654302431549773,S250925028674,Follome,非SKM商家,标码女装,女士下装,长裤,标码女装+女士下装,"(10000,+∞)",13.94,"(100,+∞)",50.89%,"(50%, 100%]","(50,100]",2025/10/6,321,非JIT商品,903,0,"Brown,Apricot,Gray,Black,Wine red,Blue,Green",7,"XL,L,M,XXL,S",5,Spring&Fall,https://p16-oec-eu-common-no.tiktokcdn-eu.com/tos-no1a-i-t5fjg24jzw-no/bd6611fe58524c9d85d612ba904dff2b~tplv-t5fjg24jzw-resize-jpeg:1000:1000.image?,https://shop.tiktok.com/view/product/1729654302431549773?region=GB&locale=en,张健,4.6
2026/8/23,GB,UK,爆款,1729565065338461022,S250623014760,Mayins,非SKM商家,标码女装,女士下装,长裤,标码女装+女士下装,"(10000,+∞)",14.35,"(100,+∞)",25.47%,"(0%, 50%]","(30,50]",2025/7/5,414,非JIT商品,"1,647",0,"White,Brown,Navy blue,Apricot,Dark gray,Pink,Black",7,"S,XL,L,M,XS,XXL",6,Spring&Fall,https://p16-oec-eu-common-no.tiktokcdn-eu.com/tos-no1a-i-t5fjg24jzw-no/d1e6575478d94bef83430b4d4e530dbd~tplv-t5fjg24jzw-resize-jpeg:1000:1000.image?,https://shop.tiktok.com/view/product/1729565065338461022?region=GB&locale=en,黄依婷,4.6
2026/8/23,GB,UK,爆款,1729402033640738394,S231027004255,Orgnvin,非SKM商家,标码女装,女士针织衫,毛衣套头衫,标码女装+女士针织衫,"(10000,+∞)",16.12,"(100,+∞)",50.00%,"(0%, 50%]","(30,50]",2023/11/10,"1,017",JIT商品,"1,318","2,071","Multicolor7,Burgundy,Pale green,Camel,Multicolor1,Pink and white,Multicolor4,Multicolor10,Multicolor9,Multicolor8,Chartreuse,Multicolor2,Multicolor11,Brown and white,Emerald green,Heather violet,Gray,Coral pink,Multicolor6,Dark green,Multicolor3,Multicolor5,Purple,Multicolor12,Mulberry,Khaki,Royal blue,Daffodil yellow,Hot pink,Dark gray,Sky blue",31,"XL,S,L,M",4,Fall&Winter,https://p16-oec-va.ibyteimg.com/tos-alisg-i-aphluv4xwc-sg/a76ff4d22a094555842a6b3bb15c63b6~tplv-o3syd03w52-resize-jpeg:1000:1000.image?,https://shop.tiktok.com/view/product/1729402033640738394?region=GB&locale=en,王可心,4.7
2026/8/23,GB,UK,爆款,1729745088157161475,S260106058943,Eyvonne,非SKM商家,标码女装,女士套装及西服,长裤套装,标码女装+女士套装及西服,"(5000,10000]",20.11,"(100,+∞)",40.82%,"(0%, 50%]","(30,50]",2026/1/13,222,非JIT商品,443,0,"Khaki,Brown + Apricot + Blue,Multicolor1,Black and white stripes,Khaki + Gray + Mauve,Brown and white",6,"S,L,XXL,XL,M",5,Summer,https://p16-oec-eu-common-no.tiktokcdn-eu.com/tos-no1a-i-t5fjg24jzw-no/0aa5b031fc7c4730869bf3f8fa64cfc0~tplv-t5fjg24jzw-resize-jpeg:1000:1000.image?,https://shop.tiktok.com/view/product/1729745088157161475?region=GB&locale=en,刘雪莹,4.7
2026/8/23,GB,UK,爆款,1729839588604746487,S260601031739,FlaireX,非SKM商家,标码女装,女士套装及西服,长裤套装,标码女装+女士套装及西服,"(1000,2000]",20.75,"(100,+∞)",16.04%,"(0%, 50%]","(10,30]",2026/6/4,80,非JIT商品,"1,127",0,"Pink,Army green,Light blue,Dark gray,Royal blue,Apricot,Black",7,"XL,XXL,L,S,M",5,Spring&Fall,https://p16-oec-va.ibyteimg.com/tos-alisg-i-aphluv4xwc-sg/1ec800fbd46a466db010661dffd631ff~tplv-o3syd03w52-resize-jpeg:1000:1000.image?,https://shop.tiktok.com/view/product/1729839588604746487?region=GB&locale=en,刘雪莹,4.4
2026/8/23,GB,UK,爆款,1729409154795605266,S240508006159,Hiying,非SKM商家,标码女装,女士针织衫,毛衣套头衫,标码女装+女士针织衫,"(10000,+∞)",15.52,"(100,+∞)",25.00%,"(0%, 50%]","(30,50]",2024/5/17,828,非JIT商品,282,0,"Khaki&Navy Blue&Light Gray*1 pc,Khaki,Bright yellow,Baby pink,Army Green*1 pc+Rust Red*1 pc,Navy blue,Army green,Rust red,Rust orange,Pebble lime,Navy Blue*1 pc+Light Gray*1 pc",11,"S,XXL,L,XL,M",5,Fall&Winter,https://p16-oec-eu-common-no.tiktokcdn-eu.com/tos-no1a-i-t5fjg24jzw-no/acba7a90d96f420196a1a9d1aa67af14~tplv-t5fjg24jzw-resize-jpeg:1000:1000.image?,https://shop.tiktok.com/view/product/1729409154795605266?region=GB&locale=en,沈亦莎,4.6
2026/8/23,GB,UK,爆款,1729475097096132771,S250317018578,Yz Sweaters,非SKM商家,标码女装,女士针织衫,开衫,标码女装+女士针织衫,"(10000,+∞)",12.64,"(100,+∞)",44.21%,"(0%, 50%]","(30,50]",2025/3/27,514,非JIT商品,"2,900",0,"Yellow,Light blue,Black,Pink,Royal blue,Grey,Off white,Beige,Maroon",9,"M,L,S,XL",4,Spring&Fall,https://p16-oec-va.ibyteimg.com/tos-alisg-i-aphluv4xwc-sg/cc0b324b11ad4993b568075b5abc7ff2~tplv-o3syd03w52-resize-jpeg:1000:1000.image?,https://shop.tiktok.com/view/product/1729475097096132771?region=GB&locale=en,沈亦莎,4.9
2026/8/23,GB,UK,爆款,1729876067613842137,S260718011026,Elegance Wrap,非SKM商家,标码女装,女士针织衫,毛衣套头衫,标码女装+女士针织衫,"(100,500]",17.88,"(100,+∞)",100.00%,"(50%, 100%]","(50,100]",2026/7/18,36,JIT商品,73,74,"Yellow,Blue",2,"M,L,XL,S",4,Spring&Fall,https://p16-oec-va.ibyteimg.com/tos-alisg-i-aphluv4xwc-sg/f96acbcee6984e0ba545f5efe1ab552e~tplv-o3syd03w52-resize-jpeg:1000:1000.image?,https://shop.tiktok.com/view/product/1729876067613842137?region=GB&locale=en,沈亦莎,4.2
2026/8/23,GB,UK,爆款,1729426978896186411,S240823004058,Yinos Fashion,非SKM商家,标码女装,女士套装及西服,长裤套装,标码女装+女士套装及西服,"(10000,+∞)",12.57,"(100,+∞)",122.39%,"(100%, 300%]","(50,100]",2024/9/8,714,非JIT商品,"1,643",0,"Pink,Pebble lime,Black,Navy blue,Dusty blue,Burgundy,Set2,Set4,Dark gray,Set1,Set3,Coffee brown,Blue,Green",14,"L,S,M,XS,XL",5,Spring&Fall,https://p16-oec-eu-common-no.tiktokcdn-eu.com/tos-no1a-i-t5fjg24jzw-no/d8c0a71975174480b0094adfd7a73400~tplv-t5fjg24jzw-resize-jpeg:1000:1000.image?,https://shop.tiktok.com/view/product/1729426978896186411?region=GB&locale=en,游宇航,4.7
2026/8/23,GB,UK,爆款,1729858190930188519,S260622022740,NovaMode.,非SKM商家,标码女装,女士下装,长裤,标码女装+女士下装,"(100,500]",17.81,"(100,+∞)",-6.14%,负增长,"(30,50]",2026/6/24,60,JIT商品,"2,470",64,"White,Army green,Reddish brown,Black",4,"L,XL,XS,M,S",5,Spring&Fall,https://p16-oec-va.ibyteimg.com/tos-alisg-i-aphluv4xwc-sg/70864a9aa1944fc1bd7f403219b116ca~tplv-o3syd03w52-resize-jpeg:1000:1000.image?,https://shop.tiktok.com/view/product/1729858190930188519?region=GB&locale=en,王谍,4.7
2026/8/23,GB,UK,爆款,1729744272552663127,S260105062922,Novelife,非SKM商家,标码女装,女士下装,短裤,标码女装+女士下装,"(2000,5000]",14.08,"(100,+∞)",-7.62%,负增长,"(30,50]",2026/1/20,215,非JIT商品,980,0,"Apricot,Brown,Red,Black,Royal blue",5,"XXL,S,XL,M,L",5,Summer,https://p16-oec-va.ibyteimg.com/tos-alisg-i-aphluv4xwc-sg/9face7aa88b941088142ae4cc3f4218e~tplv-o3syd03w52-resize-jpeg:1000:1000.image?,https://shop.tiktok.com/view/product/1729744272552663127?region=GB&locale=en,黄依婷,4.5
2026/8/23,GB,UK,爆款,1729454844760919596,S241207006420,Lefter Shorts,非SKM商家,标码女装,女士下装,短裤,标码女装+女士下装,"(10000,+∞)",10.96,"(100,+∞)",-5.49%,负增长,"(10,30]",2025/1/19,581,非JIT商品,"2,896",0,"Off white,Baby pink,Pebble lime,Blue,Red,Dark blue,Lime green,Mauve purple,Dark gray,Black",10,"XS,XL,M,S,XXL,L",6,Summer,https://p16-oec-va.ibyteimg.com/tos-alisg-i-aphluv4xwc-sg/15f13d166a3641a08ee6bcf2a4329b59~tplv-o3syd03w52-resize-jpeg:1000:1000.image?,https://shop.tiktok.com/view/product/1729454844760919596?region=GB&locale=en,王谍,4.8
2026/8/23,GB,UK,爆款,1729644208013089093,S250924067608,YouAnnn,非SKM商家,标码女装,女士针织衫,开衫,标码女装+女士针织衫,"(500,1000]",22.07,"(100,+∞)",-12.75%,负增长,"(10,30]",2025/10/2,325,非JIT商品,503,0,"Camel,Pink,Red,Gray,Black,White",6,"L,M,S,XXL,XL",5,Spring&Fall,https://p16-oec-va.ibyteimg.com/tos-alisg-i-aphluv4xwc-sg/f5baf4707b984974a4f21c94b4fcdb36~tplv-o3syd03w52-resize-jpeg:1000:1000.image?,https://shop.tiktok.com/view/product/1729644208013089093?region=GB&locale=en,沈亦莎,4.7
2026/8/23,GB,UK,爆款,1729852544905550446,S260612031079,LINGliang Fashion,非SKM商家,标码女装,女士针织衫,毛衣套头衫,标码女装+女士针织衫,"(1000,2000]",15.52,"(100,+∞)",-29.09%,负增长,"(10,30]",2026/6/12,72,JIT商品,527,"27,678","Heather violet,Coffee brown,Apricot,Black,Maroon,Pink,Light wash,Golden,Reddish orange,Burgundy,White,Army green,Khaki",13,"S,L,XS,M",4,Summer,https://p16-oec-va.ibyteimg.com/tos-alisg-i-aphluv4xwc-sg/e244ccfab55d4ba78a184faed8df8c8d~tplv-o3syd03w52-resize-jpeg:1000:1000.image?,https://shop.tiktok.com/view/product/1729852544905550446?region=GB&locale=en,沈亦莎,4.7
2026/8/23,GB,UK,爆款,1729852392853706901,S260612019882,Sanuuchic,非SKM商家,标码女装,女士套装及西服,长裤套装,标码女装+女士套装及西服,"(1000,2000]",20.16,"(100,+∞)",64.38%,"(50%, 100%]","(10,30]",2026/6/14,70,非JIT商品,273,0,"Black and white,Brown and white,Black",3,"S,XL,L,M",4,Spring&Fall,https://p16-oec-va.ibyteimg.com/tos-alisg-i-aphluv4xwc-sg/4c96d6db1ab843979c68d3f37129dafa~tplv-o3syd03w52-resize-jpeg:1000:1000.image?,https://shop.tiktok.com/view/product/1729852392853706901?region=GB&locale=en,黄依婷,4.7
2026/8/23,GB,UK,爆款,1729432343970745540,S241024011502,FACIO Direct,非SKM商家,标码女装,女士针织衫,毛衣套头衫,标码女装+女士针织衫,"(10000,+∞)",24.38,"(100,+∞)",131.75%,"(100%, 300%]","(50,100]",2024/11/7,654,非JIT商品,590,0,"Grey,Purple,Green,Red,Beige,Dark gray,Light blue,Black,Brown",9,"M,XXL,XS,XL,S,L",6,Fall&Winter,https://p16-oec-va.ibyteimg.com/tos-alisg-i-aphluv4xwc-sg/416cbf9bfc6c48f98f992a19f34d8dde~tplv-o3syd03w52-resize-jpeg:1000:1000.image?,https://shop.tiktok.com/view/product/1729432343970745540?region=GB&locale=en,沈亦莎,4.8
2026/8/23,GB,UK,爆款,1729403961292525333,S240108003392,AOMR,非SKM商家,标码女装,女士下装,长裤,标码女装+女士下装,"(10000,+∞)",15.72,"(100,+∞)",34.52%,"(0%, 50%]","(30,50]",2024/1/22,944,非JIT商品,702,0,"Black*1 pc+Baby Pink*1 pc,Black,Apricot*1 pc+Gray*1 pc,Apricot*1 pc+Black*1 pc+Gray*1 pc+Baby Pink*1 pc,Apricot*1 pc+Brown*1 pc,Grey,Brown,Baby pink,Beige,Black*1 pc+Gray*1 pc,Apricot,Apricot*1 pc+Black*1 pc",12,"M,L,S",3,Spring&Fall,https://p16-oec-eu-common-no.tiktokcdn-eu.com/tos-no1a-i-t5fjg24jzw-no/9ceb4268f02d43d1b08072986847b335~tplv-t5fjg24jzw-resize-jpeg:1000:1000.image?,https://shop.tiktok.com/view/product/1729403961292525333?region=GB&locale=en,王谍,4.6
2026/8/23,GB,UK,爆款,1729787628536699482,S260328033125,Orgnvin,非SKM商家,标码女装,女士针织衫,开衫,标码女装+女士针织衫,"(500,1000]",16.64,"(100,+∞)",25.61%,"(0%, 50%]","(30,50]",2026/3/28,148,JIT商品,599,899,"Royal blue,Burgundy,Pink,Apricot,White,Fawn brown,Hot pink,Yellow,Black,Light wash",10,"M,S,L,XL",4,Spring&Fall,https://p16-oec-va.ibyteimg.com/tos-alisg-i-aphluv4xwc-sg/18b7bd94ed7e4d2a8368d65f6cddcaf4~tplv-o3syd03w52-resize-jpeg:1000:1000.image?,https://shop.tiktok.com/view/product/1729787628536699482?region=GB&locale=en,王可心,4.7
2026/8/23,GB,UK,爆款,1729827641689414505,S260512003713,Hijab Haven,非SKM商家,标码女装,女士穆斯林服装,方便头巾,标码女装+女士穆斯林服装,"(1000,2000]",4.53,"(100,+∞)",-13.00%,负增长,"(30,50]",2026/5/12,103,JIT商品,"1,496",0,"02# White Hot-Fix Design,White,2 pieces (white + light khaki),2 pieces (black + white),Navy blue,2 pieces (black + dark blue),2 pieces（light khaki + dark blue）,03# Light Khaki Rhinestone Style,01# Black Hotfix Rhinestone Style,Khaki,Coffee,White 2-piece set,Black 2-piece set,2 pieces（Black + Coffee）,2 pieces (black + light khaki),Beige,2 pieces（Black + Beige）,Black",18,One-size,1,All Seasons,https://p16-oec-eu-common-no.tiktokcdn-eu.com/tos-no1a-i-t5fjg24jzw-no/46dde4ebcb664e85b81e515403fd9458~tplv-t5fjg24jzw-resize-jpeg:1000:1000.image?,https://shop.tiktok.com/view/product/1729827641689414505?region=GB&locale=en,徐熙雅,4.3
2026/8/23,GB,UK,爆款,1729828506519837521,S260508032143,Shiny Girl VIP,非SKM商家,标码女装,女士下装,短裤,标码女装+女士下装,"(500,1000]",9.48,"(100,+∞)",36.99%,"(0%, 50%]","(30,50]",2026/5/30,85,非JIT商品,260,0,"Coffee brown,Black,White,Dark gray,Yellow",5,"M,S,XS,L",4,Summer,https://p16-oec-eu-common-no.tiktokcdn-eu.com/tos-no1a-i-t5fjg24jzw-no/cd095711a3b441e189ef81fac2dbeb8e~tplv-t5fjg24jzw-resize-jpeg:1000:1000.image?,https://shop.tiktok.com/view/product/1729828506519837521?region=GB&locale=en,张健,4.7
2026/8/23,GB,UK,爆款,1729648377433004181,S250916044396,Sanuuchic,非SKM商家,标码女装,女士套装及西服,长裤套装,标码女装+女士套装及西服,"(10000,+∞)",20.04,"(100,+∞)",163.64%,"(100%, 300%]","(30,50]",2025/9/29,328,非JIT商品,326,0,"Gray,Apricot,Brown,Fawn brown,Khaki,Black",6,"M,L,S,XXL,XL",5,Spring&Fall,https://p16-oec-eu-common-no.tiktokcdn-eu.com/tos-no1a-i-t5fjg24jzw-no/fcd0725227e14edebb9eb7403f4c3921~tplv-t5fjg24jzw-resize-jpeg:1000:1000.image?,https://shop.tiktok.com/view/product/1729648377433004181?region=GB&locale=en,黄依婷,4.7
2026/8/23,GB,UK,爆款,1729869464448703427,S260709038299,Calorie Club,非SKM商家,标码女装,女士套装及西服,长裤套装,标码女装+女士套装及西服,"(100,500]",32.84,"(100,+∞)",-25.69%,负增长,"(10,30]",2026/7/9,45,JIT商品,327,202,"Brown stripes,Cream white with black polka dots,Brown and white polka dots,Dark blue with white polka dots,Blue stripes,Black stripes,Black and white polka dots",7,"XL,L,M,S",4,Spring&Fall,https://p16-oec-va.ibyteimg.com/tos-alisg-i-aphluv4xwc-sg/5ca34d8af7614082903f9ea7646f5ae2~tplv-o3syd03w52-resize-jpeg:1000:1000.image?,https://shop.tiktok.com/view/product/1729869464448703427?region=GB&locale=en,刘雪莹,4.8
2026/8/23,GB,UK,爆款,1729429263761771762,S240924010600,Morrie Moon,非SKM商家,标码女装,女士针织衫,毛衣套头衫,标码女装+女士针织衫,"(10000,+∞)",19.93,"(100,+∞)",37.04%,"(0%, 50%]","(30,50]",2024/10/10,682,非JIT商品,995,0,"Pink,Brown,Orange,Reddish purple,Dark gray,Black,Blue,Black and gray,Coffee brown,Beige,Deep red,Off white,Army green,Multicolor1,Mocha brown",15,"S,XXL,L,XL,M",5,Fall&Winter,https://p16-oec-eu-common-no.tiktokcdn-eu.com/tos-no1a-i-t5fjg24jzw-no/bbe7b44003804794bd8aae89b02f26e7~tplv-t5fjg24jzw-resize-jpeg:1000:1000.image?,https://shop.tiktok.com/view/product/1729429263761771762?region=GB&locale=en,王可心,4.9
2026/8/23,GB,UK,爆款,1729866747645237397,S260705001351,Sanuuchic,非SKM商家,标码女装,女士套装及西服,长裤套装,标码女装+女士套装及西服,"(100,500]",15.75,"(100,+∞)",98.51%,"(50%, 100%]","(30,50]",2026/7/9,45,JIT商品,0,167,"Brown,Coffee brown,Black",3,"S,M,XL,L",4,Spring&Fall,https://p16-oec-va.ibyteimg.com/tos-alisg-i-aphluv4xwc-sg/6dd5e0e893b44bc494e5fdd4de2903d1~tplv-o3syd03w52-resize-jpeg:1000:1000.image?,https://shop.tiktok.com/view/product/1729866747645237397?region=GB&locale=en,黄依婷,4.7
2026/8/23,GB,UK,爆款,1729565364664834959,S250624012254,FianiVibe,非SKM商家,标码女装,女士下装,长裤,标码女装+女士下装,"(10000,+∞)",18.16,"(100,+∞)",-4.35%,负增长,"(10,30]",2025/7/5,414,非JIT商品,"3,721",0,"Pink,Brown,Green,Red,Black,Apricot,Blue,Light wash",8,"L,XS,XL,M,S",5,Summer,https://p16-oec-va.ibyteimg.com/tos-alisg-i-aphluv4xwc-sg/db2b1be85f504b3f891f22b7ecde9f70~tplv-o3syd03w52-resize-jpeg:1000:1000.image?,https://shop.tiktok.com/view/product/1729565364664834959?region=GB&locale=en,黄依婷,4.7
2026/8/23,GB,UK,爆款,1729799619736541970,S260415026361,Youman Clothing,非SKM商家,标码女装,女士套装及西服,长裤套装,标码女装+女士套装及西服,"(2000,5000]",16.47,"(100,+∞)",-16.30%,负增长,"(10,30]",2026/4/15,130,非JIT商品,330,0,"Navy blue,Brown,Wine red,Black,Purple,Gray",6,"L,XL,M,S",4,Summer,https://p16-oec-eu-common-no.tiktokcdn-eu.com/tos-no1a-i-t5fjg24jzw-no/67b78ff5717142d3b7615c8a57340856~tplv-t5fjg24jzw-resize-jpeg:1000:1000.image?,https://shop.tiktok.com/view/product/1729799619736541970?region=GB&locale=en,黄依婷,4.2
2026/8/23,GB,UK,爆款,1729654907581274603,S250926023576,DolceAmara,非SKM商家,标码女装,女士套装及西服,长裤套装,标码女装+女士套装及西服,"(10000,+∞)",21.73,"(100,+∞)",43.84%,"(0%, 50%]","(30,50]",2025/10/7,320,非JIT商品,358,0,"Dark gray,White,Light brown,Brown,Pink",5,"M,XL,L,S,XS",5,Spring&Fall,https://p16-oec-eu-common-no.tiktokcdn-eu.com/tos-no1a-i-t5fjg24jzw-no/dd9eb3cb1e744bfc99bcb26d81efaed6~tplv-t5fjg24jzw-resize-jpeg:1000:1000.image?,https://shop.tiktok.com/view/product/1729654907581274603?region=GB&locale=en,黄依婷,4.8
2026/8/23,GB,UK,爆款,1729434461082717215,S241031008816,Slick Trends,非SKM商家,标码女装,女士下装,紧身裤,标码女装+女士下装,"(5000,10000]",7.01,"(100,+∞)",124.53%,"(100%, 300%]","(30,50]",2024/11/15,646,非JIT商品,523,0,"Burgundy,Baby pink,Black,Navy blue",4,"L,XL,S,M",4,Summer,https://p16-oec-eu-common-no.tiktokcdn-eu.com/tos-no1a-i-t5fjg24jzw-no/e9c3a5315d264135b585803a83ba2622~tplv-t5fjg24jzw-resize-jpeg:1000:1000.image?,https://shop.tiktok.com/view/product/1729434461082717215?region=GB&locale=en,王谍,4.4
2026/8/23,GB,UK,爆款,1729883376719141189,S260729039678,YouAnnn,非SKM商家,标码女装,女士针织衫,毛衣套头衫,标码女装+女士针织衫,"(100,500]",17.61,"(100,+∞)",-67.65%,负增长,"(10,30]",2026/8/2,21,非JIT商品,596,0,"Apricot,Gray,Green,White,Blue,Black,Pink",7,"L,XXL,M,S,XL",5,Spring&Fall,https://p16-oec-va.ibyteimg.com/tos-alisg-i-aphluv4xwc-sg/0c6be27d31854ec98d681bb6a1d8480f~tplv-o3syd03w52-resize-jpeg:1000:1000.image?,https://shop.tiktok.com/view/product/1729883376719141189?region=GB&locale=en,沈亦莎,4.7
2026/8/23,GB,UK,爆款,1729449728563448912,S241128008371,chic angel,非SKM商家,标码女装,女士下装,长裤,标码女装+女士下装,"(10000,+∞)",16.93,"(100,+∞)",64.91%,"(50%, 100%]","(30,50]",2025/1/6,594,非JIT商品,439,0,"Off white,Dark gray,Black,Grey,Pink",5,"M,XL,S,L",4,Spring&Fall,https://p16-oec-eu-common-no.tiktokcdn-eu.com/tos-no1a-i-t5fjg24jzw-no/f20e0a24fbb8407999ef327a1796f21e~tplv-t5fjg24jzw-resize-jpeg:1000:1000.image?,https://shop.tiktok.com/view/product/1729449728563448912?region=GB&locale=en,王谍,4.3
2026/8/23,GB,UK,爆款,1729825880033499246,S260508026117,Soft Frame,非SKM商家,标码女装,女士套装及西服,短裤套装,标码女装+女士套装及西服,"(5000,10000]",20.94,"(100,+∞)",-25.88%,负增长,"(10,30]",2026/5/13,102,非JIT商品,"2,307",0,"Burgundy,Light yellow,Royal blue,Baby pink,Apricot,Brown,Blue and brown stripes,Blue and white stripes,Yellow,Mulberry,Pink 2",11,"S,XS,M,L,XL",5,Spring&Fall,https://p16-oec-va.ibyteimg.com/tos-alisg-i-aphluv4xwc-sg/ff56ce35eb604003a640ee13149b2347~tplv-o3syd03w52-resize-jpeg:1000:1000.image?,https://shop.tiktok.com/view/product/1729825880033499246?region=GB&locale=en,王谍,4.6
2026/8/23,GB,UK,爆款,1729569705841891646,S250705016183,Sleek Nova,非SKM商家,标码女装,女士套装及西服,半裙套装,标码女装+女士套装及西服,"(10000,+∞)",17.17,"(100,+∞)",-47.62%,负增长,"(10,30]",2025/7/10,409,非JIT商品,"2,213",0,"Blue,Chartreuse,Khaki,Red,Black,White,Brown,Hot pink,Miami blue",9,"XL,L,XXL,S,M",5,Spring&Fall,https://p16-oec-eu-common-no.tiktokcdn-eu.com/tos-no1a-i-t5fjg24jzw-no/2b4fe396c5c146839ec2c1d04cfee53b~tplv-t5fjg24jzw-resize-jpeg:1000:1000.image?,https://shop.tiktok.com/view/product/1729569705841891646?region=GB&locale=en,刘雪莹,4.7
2026/8/23,GB,UK,爆款,1729862995649141343,S260629018452,Vanshee Show,非SKM商家,标码女装,女士套装及西服,短裤套装,标码女装+女士套装及西服,"(1000,2000]",12.59,"(100,+∞)",8.45%,"(0%, 50%]","(10,30]",2026/6/29,55,非JIT商品,471,0,"Light wash,Coffee brown,Yellow",3,"M,XL,L,S",4,Summer,https://p16-oec-va.ibyteimg.com/tos-alisg-i-aphluv4xwc-sg/05cdf2ef52894c5a84f77d96a5ca4ef8~tplv-o3syd03w52-resize-jpeg:1000:1000.image?,https://shop.tiktok.com/view/product/1729862995649141343?region=GB&locale=en,游宇航,4.6
2026/8/23,GB,UK,爆款,1729835655938415233,S260525002418,Starry Muse,非SKM商家,标码女装,女士套装及西服,短裤套装,标码女装+女士套装及西服,"(2000,5000]",20.99,"(100,+∞)",-28.24%,负增长,"(10,30]",2026/5/28,87,非JIT商品,327,0,"Pink,Burgundy,Black,Cream,Khaki",5,"L,XL,S,M",4,Summer,https://p16-oec-va.ibyteimg.com/tos-alisg-i-aphluv4xwc-sg/97745bd4d4794dadb8645bebf7793d1b~tplv-o3syd03w52-resize-jpeg:1000:1000.image?,https://shop.tiktok.com/view/product/1729835655938415233?region=GB&locale=en,黄依婷,4.6
2026/8/23,GB,UK,爆款,1729430030249987383,S240928007281,EVANDAL,非SKM商家,标码女装,女士套装及西服,长裤套装,标码女装+女士套装及西服,"(10000,+∞)",23.56,"(100,+∞)",-23.60%,负增长,"(10,30]",2024/10/18,674,非JIT商品,"3,814",0,"Grey,Black,Khaki,Army green,Pink,Deep red,Off white,Royal blue,Brown",9,"XS,XXL,L,S,M,XL",6,Spring&Fall,https://p16-oec-eu-common-no.tiktokcdn-eu.com/tos-no1a-i-t5fjg24jzw-no/0cc421460c544010995775d6f1a20b2c~tplv-t5fjg24jzw-resize-jpeg:1000:1000.image?,https://shop.tiktok.com/view/product/1729430030249987383?region=GB&locale=en,黄依婷,4.6
2026/8/23,GB,UK,爆款,1729434471324617792,S241019003338,CHILL SKILL,非SKM商家,大码女装,女士下装,紧身裤,大码女装+女士下装,"(5000,10000]",7.63,"(100,+∞)",-2.47%,负增长,"(10,30]",2024/11/15,646,非JIT商品,513,0,"Multicolor2,Grey,Multicolor6,Multicolor1,Gray,Multicolor8,Army green,Dark gray,Multicolor3,Burgundy,Multicolor5,Red,Blue,Multicolor4,Navy blue,Black",16,"5XL,3XL,0XL,1XL,4XL,2XL",6,Spring&Fall,https://p16-oec-eu-common-no.tiktokcdn-eu.com/tos-no1a-i-t5fjg24jzw-no/fd95b1cb636f4c2995003644624ec813~tplv-t5fjg24jzw-resize-jpeg:1000:1000.image?,https://shop.tiktok.com/view/product/1729434471324617792?region=GB&locale=en,郑川粤,4.7
2026/8/23,GB,UK,爆款,1729440910999260997,S241203004194,ZANZEA CHOICE,非SKM商家,标码女装,女士套装及西服,长裤套装,标码女装+女士套装及西服,"(10000,+∞)",26.62,"(100,+∞)",-32.47%,负增长,"(10,30]",2024/12/11,620,非JIT商品,"3,495",0,"Multicolor2,Multicolor9,Multicolor8,Khaki,Multicolor6,Yellow,Grey,Multicolor4,Multicolor5,Navy blue,Multicolor3,Multicolor7,Multicolor10,Multicolor1,Pink,Pale green,Black,Blue,Army green,Hot pink",20,"XL,XXL,M,L,S",5,Summer,https://p16-oec-eu-common-no.tiktokcdn-eu.com/tos-no1a-i-t5fjg24jzw-no/7107b7d1d170453bb1865e17d106c652~tplv-t5fjg24jzw-resize-jpeg:1000:1000.image?,https://shop.tiktok.com/view/product/1729440910999260997?region=GB&locale=en,刘雪莹,4
2026/8/23,GB,UK,爆款,1729632765659552055,S250826020714,EVANDAL,非SKM商家,标码女装,女士套装及西服,长裤套装,标码女装+女士套装及西服,"(10000,+∞)",23.62,"(100,+∞)",-5.48%,负增长,"(10,30]",2025/9/11,346,非JIT商品,308,0,"Gray,Coffee brown,Black,Apricot",4,"XL,L,S,M,XXL",5,Spring&Fall,https://p16-oec-eu-common-no.tiktokcdn-eu.com/tos-no1a-i-t5fjg24jzw-no/2d56fed76bfe4f95b33bfc17e486e863~tplv-t5fjg24jzw-resize-jpeg:1000:1000.image?,https://shop.tiktok.com/view/product/1729632765659552055?region=GB&locale=en,黄依婷,4.6
2026/8/23,GB,UK,爆款,1729740643341146430,S251224078779,Sleek Nova,非SKM商家,标码女装,女士套装及西服,长裤套装,标码女装+女士套装及西服,"(500,1000]",13.29,"(100,+∞)",51.79%,"(50%, 100%]","(10,30]",2026/1/12,223,非JIT商品,324,0,"Black,Coffee brown,Apricot,Red,Khaki gray",5,"L,M,XL,XXL,S",5,Summer,https://p16-oec-eu-common-no.tiktokcdn-eu.com/tos-no1a-i-t5fjg24jzw-no/738e76c9351949479ec3a1a4fd49affc~tplv-t5fjg24jzw-resize-jpeg:1000:1000.image?,https://shop.tiktok.com/view/product/1729740643341146430?region=GB&locale=en,刘雪莹,4.7
2026/8/23,GB,UK,爆款,1729508782622612419,S250508013693,Calorie Club,非SKM商家,标码女装,女士套装及西服,长裤套装,标码女装+女士套装及西服,"(10000,+∞)",35.63,"(100,+∞)",0.00%,持平,"(10,30]",2025/5/16,464,JIT商品,"8,176",0,"Pink,Clear Sky Blue,Green,Coffee brown,Yellow,Purple,Dark gray,Begonia Pink,Sakura Pink,Grey,Mint green,Smoked Purple,Deep red,Black,Apricot,Cherry Red,Cream Yellow,Lime Green",18,"XL,M,L,S",4,All Seasons,https://p16-oec-va.ibyteimg.com/tos-alisg-i-aphluv4xwc-sg/a5f46d2a75d24d46a1ddd22d28d7e086~tplv-o3syd03w52-resize-jpeg:1000:1000.image?,https://shop.tiktok.com/view/product/1729508782622612419?region=GB&locale=en,刘雪莹,4.8
2026/8/23,GB,UK,爆款,1729648235082062315,S250929009728,DolceAmara,非SKM商家,标码女装,女士套装及西服,长裤套装,标码女装+女士套装及西服,"(5000,10000]",19.46,"(100,+∞)",174.29%,"(100%, 300%]","(10,30]",2025/10/7,320,非JIT商品,293,0,"Pink,Black and white,Baby pink,Navy blue,Khaki",5,"S,L,M,XL",4,Fall&Winter,https://p16-oec-va.ibyteimg.com/tos-alisg-i-aphluv4xwc-sg/e435f7787f2b4d8199d08b638dc9bc03~tplv-o3syd03w52-resize-jpeg:1000:1000.image?,https://shop.tiktok.com/view/product/1729648235082062315?region=GB&locale=en,黄依婷,4.8
2026/8/23,GB,UK,爆款,1729652989064616265,S251004020291,XL Sweat,非SKM商家,大码女装,女士针织衫,毛衣开衫,大码女装+女士针织衫,"(1000,2000]",22.68,"(100,+∞)",-2.82%,负增长,"(10,30]",2025/10/13,314,非JIT商品,463,0,"Hot pink,Khaki,Black,Blue,Pink,Cream,Coffee brown",7,"4XL,2XL,3XL,5XL,1XL",5,Fall&Winter,https://p16-oec-eu-common-no.tiktokcdn-eu.com/tos-no1a-i-t5fjg24jzw-no/71e8ea6a0b7c49dab22721d9507344be~tplv-t5fjg24jzw-resize-jpeg:1000:1000.image?,https://shop.tiktok.com/view/product/1729652989064616265?region=GB&locale=en,张宇,4.7
2026/8/23,GB,UK,爆款,1729490128414677841,S250412010028,Shiny Girl VIP,非SKM商家,标码女装,女士下装,裤裙,标码女装+女士下装,"(2000,5000]",17.46,"(100,+∞)",-22.06%,负增长,"(10,30]",2025/4/20,490,非JIT商品,318,0,"Apricot,Khaki,Pink,Light blue,Black,Off white,Red",7,"S,XL,XS,L,M",5,All Seasons,https://p16-oec-eu-common-no.tiktokcdn-eu.com/tos-no1a-i-t5fjg24jzw-no/94350e3419594ceb95423af3cc5a2a09~tplv-t5fjg24jzw-resize-jpeg:1000:1000.image?,https://shop.tiktok.com/view/product/1729490128414677841?region=GB&locale=en,张健,4.7
2026/8/23,GB,UK,爆款,1729808623977929567,S260424029237,SaltWhite,非SKM商家,标码女装,女士下装,长裤,标码女装+女士下装,"(1000,2000]",14.58,"(100,+∞)",22.03%,"(0%, 50%]","(10,30]",2026/4/26,119,非JIT商品,312,0,"Apricot,Light green,White,Black,Pink",5,"L,XL,M,XXL,S",5,Spring&Fall,https://p16-oec-eu-common-no.tiktokcdn-eu.com/tos-no1a-i-t5fjg24jzw-no/44b2bdca8b6d401d9fac73e3b0995efd~tplv-t5fjg24jzw-resize-jpeg:1000:1000.image?,https://shop.tiktok.com/view/product/1729808623977929567?region=GB&locale=en,王谍,4.9
2026/8/23,GB,UK,爆款,1729575688891112273,S250526013318,Shiny Girl VIP,非SKM商家,标码女装,女士下装,长裤,标码女装+女士下装,"(5000,10000]",10.34,"(100,+∞)",-2.99%,负增长,"(10,30]",2025/7/15,404,非JIT商品,"1,544",0,"Brown,Blue,Coffee brown,Black,Burgundy",5,"M,S,L,XL,XS",5,Spring&Fall,https://p16-oec-va.ibyteimg.com/tos-alisg-i-aphluv4xwc-sg/d9e069f2e9ed4b2f8ee38a9bad1b8b6b~tplv-o3syd03w52-resize-jpeg:1000:1000.image?,https://shop.tiktok.com/view/product/1729575688891112273?region=GB&locale=en,张健,4.7
2026/8/23,GB,UK,爆款,1729508188936837628,S250506015985,Hi anan,非SKM商家,标码女装,女士针织衫,开衫,标码女装+女士针织衫,"(2000,5000]",15.81,"(100,+∞)",120.00%,"(100%, 300%]","(30,50]",2025/5/15,465,非JIT商品,195,0,"Khaki,Dark gray,Coffee brown,Multicolor,White,Light wash",6,"L,M,S,XL",4,Spring&Fall,https://p16-oec-va.ibyteimg.com/tos-alisg-i-aphluv4xwc-sg/920dbc047d444a04a1c20e37e3d43d72~tplv-o3syd03w52-resize-jpeg:1000:1000.image?,https://shop.tiktok.com/view/product/1729508188936837628?region=GB&locale=en,沈亦莎,4.9
2026/8/23,GB,UK,爆款,1729426419377540360,S240828007847,CozyMetic,非SKM商家,标码女装,女士下装,紧身裤,标码女装+女士下装,"(5000,10000]",11.26,"(100,+∞)",73.47%,"(50%, 100%]","(10,30]",2024/9/3,719,非JIT商品,350,0,"Green,Navy blue,Olive brown,Burgundy,Dark gray,Pink,Army green,Pale blue,Black,Deep red",10,"XXL,S,XL,M,L",5,All Seasons,https://p16-oec-eu-common-no.tiktokcdn-eu.com/tos-no1a-i-t5fjg24jzw-no/b3e4710879ef429da89fa2b13d92026e~tplv-t5fjg24jzw-resize-jpeg:1000:1000.image?,https://shop.tiktok.com/view/product/1729426419377540360?region=GB&locale=en,王谍,4.6
2026/8/23,GB,UK,爆款,1729400927529700572,S230808002758,ZOHRA,非SKM商家,大码女装,女士下装,紧身裤,大码女装+女士下装,"(10000,+∞)",7.85,"(100,+∞)",45.28%,"(0%, 50%]","(10,30]",2023/8/29,"1,090",非JIT商品,515,0,"Multicolor6,Set1,Signal black,Set3,Jet black,Signal Black*1 pc+Dark Gray*1 pc+Purple*1 pc,Purple,Navy blue,Light green,Multicolor5,Burgundy,Blue,Multicolor7,Dark gray,Light blue,Army green,Multicolor3,Blue & Gray & Dark Blue,Black*1 pc+Gray*1 pc+Blue*1 pc,Signal Black*5 pcs,Multicolor9,Mulberry,Multicolor4,Multicolor8,Blue and black",25,"5XL,2XL,3XL,1XL,0XL,4XL",6,All Seasons,https://p16-oec-eu-common-no.tiktokcdn-eu.com/tos-no1a-i-t5fjg24jzw-no/19089d879ad948aa82f2490ce8684fc1~tplv-t5fjg24jzw-resize-jpeg:1000:1000.image?,https://shop.tiktok.com/view/product/1729400927529700572?region=GB&locale=en,郑川粤,4.5
2026/8/23,GB,UK,爆款,1729855360498571479,S260617018955,YUNJINJ,非SKM商家,大码女装,女士连衣裙,休闲连衣裙,大码女装+女士连衣裙,"(1000,2000]",14.21,"(100,+∞)",-32.86%,负增长,"(0,10]",2026/6/17,67,非JIT商品,713,0,"Lime green,Salmon orange,Baby pink,Light blue,Leopard print,Deep pink,Black",7,"5XL,2XL,1XL,4XL,3XL,0XL",6,Spring&Fall,https://p16-oec-va.ibyteimg.com/tos-alisg-i-aphluv4xwc-sg/028b1eb7c15c429aa0c09d6ec37cabf3~tplv-o3syd03w52-resize-jpeg:1000:1000.image?,https://shop.tiktok.com/view/product/1729855360498571479?region=GB&locale=en,张宇,4.8
2026/8/23,GB,UK,爆款,1729583237522561206,S250630002371,AloiiaOnline,非SKM商家,标码女装,女士下装,长裤,标码女装+女士下装,"(10000,+∞)",21.26,"(100,+∞)",-1.56%,负增长,"(10,30]",2025/7/23,396,非JIT商品,"1,438",0,"Blue,Hot pink,Brown,Red",4,"M,XXL,XL,XS,S,L",6,Spring&Fall,https://p16-oec-eu-common-no.tiktokcdn-eu.com/tos-no1a-i-t5fjg24jzw-no/6fb4c874e1914176ab5199b025bc0b84~tplv-t5fjg24jzw-resize-jpeg:1000:1000.image?,https://shop.tiktok.com/view/product/1729583237522561206?region=GB&locale=en,张健,4.7
2026/8/23,GB,UK,爆款,1729863687851251861,S260630009947,Sanuuchic,非SKM商家,标码女装,女士套装及西服,长裤套装,标码女装+女士套装及西服,"(100,500]",25.13,"(100,+∞)",-25.00%,负增长,"(10,30]",2026/7/6,48,非JIT商品,247,0,"Brown and white,Dark brown and white,Black and white",3,"XL,L,S,M",4,Spring&Fall,https://p16-oec-va.ibyteimg.com/tos-alisg-i-aphluv4xwc-sg/a29d5abc36f54d1da8b2df5b8f426667~tplv-o3syd03w52-resize-jpeg:1000:1000.image?,https://shop.tiktok.com/view/product/1729863687851251861?region=GB&locale=en,黄依婷,4.7
2026/8/23,GB,UK,爆款,1729811106831112253,S260427018449,Modish Moo,非SKM商家,大码女装,牛仔,牛仔连衣裙,大码女装+牛仔,"(1000,2000]",21.46,"(100,+∞)",18.37%,"(0%, 50%]","(10,30]",2026/5/10,105,非JIT商品,373,0,Royal blue,1,"2XL,3XL,4XL,1XL,0XL",5,Spring&Fall,https://p16-oec-eu-common-no.tiktokcdn-eu.com/tos-no1a-i-t5fjg24jzw-no/604eeace65e94a9c8b5ee72eef65c6e4~tplv-t5fjg24jzw-resize-jpeg:1000:1000.image?,https://shop.tiktok.com/view/product/1729811106831112253?region=GB&locale=en,郑川粤,4.5
2026/8/23,GB,UK,爆款,1729450721965480033,S250303012122,LWWI,非SKM商家,标码女装,女士针织衫,开衫,标码女装+女士针织衫,"(10000,+∞)",14.97,"(100,+∞)",33.33%,"(0%, 50%]","(10,30]",2025/3/23,518,非JIT商品,737,0,"Bright orange,Apricot,Medium wash,Grey,Yellow,Green,Off white,Pink",8,"S,XS,M,XXL,XL,L",6,Summer,https://p16-oec-va.ibyteimg.com/tos-alisg-i-aphluv4xwc-sg/2fb3b0f0d59b4f0e885d12a660f8f477~tplv-o3syd03w52-resize-jpeg:1000:1000.image?,https://shop.tiktok.com/view/product/1729450721965480033?region=GB&locale=en,沈亦莎,4.5
2026/8/23,GB,UK,爆款,1729826227952261794,S260507025810,Haute Codes,非SKM商家,标码女装,女士下装,长裤,标码女装+女士下装,"(1000,2000]",13.16,"(100,+∞)",-47.14%,负增长,"(10,30]",2026/5/19,96,非JIT商品,466,0,"Brown,Black,Apricot,Dark wash,Green",5,"M,S,L,XL",4,All Seasons,https://p16-oec-va.ibyteimg.com/tos-alisg-i-aphluv4xwc-sg/672b91799a914ad295e0a01b3a406746~tplv-o3syd03w52-resize-jpeg:1000:1000.image?,https://shop.tiktok.com/view/product/1729826227952261794?region=GB&locale=en,黄依婷,4.7
2026/8/23,GB,UK,爆款,1729759592847087693,S260128044038,YarnPop,非SKM商家,标码女装,女士针织衫,毛衣套头衫,标码女装+女士针织衫,"(5000,10000]",15.27,"(100,+∞)",38.30%,"(0%, 50%]","(10,30]",2026/1/30,205,非JIT商品,862,0,"Brown,Light green,Black,Coral pink,Sky blue,Khaki,Baby pink,Bright yellow,Apricot,Cream,White,Green",12,"XL,M,S,L",4,Spring&Fall,https://p16-oec-eu-common-no.tiktokcdn-eu.com/tos-no1a-i-t5fjg24jzw-no/1d6c49c3b5644ea4b296d23fd0d287f5~tplv-t5fjg24jzw-resize-jpeg:1000:1000.image?,https://shop.tiktok.com/view/product/1729759592847087693?region=GB&locale=en,王可心,4.5
2026/8/23,GB,UK,爆款,1729759616128358487,S260128034607,Novelife,非SKM商家,标码女装,女士套装及西服,短裤套装,标码女装+女士套装及西服,"(2000,5000]",18.74,"(100,+∞)",-10.00%,负增长,"(10,30]",2026/3/5,171,非JIT商品,790,0,"Burgundy,Light wash,Clay brown,Brown and white,Blue,Black",6,"L,XL,XS,M,S",5,Summer,https://p16-oec-va.ibyteimg.com/tos-alisg-i-aphluv4xwc-sg/33e18d83bcaa4ff182600761be8b2938~tplv-o3syd03w52-resize-jpeg:1000:1000.image?,https://shop.tiktok.com/view/product/1729759616128358487?region=GB&locale=en,黄依婷,4.5
2026/8/23,GB,UK,爆款,1729784663501085486,S260323026405,Einsamw,非SKM商家,标码女装,女士套装及西服,半裙套装,标码女装+女士套装及西服,"(1000,2000]",20.21,"(100,+∞)",-30.65%,负增长,"(10,30]",2026/3/27,149,非JIT商品,784,0,"Black,Reed green,Black and white,Red",4,"M,XL,S,XXL,L",5,Spring&Fall,https://p16-oec-eu-common-no.tiktokcdn-eu.com/tos-no1a-i-t5fjg24jzw-no/624c11fd70c24643b81d7935c487b928~tplv-t5fjg24jzw-resize-jpeg:1000:1000.image?,https://shop.tiktok.com/view/product/1729784663501085486?region=GB&locale=en,黄依婷,4.8
2026/8/23,GB,UK,爆款,1729616704727783645,S250815017748,Cyan grass seedling,非SKM商家,标码女装,女士下装,半身裙,标码女装+女士下装,"(2000,5000]",13.41,"(100,+∞)",94.12%,"(50%, 100%]","(10,30]",2025/8/23,365,非JIT商品,971,0,"Turquoise,Black,Mulberry,Fawn brown,White",5,"L,XL,S,M",4,Spring&Fall,https://p16-oec-eu-common-no.tiktokcdn-eu.com/tos-no1a-i-t5fjg24jzw-no/cb080f6c23a544c6bd9a5f0792747570~tplv-t5fjg24jzw-resize-jpeg:1000:1000.image?,https://shop.tiktok.com/view/product/1729616704727783645?region=GB&locale=en,王谍,4.5
2026/8/23,GB,UK,爆款,1729786017223318037,S260325075712,Chic Materialist,非SKM商家,标码女装,女士下装,长裤,标码女装+女士下装,"(2000,5000]",20.91,"(100,+∞)",7.41%,"(0%, 50%]","(10,30]",2026/3/25,151,非JIT商品,"1,910",0,"Black,Mauve purple,Pastel blue,Rust red,Khaki gray,Dusty blue",6,"M,XL,S,L",4,Spring&Fall,https://p16-oec-eu-common-no.tiktokcdn-eu.com/tos-no1a-i-t5fjg24jzw-no/1390a29b552b4b789ce063de5371bae4~tplv-t5fjg24jzw-resize-jpeg:1000:1000.image?,https://shop.tiktok.com/view/product/1729786017223318037?region=GB&locale=en,张健,4.4
2026/8/23,GB,UK,爆款,1729793508629125311,S260407049171,Evilyn chic,非SKM商家,标码女装,女士套装及西服,短裤套装,标码女装+女士套装及西服,"(5000,10000]",15.21,"(100,+∞)",13.33%,"(0%, 50%]","(10,30]",2026/4/15,130,非JIT商品,"2,393",0,"Green,Red,Blue,Black and white,Khaki",5,"L,XL,S,XXL,M",5,Summer,https://p16-oec-eu-common-no.tiktokcdn-eu.com/tos-no1a-i-t5fjg24jzw-no/6c5d539c63ba4115b5ecf7ab14c802a0~tplv-t5fjg24jzw-resize-jpeg:1000:1000.image?,https://shop.tiktok.com/view/product/1729793508629125311?region=GB&locale=en,黄依婷,4.6
2026/8/23,GB,UK,爆款,1729749114871585632,S260111074861,HeartShine,非SKM商家,标码女装,女士特殊服饰,女士制服,标码女装+女士特殊服饰,"(2000,5000]",16.69,"(100,+∞)",48.84%,"(0%, 50%]","(10,30]",2026/1/11,224,非JIT商品,910,0,"Cyan,Black,Pale green,Burgundy,Navy blue,Mauve purple,Pink",7,"L,XL,XXL,S,M",5,All Seasons,https://p16-oec-va.ibyteimg.com/tos-alisg-i-aphluv4xwc-sg/6746b3ad296547c49138b07c691aa69b~tplv-o3syd03w52-resize-jpeg:1000:1000.image?,https://shop.tiktok.com/view/product/1729749114871585632?region=GB&locale=en,徐熙雅,4.2
2026/8/23,GB,UK,爆款,1729610643970365769,S250808014899,XL Sweat,非SKM商家,大码女装,女士针织衫,毛衣套头衫,大码女装+女士针织衫,"(1000,2000]",25.03,"(100,+∞)",48.84%,"(0%, 50%]","(10,30]",2025/8/17,371,非JIT商品,687,0,"Army green,Khaki,Blue,Black,Hot pink,Gray,Coffee brown,Lemon yellow",8,"2XL,1XL,5XL,4XL,3XL",5,Fall&Winter,https://p16-oec-eu-common-no.tiktokcdn-eu.com/tos-no1a-i-t5fjg24jzw-no/f7da68a4c38d4687b76840f3a5fb667b~tplv-t5fjg24jzw-resize-jpeg:1000:1000.image?,https://shop.tiktok.com/view/product/1729610643970365769?region=GB&locale=en,张宇,4.7
2026/8/23,GB,UK,爆款,1729751267763198263,S260114045541,EVANDAL,非SKM商家,标码女装,女士套装及西服,长裤套装,标码女装+女士套装及西服,"(2000,5000]",24.46,"(100,+∞)",22.22%,"(0%, 50%]","(10,30]",2026/1/31,204,非JIT商品,432,0,"Navy blue,Dark brown,Black,Apricot,Khaki",5,"XL,S,L,M",4,Summer,https://p16-oec-eu-common-no.tiktokcdn-eu.com/tos-no1a-i-t5fjg24jzw-no/dba640d522d94b718aa8c795b92a1b3a~tplv-t5fjg24jzw-resize-jpeg:1000:1000.image?,https://shop.tiktok.com/view/product/1729751267763198263?region=GB&locale=en,黄依婷,4.6
2026/8/23,GB,UK,爆款,1729758955534522973,S260127035644,Chic NBold,非SKM商家,标码女装,女士下装,短裤,标码女装+女士下装,"(1000,2000]",15.52,"(100,+∞)",10.87%,"(0%, 50%]","(10,30]",2026/4/11,134,非JIT商品,271,0,Black,1,"XL,S,M,L",4,Summer,https://p16-oec-va.ibyteimg.com/tos-alisg-i-aphluv4xwc-sg/604566a8489c47d7b5be32a4d924193d~tplv-o3syd03w52-resize-jpeg:1000:1000.image?,https://shop.tiktok.com/view/product/1729758955534522973?region=GB&locale=en,王谍,4.7
2026/8/23,GB,UK,爆款,1729589226073529085,S250723014320,Unique Finds Blouses,非SKM商家,标码女装,女士套装及西服,长裤套装,标码女装+女士套装及西服,"(2000,5000]",15.27,"(100,+∞)",-48.65%,负增长,"(10,30]",2025/7/28,391,非JIT商品,418,1,"Red,Green,Royal blue,Apricot,Copper brown,Black,Multicolor,Pink",8,"XL,L,M,S",4,Spring&Fall,https://p16-oec-eu-common-no.tiktokcdn-eu.com/tos-no1a-i-t5fjg24jzw-no/5b82e1c3197a4679bd5de9044466e16e~tplv-t5fjg24jzw-resize-jpeg:1000:1000.image?,https://shop.tiktok.com/view/product/1729589226073529085?region=GB&locale=en,游宇航,4.5
2026/8/23,GB,UK,爆款,1729469794749615660,S250216006757,Lefter Shorts,非SKM商家,标码女装,女士下装,短裤,标码女装+女士下装,"(5000,10000]",8.31,"(100,+∞)",74.29%,"(50%, 100%]","(0,10]",2025/3/14,527,非JIT商品,"3,137",0,"Burgundy,Off white,Dark blue,Deep red,Lime green,Dark green,Black,Pink",8,"XXL,XS,L,S,M,XL",6,Summer,https://p16-oec-eu-common-no.tiktokcdn-eu.com/tos-no1a-i-t5fjg24jzw-no/a322f6e050294af8b18e9937f355c067~tplv-t5fjg24jzw-resize-jpeg:1000:1000.image?,https://shop.tiktok.com/view/product/1729469794749615660?region=GB&locale=en,王谍,4.8
2026/8/23,GB,UK,爆款,1729870101503580453,S260710026081,nice clothes,非SKM商家,标码女装,女士下装,长裤,标码女装+女士下装,"(100,500]",10.47,"(100,+∞)",21.74%,"(0%, 50%]","(10,30]",2026/7/19,35,非JIT商品,268,0,"Beige,Green stripes,red stripes,Blue,Pink,Blue stripes",6,"L,M,S,XL",4,Spring&Fall,https://p16-oec-va.ibyteimg.com/tos-alisg-i-aphluv4xwc-sg/5b72faa647d3484a9edfdb7cb33fbfbe~tplv-o3syd03w52-resize-jpeg:1000:1000.image?,https://shop.tiktok.com/view/product/1729870101503580453?region=GB&locale=en,刘雪莹,4.5
2026/8/23,GB,UK,爆款,1729846075418122583,S260608024692,FOXCLAW Curve,非SKM商家,大码女装,女士上装,女士衬衫,大码女装+女士上装,"(100,500]",9.92,"(100,+∞)",50.00%,"(0%, 50%]","(10,30]",2026/6/20,64,非JIT商品,358,0,"Light wash,Pink,Black,White,Mint green,Orange",6,"0XL,2XL,5XL,3XL,4XL,1XL",6,Spring&Fall,https://p16-oec-va.ibyteimg.com/tos-alisg-i-aphluv4xwc-sg/3b9a73291ee74886ba5a739ffa82626f~tplv-o3syd03w52-resize-jpeg:1000:1000.image?,https://shop.tiktok.com/view/product/1729846075418122583?region=GB&locale=en,郑川粤,4.2
2026/8/23,GB,UK,爆款,1729805217873501178,S260421023266,Lira Maison,非SKM商家,标码女装,女士套装及西服,长裤套装,标码女装+女士套装及西服,"(1000,2000]",17.94,"(100,+∞)",69.23%,"(50%, 100%]","(10,30]",2026/5/3,112,非JIT商品,"1,928",0,"Dark gray,Green,Navy blue,Brown,Burgundy,Black",6,"L,XL,XS,M,S",5,Spring&Fall,https://p16-oec-va.ibyteimg.com/tos-alisg-i-aphluv4xwc-sg/cbd50a309971488d896cb55a515f737a~tplv-o3syd03w52-resize-jpeg:1000:1000.image?,https://shop.tiktok.com/view/product/1729805217873501178?region=GB&locale=en,黄依婷,4.5
2026/8/23,GB,UK,爆款,1729423184416771831,S240715000426,FlaireX,非SKM商家,标码女装,女士套装及西服,长裤套装,标码女装+女士套装及西服,"(10000,+∞)",19.15,"(100,+∞)",-16.67%,负增长,"(10,30]",2024/8/2,751,非JIT商品,"2,752",0,"Salmon pink,Blue,Yellow,Chartreuse,Multicolor4,Brown,Grey,Multicolor3,Apricot,Mauve purple,Baby pink,Multicolor5,Black,Hot pink,Multicolor1,Deep pink,Multicolor2,Green",18,"L,M,XL,S,XXL",5,Spring&Fall,https://p16-oec-eu-common-no.tiktokcdn-eu.com/tos-no1a-i-t5fjg24jzw-no/68c3b8b1f1064376a278efd13e98fd54~tplv-t5fjg24jzw-resize-jpeg:1000:1000.image?,https://shop.tiktok.com/view/product/1729423184416771831?region=GB&locale=en,刘雪莹,4.4
2026/8/23,GB,UK,爆款,1729878629880338958,S260722014955,YunShine,非SKM商家,标码女装,女士针织衫,毛衣套头衫,标码女装+女士针织衫,"(100,500]",17.75,"(100,+∞)",-29.82%,负增长,"(0,10]",2026/7/23,31,非JIT商品,382,0,"Black,Navy blue,Coffee brown",3,"XL,S,M,L",4,Fall&Winter,https://p16-oec-va.ibyteimg.com/tos-alisg-i-aphluv4xwc-sg/64b340542cbb43838aebdebca56f6cbf~tplv-o3syd03w52-resize-jpeg:1000:1000.image?,https://shop.tiktok.com/view/product/1729878629880338958?region=GB&locale=en,王可心,4.5
2026/8/23,GB,UK,爆款,1729865279826860441,S260702027190,Bargain Chic,非SKM商家,大码女装,女士上装,女士休闲夹克和外套,大码女装+女士上装,"(100,500]",14.6,"(100,+∞)",48.89%,"(0%, 50%]","(10,30]",2026/7/2,52,JIT商品,19,"4,851","Red,Black,Navy blue,Silver,Dark gray",5,"3XL,2XL,1XL,5XL,4XL",5,Fall&Winter,https://p16-oec-va.ibyteimg.com/tos-alisg-i-aphluv4xwc-sg/7600f73c916f457aa0f54932c3032d6b~tplv-o3syd03w52-resize-jpeg:1000:1000.image?,https://shop.tiktok.com/view/product/1729865279826860441?region=GB&locale=en,郑川粤,4.5
2026/8/23,GB,UK,爆款,1729759518546762219,S260128034185,DolceAmara,非SKM商家,标码女装,女士套装及西服,长裤套装,标码女装+女士套装及西服,"(2000,5000]",20.33,"(100,+∞)",32.56%,"(0%, 50%]","(10,30]",2026/2/9,195,非JIT商品,382,0,"Khaki,Black and gray,Black,Black and white",4,"S,XL,M,L",4,Spring&Fall,https://p16-oec-eu-common-no.tiktokcdn-eu.com/tos-no1a-i-t5fjg24jzw-no/13230a201b81462db20d7f8db67944f3~tplv-t5fjg24jzw-resize-jpeg:1000:1000.image?,https://shop.tiktok.com/view/product/1729759518546762219?region=GB&locale=en,黄依婷,4.8
2026/8/23,GB,UK,爆款,1729883288880650350,S260729020496,Soft Frame,非SKM商家,标码女装,女士套装及西服,长裤套装,标码女装+女士套装及西服,"(100,500]",20.85,"(100,+∞)",57.14%,"(50%, 100%]","(10,30]",2026/8/1,22,非JIT商品,151,0,"Burgundy,Coffee brown,Pink,Yellow",4,"M,S,XL,L,XS",5,Spring&Fall,https://p16-oec-va.ibyteimg.com/tos-alisg-i-aphluv4xwc-sg/43a526378a744180bae671a8a9fcbeb7~tplv-o3syd03w52-resize-jpeg:1000:1000.image?,https://shop.tiktok.com/view/product/1729883288880650350?region=GB&locale=en,王谍,4.6
2026/8/23,GB,UK,爆款,1729782233781541060,S260318058158,FACIO Direct,非SKM商家,标码女装,女士针织衫,毛衣连衣裙,标码女装+女士针织衫,"(5000,10000]",18.44,"(100,+∞)",-8.70%,负增长,"(10,30]",2026/3/20,156,非JIT商品,356,0,"Deep pink,Pink,Yellow,Mauve purple,Mint green,Lilac,Hot pink,Green,Orange",9,"L,M,S,XXS,XL,XS",6,Summer,https://p16-oec-va.ibyteimg.com/tos-alisg-i-aphluv4xwc-sg/3fefa2f578064576a84267ba48f90690~tplv-o3syd03w52-resize-jpeg:1000:1000.image?,https://shop.tiktok.com/view/product/1729782233781541060?region=GB&locale=en,沈亦莎,4.8
2026/8/23,GB,UK,爆款,1729490458727913475,S250409007873,Eyvonne,非SKM商家,标码女装,女士套装及西服,长裤套装,标码女装+女士套装及西服,"(10000,+∞)",17.58,"(100,+∞)",28.21%,"(0%, 50%]","(10,30]",2025/4/20,490,非JIT商品,"1,147",0,"Strong white,Dark green,Burgundy,Navy blue,Dark brown,Cream,Grey,Black",8,"XXL,L,XL,M,S",5,Summer,https://p16-oec-eu-common-no.tiktokcdn-eu.com/tos-no1a-i-t5fjg24jzw-no/1143f279da79482c917db5b63ab91c93~tplv-t5fjg24jzw-resize-jpeg:1000:1000.image?,https://shop.tiktok.com/view/product/1729490458727913475?region=GB&locale=en,刘雪莹,4.7
2026/8/23,GB,UK,爆款,1729682427183667543,S251103029462,FOXCLAW Curve,非SKM商家,大码女装,女士上装,女士衬衫,大码女装+女士上装,"(5000,10000]",15.04,"(100,+∞)",10.64%,"(0%, 50%]","(10,30]",2025/11/16,280,非JIT商品,"3,838",0,"Light blue,Pink,Orange,Khaki,Camel,Burgundy,White,Gray,Hot pink,Black,Dark wash,Olive green",12,"1XL,2XL,5XL,4XL,3XL",5,Summer,https://p16-oec-va.ibyteimg.com/tos-alisg-i-aphluv4xwc-sg/f6067a441fff449e9d45b7dca50b3f26~tplv-o3syd03w52-resize-jpeg:1000:1000.image?,https://shop.tiktok.com/view/product/1729682427183667543?region=GB&locale=en,郑川粤,4.2
2026/8/23,GB,UK,爆款,1729423493396991839,S240724005872,SaltWhite,非SKM商家,标码女装,女士下装,短裤,标码女装+女士下装,"(10000,+∞)",10.45,"(100,+∞)",44.44%,"(0%, 50%]","(10,30]",2024/8/5,748,非JIT商品,"1,538",0,"Multicolor,Multicolor2,Multicolor6,Multicolor3,Multicolor7,Multicolor8,Multicolor1,Multicolor5,Black,Rust red,Multicolor4",11,"S,XL,L,XXL,M",5,Summer,https://p16-oec-eu-common-no.tiktokcdn-eu.com/tos-no1a-i-t5fjg24jzw-no/7146496d5f984ab8b3d8f4d721f2fd37~tplv-t5fjg24jzw-resize-jpeg:1000:1000.image?,https://shop.tiktok.com/view/product/1729423493396991839?region=GB&locale=en,王谍,4.9
2026/8/23,GB,UK,爆款,1729646011382470971,S250918014275,Hotgrils clothes,非SKM商家,标码女装,女士下装,女士卫裤,标码女装+女士下装,"(2000,5000]",16.21,"(100,+∞)",62.16%,"(50%, 100%]","(10,30]",2025/9/26,331,非JIT商品,966,0,"Black,Royal blue,Gray",3,"M,L,S",3,Spring&Fall,https://p16-oec-eu-common-no.tiktokcdn-eu.com/tos-no1a-i-t5fjg24jzw-no/7e71a690d61d4fd8bda0af54fd55533a~tplv-t5fjg24jzw-resize-jpeg:1000:1000.image?,https://shop.tiktok.com/view/product/1729646011382470971?region=GB&locale=en,张健,4.5
2026/8/23,GB,UK,爆款,1729788013078943811,S260329023012,Chic Unique Designs,非SKM商家,标码女装,女士下装,短裤,标码女装+女士下装,"(2000,5000]",12.73,"(100,+∞)",-4.35%,负增长,"(10,30]",2026/4/3,142,非JIT商品,571,0,"Multi-color,Multicolor2,Coffee brown,Multicolor1",4,"XXL,M,S,L,XL",5,Summer,https://p16-oec-eu-common-no.tiktokcdn-eu.com/tos-no1a-i-t5fjg24jzw-no/542b5ef130b5441ca000d3d60db436e2~tplv-t5fjg24jzw-resize-jpeg:1000:1000.image?,https://shop.tiktok.com/view/product/1729788013078943811?region=GB&locale=en,张健,4.9
2026/8/23,GB,UK,爆款,1729730946947324067,S251217171519,Yz Sweaters,非SKM商家,标码女装,女士针织衫,毛织短裤套装,标码女装+女士针织衫,"(5000,10000]",15.27,"(100,+∞)",12.50%,"(0%, 50%]","(10,30]",2025/12/29,237,非JIT商品,"1,846",0,"Pink,White,Beige,Yellow,Black",5,"L,XL,S,M",4,Summer,https://p16-oec-va.ibyteimg.com/tos-alisg-i-aphluv4xwc-sg/a66fedb5d9f241b796c54a49032280c3~tplv-o3syd03w52-resize-jpeg:1000:1000.image?,https://shop.tiktok.com/view/product/1729730946947324067?region=GB&locale=en,沈亦莎,4.9
2026/8/23,GB,UK,爆款,1729725725503429193,S251211138907,Posh Couture,非SKM商家,标码女装,女士下装,半身裙,标码女装+女士下装,"(1000,2000]",14.74,"(100,+∞)",32.35%,"(0%, 50%]","(10,30]",2025/12/21,245,非JIT商品,506,0,"Green,Apricot butterfly,Black,Blue Butterfly,Purple Butterfly,Pink Butterfly",6,"S,XL,XS,M,L",5,Spring&Fall,https://p16-oec-eu-common-no.tiktokcdn-eu.com/tos-no1a-i-t5fjg24jzw-no/59fbd26c611c4ff5a1933702c283f880~tplv-t5fjg24jzw-resize-jpeg:1000:1000.image?,https://shop.tiktok.com/view/product/1729725725503429193?region=GB&locale=en,王瑶,4.7
2026/8/23,GB,UK,爆款,1729755319114308446,S260121016403,Mayins,非SKM商家,标码女装,女士套装及西服,短裤套装,标码女装+女士套装及西服,"(10000,+∞)",16.6,"(100,+∞)",-11.36%,负增长,"(0,10]",2026/1/27,208,非JIT商品,"2,717",0,"Gray,Pink,Black,Brown,Fawn brown,Pale green",6,"L,XS,S,M,XL",5,Summer,https://p16-oec-va.ibyteimg.com/tos-alisg-i-aphluv4xwc-sg/c3c26fd65098471bafba6b271f0fa6b3~tplv-o3syd03w52-resize-jpeg:1000:1000.image?,https://shop.tiktok.com/view/product/1729755319114308446?region=GB&locale=en,黄依婷,4.6
2026/8/23,GB,UK,爆款,1729841360695040003,S260604007582,Eyvonne,非SKM商家,标码女装,女士套装及西服,短裤套装,标码女装+女士套装及西服,"(1000,2000]",18.61,"(100,+∞)",-32.00%,负增长,"(0,10]",2026/6/4,80,非JIT商品,662,0,"brownish-green stripe,Apricot & Coffee Stripes,Black and white stripes",3,"XL,S,L,M,XXL",5,Summer,https://p16-oec-va.ibyteimg.com/tos-alisg-i-aphluv4xwc-sg/f32bb3ace93b4eb5b65ce670359af3df~tplv-o3syd03w52-resize-jpeg:1000:1000.image?,https://shop.tiktok.com/view/product/1729841360695040003?region=GB&locale=en,刘雪莹,4.7
2026/8/23,GB,UK,爆款,1729409518883868407,S240425001507,FlaireX,非SKM商家,标码女装,女士下装,长裤,标码女装+女士下装,"(10000,+∞)",12.02,"(100,+∞)",-29.09%,负增长,"(10,30]",2024/5/23,822,非JIT商品,"1,253",0,"Apricot,Brown,Green,Black,Gray,Orange,Apricot*1 pc+Black*1 pc,Blue,Navy blue,Yellow,Zebra pattern",11,"XL,L,M,S",4,Spring&Fall,https://p16-oec-va.ibyteimg.com/tos-alisg-i-aphluv4xwc-sg/9fb1276495414062b2495b56c6b68048~tplv-o3syd03w52-resize-jpeg:1000:1000.image?,https://shop.tiktok.com/view/product/1729409518883868407?region=GB&locale=en,刘雪莹,4.4
2026/8/23,GB,UK,爆款,1729798729092012542,S260414039937,Wangsiting clothes,非SKM商家,标码女装,女士穆斯林服装,服装套装,标码女装+女士穆斯林服装,"(100,500]",28.35,"(100,+∞)",90.32%,"(50%, 100%]","(10,30]",2026/4/14,131,JIT商品,84,351,"Apricot,Black",2,"M,S,XL,L",4,All Seasons,https://p16-oec-eu-common-no.tiktokcdn-eu.com/tos-no1a-i-t5fjg24jzw-no/274843d5e7fa496fb2810e015e2a857e~tplv-t5fjg24jzw-resize-jpeg:1000:1000.image?,https://shop.tiktok.com/view/product/1729798729092012542?region=GB&locale=en,王瑶,4.3
2026/8/23,GB,UK,爆款,1729514985086098106,S250517011022,MIXIFashion,非SKM商家,标码女装,女士套装及西服,半裙套装,标码女装+女士套装及西服,"(10000,+∞)",19.42,"(100,+∞)",-28.57%,负增长,"(0,10]",2025/5/23,457,非JIT商品,"6,316",0,"Baby pink,Lilac,Black,Coffee brown,Apricot,Blue,Olive green,Strong white",8,"XXL,S,XL,M,L",5,Summer,https://p16-oec-va.ibyteimg.com/tos-alisg-i-aphluv4xwc-sg/8547d52cb8e94d899333fcfceeacb655~tplv-o3syd03w52-resize-jpeg:1000:1000.image?,https://shop.tiktok.com/view/product/1729514985086098106?region=GB&locale=en,黄依婷,4.6
2026/8/23,GB,UK,爆款,1729517043302504872,S250509011178,YMW,非SKM商家,标码女装,女士套装及西服,半裙套装,标码女装+女士套装及西服,"(10000,+∞)",21.31,"(100,+∞)",-38.18%,负增长,"(0,10]",2025/5/26,454,非JIT商品,571,0,"Pink,Yellow,Purple,Apricot,Blue,Green,Hot pink,Black,Chartreuse",9,"XL,L,M,XXL,S",5,Summer,https://p16-oec-va.ibyteimg.com/tos-alisg-i-aphluv4xwc-sg/064ab4665fa0475e9e1e8c6520d0945a~tplv-o3syd03w52-resize-jpeg:1000:1000.image?,https://shop.tiktok.com/view/product/1729517043302504872?region=GB&locale=en,黄依婷,4.1
2026/8/23,GB,UK,爆款,1729818861440310120,S260504018362,Happy Rainbow House,非SKM商家,大码女装,女士上装,女士背心&吊带衫,大码女装+女士上装,"(2000,5000]",8.93,"(100,+∞)",11.63%,"(0%, 50%]","(10,30]",2026/5/5,110,非JIT商品,505,0,"Green,Purple,Orange,White",4,"2XL,3XL,4XL,5XL,1XL",5,Spring&Fall,https://p16-oec-eu-common-no.tiktokcdn-eu.com/tos-no1a-i-t5fjg24jzw-no/e2f58d711aaa41a2b942a273bb4069da~tplv-t5fjg24jzw-resize-jpeg:1000:1000.image?,https://shop.tiktok.com/view/product/1729818861440310120?region=GB&locale=en,张宇,4.9
2026/8/23,GB,UK,爆款,1729862733603904448,S260625033314,Cute Pants,非SKM商家,标码女装,女士下装,紧身裤,标码女装+女士下装,"(100,500]",8.62,"(100,+∞)",-49.09%,负增长,"(0,10]",2026/7/11,43,非JIT商品,404,0,"White bow,Bow detail,Tie knot,Flower petal knot,Black bow 2,Polka dot bow,Black bow",7,"S,XXL,XL,M,L",5,All Seasons,https://p16-oec-va.ibyteimg.com/tos-alisg-i-aphluv4xwc-sg/09a0510d3dee4a0a824800b2bf10e787~tplv-o3syd03w52-resize-jpeg:1000:1000.image?,https://shop.tiktok.com/view/product/1729862733603904448?region=GB&locale=en,王谍,3.9
2026/8/23,US,US,爆款,1732463249766453855,S260628013750,Vanshee Show,非SKM商家,标码女装,女士套装及西服,短裤套装,标码女装+女士套装及西服,"(10000,+∞)",14,"(100,+∞)",-7.97%,负增长,"(200,500]",2026/6/30,54,JIT商品,"4,753","1,198","Baby pink,Rose pink,Coral Pink 2,Black/Gray,Black,Dark gray,Caramel,Coral pink,yellow-gray,Dark wash,Turquoise green,Yellow,Pinkish Gray,Golden",14,"M,S,L,XL",4,Summer,https://p16-oec-va.ibyteimg.com/tos-maliva-i-o3syd03w52-us/98dba64d77c44f6e92d30e5ad941992b~tplv-o3syd03w52-resize-jpeg:1000:1000.image?,https://shop.tiktok.com/view/product/1732463249766453855?region=US&locale=en,游宇航,4.9
2026/8/23,US,US,爆款,1729387696935768412,S230627004373,Zhichn Clthing,非SKM商家,标码女装,女士针织衫,毛衣套头衫,标码女装+女士针织衫,"(10000,+∞)",12.84,"(100,+∞)",71.16%,"(50%, 100%]","(200,500]",2023/8/7,"1,112",非JIT商品,"4,603",0,"Light Blue*1 pc+Light Gray*1 pc,Brown*1 pc+Apricot*1 pc,Pale Green*1 pc+White*1 pc,Light blue,Cream*1 pc+Pale Green*1 pc+Gray*1 pc,White*1 pc+Light Blue*1 pc,Dusty blue,Off white,Ocean blue,Gray*1 pc+White*1 pc,Grey,Chartreuse,Curry*1 pc+Cream*1 pc,Coffee Brown*1 pc+Brown*1 pc+Apricot*1 pc,Pale green,Brown,Burgundy, Gray*1 pc+Black*1 pc+ Blue*1 pc,Curry,Cream,Gray*1 pc+Black*1 pc+Cream*1 pc,Brown*1 pc+Coffee Brown*1 pc,Pebble lime,Black,Apricot,Coffee brown,Pink,Black*1 pc+White*1 pc+Ocean Blue*1 pc,White*1 pc+Light Gray*1 pc+Light Blue*1 pc,Gray*1 pc+Black*1 pc,Mauve Purple*1 pc+White*1 pc,Mauve purple,Cream*1 pc+Black*1 pc",33,"M,S,L",3,Spring&Fall,https://p16-oec-va.ibyteimg.com/tos-maliva-i-o3syd03w52-us/aeecf0bc9d4548c78eee1e994fa0f4ac~tplv-o3syd03w52-resize-jpeg:1000:1000.image?,https://shop.tiktok.com/view/product/1729387696935768412?region=US&locale=en,王可心,5
2026/8/23,US,US,爆款,1730065980107165698,S241112011069,Low Price Fashion,非SKM商家,标码女装,女士针织衫,开衫,标码女装+女士针织衫,"(10000,+∞)",6.91,"(100,+∞)",33.87%,"(0%, 50%]","(200,500]",2024/11/26,635,非JIT商品,"6,063",0,"Coffee brown,Grey,Navy blue,Deep red,Rusty pink,Gray,Yellow,Black,Dark gray,Off white",10,"M,S,L,XL,XXL,XS",6,Summer,https://p16-oec-ttp.tiktokcdn-us.com/tos-useast5-i-omjb5zjo8w-tx/cdd6f179e5fe4dd499f857dc2a3a9d30~tplv-omjb5zjo8w-resize-jpeg:1000:1000.image?,https://shop.tiktok.com/view/product/1730065980107165698?region=US&locale=en,沈亦莎,4.7
2026/8/23,US,US,爆款,1731404975383220420,S250625021533,FACIO Direct,非SKM商家,标码女装,女士针织衫,开衫,标码女装+女士针织衫,"(10000,+∞)",21.47,"(100,+∞)",56.66%,"(50%, 100%]","(200,500]",2025/7/5,414,非JIT商品,"1,921",0,"Coral red,Khaki,Red,Olive green,Light blue,Navy blue,Lilac,Mocha brown,Black,Dark gray,Pastel blue,Green,Blue,Coffee brown,Mint green,Pink,Multi-color,Yellow,Mauve purple,Brown",20,"M,S,XL,L,XS",5,Spring&Fall,https://p16-oec-va.ibyteimg.com/tos-maliva-i-o3syd03w52-us/433091c8ea0a4e1cb30cc4898bc960ac~tplv-o3syd03w52-resize-jpeg:1000:1000.image?,https://shop.tiktok.com/view/product/1731404975383220420?region=US&locale=en,沈亦莎,4.3
2026/8/23,US,US,爆款,1732436212305204136,S260610003638,Chic Weaves,非SKM商家,标码女装,女士针织衫,开衫,标码女装+女士针织衫,"(10000,+∞)",17.04,"(100,+∞)",74.54%,"(50%, 100%]","(200,500]",2026/6/12,72,非JIT商品,"1,570",1,"Cranberry Red - Multicolor 9,Pink - Multicolor 2,Purple - Multicolor 3,Multi-color,Apricot Color - Multicolor 4,White - Multicolor 8,Colorful 6 — mixed colors,Light Blue - Multicolor 5,Denim blue - color 7,Grass green - multicolor 10",10,"M,S,XL,L,XXL",5,Fall&Winter,https://p16-oec-va.ibyteimg.com/tos-maliva-i-o3syd03w52-us/3377b9f9af2146b88ad37e9bb64f79f7~tplv-o3syd03w52-resize-jpeg:1000:1000.image?,https://shop.tiktok.com/view/product/1732436212305204136?region=US&locale=en,王可心,4.7
2026/8/23,US,US,爆款,1731899640523821919,S251010010150,Chic Curves,SKM商家,大码女装,女士下装,长裤,大码女装+女士下装,"(10000,+∞)",31.72,"(100,+∞)",-20.00%,负增长,"(100,200]",2025/10/13,314,非JIT商品,"8,292",0,"Red,Army green,Gray,Black background with white polka dots,Black and white,Black,Deep blue,Apricot,Blue,Lake Blue,Brown leopard print,White background with black polka dots,Yellow,Dark Coffee Color,Brown",15,"4XL,1XL,0XL,3XL,2XL",5,Spring&Fall,https://p16-oec-va.ibyteimg.com/tos-alisg-i-aphluv4xwc-sg/0676aa19b0ee47ad8c812926f15977fb~tplv-o3syd03w52-resize-jpeg:1000:1000.image?,https://shop.tiktok.com/view/product/1731899640523821919?region=US&locale=en,张宇,4.2
2026/8/23,US,US,爆款,1732415814797136631,S260527035597,FlaireX,非SKM商家,标码女装,女士套装及西服,长裤套装,标码女装+女士套装及西服,"(1000,2000]",11.65,"(100,+∞)",6.28%,"(0%, 50%]","(200,500]",2026/5/31,84,非JIT商品,198,0,"Pink,Black,Apricot,Brown",4,"M,S,XL,L",4,Spring&Fall,https://p16-oec-ttp.tiktokcdn-us.com/tos-useast5-i-omjb5zjo8w-tx/00a9832d53884ffb83ed588d0541fabc~tplv-omjb5zjo8w-resize-jpeg:1000:1000.image?,https://shop.tiktok.com/view/product/1732415814797136631?region=US&locale=en,刘雪莹,4.1
2026/8/23,US,US,爆款,1730855241666236462,S250210000993,Tuo Go,非SKM商家,标码女装,女士下装,半身裙,标码女装+女士下装,"(10000,+∞)",10.86,"(100,+∞)",24.93%,"(0%, 50%]","(100,200]",2025/3/12,529,JIT商品,"2,477","5,454","Jet black,Baby pink,Royal blue,Khaki,Army green,Navy blue,Lilac,Rust orange,Black,Light wash,Green,Blue,Silver,Purple,Mint green,Deep red,Yellow,Bright yellow,Burgundy",19,"M,S,L,XL",4,Summer,https://p16-oec-va.ibyteimg.com/tos-alisg-i-aphluv4xwc-sg/eba8ab3438be4c339c56f2a784ba1544~tplv-o3syd03w52-resize-jpeg:1000:1000.image?,https://shop.tiktok.com/view/product/1730855241666236462?region=US&locale=en,王瑶,4.4
2026/8/23,US,US,爆款,1732453804955177191,S260622022740,NovaMode.,非SKM商家,标码女装,女士下装,长裤,标码女装+女士下装,"(1000,2000]",15.51,"(100,+∞)",64.64%,"(50%, 100%]","(200,500]",2026/6/24,60,JIT商品,"2,470",64,"Army green,White,Black,Reddish brown",4,"M,S,L,XS,XL",5,Spring&Fall,https://p16-oec-va.ibyteimg.com/tos-alisg-i-aphluv4xwc-sg/70864a9aa1944fc1bd7f403219b116ca~tplv-o3syd03w52-resize-jpeg:1000:1000.image?,https://shop.tiktok.com/view/product/1732453804955177191?region=US&locale=en,王谍,4.4
2026/8/23,US,US,爆款,1732436176836792523,S260609020561,Sandovia,非SKM商家,标码女装,女士下装,长裤,标码女装+女士下装,"(2000,5000]",10.94,"(100,+∞)",61.36%,"(50%, 100%]","(100,200]",2026/6/22,62,非JIT商品,"2,628",0,"Green,Red,Yellow,Gray,Blue",5,"M,S,XL,L",4,Spring&Fall,https://p16-oec-va.ibyteimg.com/tos-alisg-i-aphluv4xwc-sg/a247a09cd7e24046ab219dc850159d61~tplv-o3syd03w52-resize-jpeg:1000:1000.image?,https://shop.tiktok.com/view/product/1732436176836792523?region=US&locale=en,黄依婷,3
2026/8/23,US,US,爆款,1732286763402563671,S260312021243,Novelife,非SKM商家,标码女装,女士套装及西服,短裤套装,标码女装+女士套装及西服,"(10000,+∞)",15.95,"(100,+∞)",19.64%,"(0%, 50%]","(100,200]",2026/3/24,152,非JIT商品,"1,744",0,"White and Red,White and Green,Yellow,Pink-brown mix,Brown and blue,Black,Brown",7,"M,S,L,XL,XXL",5,Summer,https://p16-oec-va.ibyteimg.com/tos-maliva-i-o3syd03w52-us/4a9dea752c43440db2a9704031671b81~tplv-o3syd03w52-resize-jpeg:1000:1000.image?,https://shop.tiktok.com/view/product/1732286763402563671?region=US&locale=en,黄依婷,4.7
2026/8/23,US,US,爆款,1732521724662092632,S260728036302,AYIMZ,非SKM商家,大码女装,连体衣,连体裤,大码女装+连体衣,"(1000,2000]",23.13,"(100,+∞)",161.90%,"(100%, 300%]","(100,200]",2026/7/30,24,JIT商品,15,"9,415","Cream,Leaf green,Rust orange,Army green,Navy blue,Deep pink,Black,Lime yellow,Sky blue,Burgundy",10,"5XL,4XL,1XL,3XL,2XL",5,Spring&Fall,https://p16-oec-va.ibyteimg.com/tos-alisg-i-aphluv4xwc-sg/919237523fbd4f5fa963b7a5e4913cc9~tplv-o3syd03w52-resize-jpeg:1000:1000.image?,https://shop.tiktok.com/view/product/1732521724662092632?region=US&locale=en,郑川粤,4.4
2026/8/23,US,US,爆款,1729650042121916869,S240902006916,Spoils Me,非SKM商家,标码女装,女士套装及西服,长裤套装,标码女装+女士套装及西服,"(10000,+∞)",25.23,"(100,+∞)",53.64%,"(50%, 100%]","(100,200]",2024/9/18,704,非JIT商品,"2,292",0,"Brown,Army green,Black,Dark blue,Off white,Dark green,Green,Blue,Grey,Pink,Emerald green,Deep red,Sky blue,Burgundy",14,"M,S,XL,L,XXL",5,Spring&Fall,https://p16-oec-ttp.tiktokcdn-us.com/tos-useast5-i-omjb5zjo8w-tx/62deecc35ef44ba8b8008792210bd079~tplv-omjb5zjo8w-resize-jpeg:1000:1000.image?,https://shop.tiktok.com/view/product/1729650042121916869?region=US&locale=en,刘雪莹,4.1
2026/8/23,US,US,爆款,1732324751842776003,S260408047252,Calorie Club,非SKM商家,标码女装,女士下装,紧身裤,标码女装+女士下装,"(5000,10000]",11.77,"(100,+∞)",32.43%,"(0%, 50%]","(100,200]",2026/4/8,137,非JIT商品,"2,562",0,"Wine stain red,Black coffee,Light Blue Micro Stamp,Creamy White,Chocolate Brown + Cherry Red,Cherry Red,Micro-stamp blue + black coffee,Eggplant purple,Chocolate Brown,Premium Black + Premium Black,Forest Green,Seaside Blue,Moss green,Premium Black,Mulberry,Sakura Pink",16,"M,S,L,XL",4,All Seasons,https://p16-oec-va.ibyteimg.com/tos-maliva-i-o3syd03w52-us/06dd3abe47d0451b91f1c4a0fc0429d9~tplv-o3syd03w52-resize-jpeg:1000:1000.image?,https://shop.tiktok.com/view/product/1732324751842776003?region=US&locale=en,刘雪莹,4.9
2026/8/23,US,US,爆款,1731500565687799990,S250630002371,AloiiaOnline,非SKM商家,标码女装,女士下装,长裤,标码女装+女士下装,"(10000,+∞)",16.07,"(100,+∞)",35.09%,"(0%, 50%]","(100,200]",2025/7/23,396,非JIT商品,"1,438",0,"Brown,Hot pink,Red,Blue",4,"M,S,XS,XL,L,XXL",6,Spring&Fall,https://p16-oec-ttp.tiktokcdn-us.com/tos-useast5-i-omjb5zjo8w-tx/6fb4c874e1914176ab5199b025bc0b84~tplv-omjb5zjo8w-resize-jpeg:1000:1000.image?,https://shop.tiktok.com/view/product/1731500565687799990?region=US&locale=en,张健,4.3
2026/8/23,US,US,爆款,1731581396516836177,S250730008832,J Nova Shop,非SKM商家,标码女装,女士针织衫,毛衣套头衫,标码女装+女士针织衫,"(10000,+∞)",15.7,"(100,+∞)",106.46%,"(100%, 300%]","(100,200]",2025/8/7,381,JIT商品,508,"5,273","Halloween 5,Multicolor7,Multicolor6,Multicolor9,Multicolor12,Halloween 2,Multicolor,Halloween 1,Multicolor8,Multicolor5,Halloween 6,Multicolor2,Multicolor11,Multicolor3,Halloween 3,Multicolor10,All Over Print,Multicolor4,Halloween 4",19,"M,S,L,XL,XXL",5,Spring&Fall,https://p16-oec-va.ibyteimg.com/tos-maliva-i-o3syd03w52-us/a7e5235b6b014b0889f3a7afdd4dcf85~tplv-o3syd03w52-resize-jpeg:1000:1000.image?,https://shop.tiktok.com/view/product/1731581396516836177?region=US&locale=en,沈亦莎,4.2
2026/8/23,US,US,爆款,1731907033564155952,S251011016786,AXU Clothing,非SKM商家,标码女装,女士套装及西服,长裤套装,标码女装+女士套装及西服,"(10000,+∞)",18.52,"(100,+∞)",-28.13%,负增长,"(30,50]",2025/10/12,315,非JIT商品,"1,412",0,"Green,Wine red,Red,Black,Dark blue,Brown",6,"M,S,L,XL,XXL",5,All Seasons,https://p16-oec-va.ibyteimg.com/tos-alisg-i-aphluv4xwc-sg/5aa85655f48b4aa49789a8487229ac5b~tplv-o3syd03w52-resize-jpeg:1000:1000.image?,https://shop.tiktok.com/view/product/1731907033564155952?region=US&locale=en,游宇航,3.7
2026/8/23,US,US,爆款,1729479845478241357,S260128044038,YarnPop,非SKM商家,标码女装,女士针织衫,毛衣套头衫,标码女装+女士针织衫,"(10000,+∞)",15.67,"(100,+∞)",-19.83%,负增长,"(50,100]",2026/1/30,205,非JIT商品,862,0,"Green,Baby pink,Khaki,Cream,Light green,White,Black,Coral pink,Sky blue,Apricot,Bright yellow,Brown",12,"M,S,XL,L",4,Spring&Fall,https://p16-oec-ttp.tiktokcdn-us.com/tos-useast5-i-omjb5zjo8w-tx/1d6c49c3b5644ea4b296d23fd0d287f5~tplv-omjb5zjo8w-resize-jpeg:1000:1000.image?,https://shop.tiktok.com/view/product/1729479845478241357?region=US&locale=en,王可心,4.4
2026/8/23,US,US,爆款,1731833711082311995,S250918014275,Hotgrils clothes,非SKM商家,标码女装,女士下装,女士卫裤,标码女装+女士下装,"(5000,10000]",15.48,"(100,+∞)",39.52%,"(0%, 50%]","(100,200]",2025/9/26,331,非JIT商品,966,0,"Royal blue,Gray,Black",3,"M,S,L",3,Spring&Fall,https://p16-oec-ttp.tiktokcdn-us.com/tos-useast5-i-omjb5zjo8w-tx/7e71a690d61d4fd8bda0af54fd55533a~tplv-omjb5zjo8w-resize-jpeg:1000:1000.image?,https://shop.tiktok.com/view/product/1731833711082311995?region=US&locale=en,张健,4.6
2026/8/23,US,US,爆款,1732323580319994347,S260408003831,Finjani Plus,非SKM商家,大码女装,女士连衣裙,休闲连衣裙,大码女装+女士连衣裙,"(5000,10000]",13.36,"(100,+∞)",62.69%,"(50%, 100%]","(100,200]",2026/4/8,137,非JIT商品,31,0,Black,1,"4XL,1XL,0XL,3XL,2XL",5,Spring&Fall,https://p16-oec-va.ibyteimg.com/tos-maliva-i-o3syd03w52-us/465d14e5a94247309414a95f2ce0fce2~tplv-o3syd03w52-resize-jpeg:1000:1000.image?,https://shop.tiktok.com/view/product/1732323580319994347?region=US&locale=en,张宇,4.5
2026/8/23,US,US,爆款,1731433230082871614,S250705016183,Sleek Nova,非SKM商家,标码女装,女士套装及西服,半裙套装,标码女装+女士套装及西服,"(10000,+∞)",10.96,"(100,+∞)",0.00%,持平,"(50,100]",2025/7/10,409,非JIT商品,"2,213",0,"Brown,Khaki,Hot pink,Red,White,Black,Chartreuse,Miami blue,Blue",9,"M,S,XL,L,XXL",5,Spring&Fall,https://p16-oec-ttp.tiktokcdn-us.com/tos-useast5-i-omjb5zjo8w-tx/2b4fe396c5c146839ec2c1d04cfee53b~tplv-omjb5zjo8w-resize-jpeg:1000:1000.image?,https://shop.tiktok.com/view/product/1731433230082871614?region=US&locale=en,刘雪莹,3.9
2026/8/23,US,US,爆款,1731761022658515452,S250906034461,Hi anan,非SKM商家,标码女装,女士针织衫,毛衣套头衫,标码女装+女士针织衫,"(10000,+∞)",11.93,"(100,+∞)",38.10%,"(0%, 50%]","(100,200]",2025/9/12,345,非JIT商品,958,0,"White,Black,Apricot,Copper brown,Burgundy",5,"M,S,XL,L",4,Fall&Winter,https://p16-oec-va.ibyteimg.com/tos-maliva-i-o3syd03w52-us/b2cd34ce1806424484997e452910f76e~tplv-o3syd03w52-resize-jpeg:1000:1000.image?,https://shop.tiktok.com/view/product/1731761022658515452?region=US&locale=en,沈亦莎,4.4
2026/8/23,US,US,爆款,1731180402442277182,S250505013441,Sleek Nova,非SKM商家,标码女装,女士套装及西服,半裙套装,标码女装+女士套装及西服,"(10000,+∞)",9.06,"(100,+∞)",-6.67%,负增长,"(100,200]",2025/5/17,463,非JIT商品,"2,793",0,"Silver,Khaki,Hot pink,Lilac,Black,Lime yellow,Fawn brown,Chartreuse,Miami blue,Apricot,Blue",11,"M,S,XL,L,XXL",5,Summer,https://p16-oec-va.ibyteimg.com/tos-maliva-i-o3syd03w52-us/abfc23a0c6ad4b058b919b8d4100e7c4~tplv-o3syd03w52-resize-jpeg:1000:1000.image?,https://shop.tiktok.com/view/product/1731180402442277182?region=US&locale=en,刘雪莹,3.9
2026/8/23,US,US,爆款,1732015321642275159,S251103029462,FOXCLAW Curve,非SKM商家,大码女装,女士上装,女士衬衫,大码女装+女士上装,"(10000,+∞)",14.69,"(100,+∞)",24.80%,"(0%, 50%]","(100,200]",2025/11/16,280,非JIT商品,"3,838",0,"Pink,Khaki,Camel,Hot pink,Olive green,Orange,Light blue,Gray,White,Black,Dark wash,Burgundy",12,"5XL,4XL,1XL,3XL,2XL",5,Summer,https://p16-oec-va.ibyteimg.com/tos-alisg-i-aphluv4xwc-sg/f6067a441fff449e9d45b7dca50b3f26~tplv-o3syd03w52-resize-jpeg:1000:1000.image?,https://shop.tiktok.com/view/product/1732015321642275159?region=US&locale=en,郑川粤,4.1
2026/8/23,US,US,爆款,1732400337455583419,S260516000966,Comfleur,非SKM商家,标码女装,女士套装及西服,长裤套装,标码女装+女士套装及西服,"(2000,5000]",21.59,"(100,+∞)",31.12%,"(0%, 50%]","(50,100]",2026/5/22,93,非JIT商品,"1,148",0,"Khaki,Hot pink,Army green,Dark purple,Gray,Black,Dark wash,Burgundy",8,"M,S,XL,XS,L",5,Summer,https://p16-oec-ttp.tiktokcdn-us.com/tos-useast5-i-omjb5zjo8w-tx/823b30c3823c4428b118854c7d5a00d1~tplv-omjb5zjo8w-resize-jpeg:1000:1000.image?,https://shop.tiktok.com/view/product/1732400337455583419?region=US&locale=en,黄依婷,4.1
2026/8/23,US,US,爆款,1730916195740258364,S250311021136,Chic Chic Sweater,非SKM商家,标码女装,女士针织衫,毛衣套头衫,标码女装+女士针织衫,"(10000,+∞)",11.93,"(100,+∞)",17.32%,"(0%, 50%]","(50,100]",2025/3/23,518,非JIT商品,"1,107",0,"Brown,Baby pink,Lavender,Camel,Light Gray,Olive green,Red,Navy blue,Rust orange,Black,Off white,Dark green,Pastel blue,Blue,Grey,Purple,Mint green,Emerald green,Lemon yellow,Yellow,Mauve purple,Burgundy",22,"M,S,L,XL,XXL",5,Summer,https://p16-oec-ttp.tiktokcdn-us.com/tos-useast5-i-omjb5zjo8w-tx/30e78360310a45759d8083a679410057~tplv-omjb5zjo8w-resize-jpeg:1000:1000.image?,https://shop.tiktok.com/view/product/1730916195740258364?region=US&locale=en,沈亦莎,4.8
2026/8/23,US,US,爆款,1730869120182948396,S250216006757,Lefter Shorts,非SKM商家,标码女装,女士下装,短裤,标码女装+女士下装,"(10000,+∞)",6.87,"(100,+∞)",52.74%,"(50%, 100%]","(100,200]",2025/3/14,527,非JIT商品,"3,137",0,"Pink,Deep red,Lime green,Black,Dark blue,Off white,Dark green,Burgundy",8,"M,S,XS,XL,XXL,L",6,All Seasons,https://p16-oec-va.ibyteimg.com/tos-maliva-i-o3syd03w52-us/d52f3827223c4825ae566fdc39e88dc2~tplv-o3syd03w52-resize-jpeg:1000:1000.image?,https://shop.tiktok.com/view/product/1730869120182948396?region=US&locale=en,王谍,4.9
2026/8/23,US,US,爆款,1731446599496602511,S250704007193,FianiVibe,非SKM商家,标码女装,女士下装,长裤,标码女装+女士下装,"(10000,+∞)",9.47,"(100,+∞)",433.72%,"(300%, 500%]","(200,500]",2025/7/12,407,非JIT商品,"2,030",0,"Brown,Blue,Cream,Navy blue,Black,Dark gray,Green",7,"M,S,XS,XL,L,XXL",6,Spring&Fall,https://p16-oec-va.ibyteimg.com/tos-maliva-i-o3syd03w52-us/8a23c36cc72a48d08dc1c56ba38cc48e~tplv-o3syd03w52-resize-jpeg:1000:1000.image?,https://shop.tiktok.com/view/product/1731446599496602511?region=US&locale=en,黄依婷,4.2
2026/8/23,US,US,爆款,1732493254932206368,S260715012359,Zhengliang Studio,非SKM商家,标码女装,女士套装及西服,女士西装外套,标码女装+女士套装及西服,"(2000,5000]",22.33,"(100,+∞)",-37.50%,负增长,"(50,100]",2026/7/15,39,JIT商品,94,"2,485","Smoke gray,Khaki,Orange,Peacock Green,Ginger Yellow,Black,Dark blue,Gemstone blue,Blue,Green,Iron Gray,Pink,Hot pink,Purple taro,Emerald green,Lemon yellow,Coffee color,White,Sky blue,Burgundy",20,"M,S,L,XS,XL",5,Spring&Fall,https://p16-oec-va.ibyteimg.com/tos-maliva-i-o3syd03w52-us/5ede3b1fb80d46c3900d00cad2729467~tplv-o3syd03w52-resize-jpeg:1000:1000.image?,https://shop.tiktok.com/view/product/1732493254932206368?region=US&locale=en,王瑶,4.1
2026/8/23,US,US,爆款,1732136063067787849,S251211138907,Posh Couture,非SKM商家,标码女装,女士下装,半身裙,标码女装+女士下装,"(2000,5000]",15.36,"(100,+∞)",76.37%,"(50%, 100%]","(50,100]",2025/12/21,245,非JIT商品,506,0,"Pink Butterfly,Blue Butterfly,Apricot butterfly,Purple Butterfly,Black,Green",6,"M,S,L,XS,XL",5,Summer,https://p16-oec-ttp.tiktokcdn-us.com/tos-useast5-i-omjb5zjo8w-tx/59fbd26c611c4ff5a1933702c283f880~tplv-omjb5zjo8w-resize-jpeg:1000:1000.image?,https://shop.tiktok.com/view/product/1732136063067787849?region=US&locale=en,王瑶,4.5
2026/8/23,US,US,爆款,1731768770148340574,S250908019507,Mayins,非SKM商家,标码女装,女士套装及西服,短裤套装,标码女装+女士套装及西服,"(2000,5000]",14.8,"(100,+∞)",32.55%,"(0%, 50%]","(50,100]",2025/9/14,343,非JIT商品,"1,911",0,"Brown - Polka Dot,Black - Polka Dot,Pink,Multicolor2,Multicolor3,White,Multicolor,Red - Polka Dot,Brown",9,"M,S,L,XL,XXL",5,Spring&Fall,https://p16-oec-va.ibyteimg.com/tos-alisg-i-aphluv4xwc-sg/f46a9d3890de4205a899607464a30fb7~tplv-o3syd03w52-resize-jpeg:1000:1000.image?,https://shop.tiktok.com/view/product/1731768770148340574?region=US&locale=en,黄依婷,4.8
2026/8/23,US,US,爆款,1730743606099546437,S250218002732,YouAnnn,非SKM商家,标码女装,女士针织衫,毛衣套头衫,标码女装+女士针织衫,"(10000,+∞)",9.64,"(100,+∞)",64.64%,"(50%, 100%]","(100,200]",2025/2/24,545,非JIT商品,"1,416",0,"Light Gray,Royal blue,Black and white,Pebble lime,Black,Off white,Blue,Brown and white,Green,Grey,Pink,Hot pink,Yellow,Lime green,Bright orange,Mauve purple,Burgundy",17,"M,S,L,XL,XXL",5,Summer,https://p16-oec-ttp.tiktokcdn-us.com/tos-useast5-i-omjb5zjo8w-tx/8d8faec5192b4bb7b493496d682f113b~tplv-omjb5zjo8w-resize-jpeg:1000:1000.image?,https://shop.tiktok.com/view/product/1730743606099546437?region=US&locale=en,沈亦莎,4.3
2026/8/23,US,US,爆款,1731562565773857014,S250723007450,ASTYR,非SKM商家,标码女装,女士套装及西服,半裙套装,标码女装+女士套装及西服,"(10000,+∞)",13.41,"(100,+∞)",65.76%,"(50%, 100%]","(50,100]",2025/8/3,385,非JIT商品,966,0,"Silver,Khaki,Army green,Gray,Khaki gray,Black",6,"M,S,XL,L,XXL",5,Spring&Fall,https://p16-oec-ttp.tiktokcdn-us.com/tos-useast5-i-omjb5zjo8w-tx/f2fe1e01ebe04430bd9b431a1975b576~tplv-omjb5zjo8w-resize-jpeg:1000:1000.image?,https://shop.tiktok.com/view/product/1731562565773857014?region=US&locale=en,刘雪莹,4.4
2026/8/23,US,US,爆款,1731335060538822764,S250614012321,Opulence Gowns,非SKM商家,标码女装,女士下装,半身裙,标码女装+女士下装,"(5000,10000]",8.36,"(100,+∞)",5.31%,"(0%, 50%]","(50,100]",2025/6/20,429,JIT商品,687,318,"Golden,Brown,Jet black,Light green,Black,Off white,Light wash,Grass Green,Silver,Purple,Pink,Hot pink,Dark brown,Maroon,Burgundy",15,"M,S,XL,XS,L",5,Summer,https://p16-oec-ttp.tiktokcdn-us.com/tos-useast5-i-omjb5zjo8w-tx/f8702ba70cce4deead4c602a5aa37939~tplv-omjb5zjo8w-resize-jpeg:1000:1000.image?,https://shop.tiktok.com/view/product/1731335060538822764?region=US&locale=en,王谍,3.4
2026/8/23,US,US,爆款,1732390143910580334,S260508026117,Soft Frame,非SKM商家,标码女装,女士套装及西服,短裤套装,标码女装+女士套装及西服,"(10000,+∞)",22,"(100,+∞)",-14.57%,负增长,"(50,100]",2026/5/13,102,非JIT商品,"2,307",0,"Brown,Baby pink,Royal blue,Yellow,Pink 2,Blue and brown stripes,Light yellow,Mulberry,Apricot,Blue and white stripes,Burgundy",11,"M,S,XL,L,XS",5,Spring&Fall,https://p16-oec-va.ibyteimg.com/tos-alisg-i-aphluv4xwc-sg/ff56ce35eb604003a640ee13149b2347~tplv-o3syd03w52-resize-jpeg:1000:1000.image?,https://shop.tiktok.com/view/product/1732390143910580334?region=US&locale=en,王谍,3.8
2026/8/23,US,US,爆款,1732131339822272837,S251206184055,YouAnnn,非SKM商家,标码女装,女士针织衫,开衫,标码女装+女士针织衫,"(2000,5000]",17.33,"(100,+∞)",6.87%,"(0%, 50%]","(50,100]",2025/12/20,246,非JIT商品,456,0,"Multicolor2,Fawn brown,Mulberry",3,"M,S,L,XL,XXL",5,Fall&Winter,https://p16-oec-va.ibyteimg.com/tos-maliva-i-o3syd03w52-us/4ed8d2ff7e834308983c4df2bc118f66~tplv-o3syd03w52-resize-jpeg:1000:1000.image?,https://shop.tiktok.com/view/product/1732131339822272837?region=US&locale=en,沈亦莎,4.3
2026/8/23,US,US,爆款,1732364883782505272,S260424014454,CY Garment,非SKM商家,大码女装,女士连衣裙,休闲连衣裙,大码女装+女士连衣裙,"(2000,5000]",8.35,"(100,+∞)",85.45%,"(50%, 100%]","(100,200]",2026/4/27,118,非JIT商品,287,0,"Purple,Gray,White,Black,Chartreuse,Brown",6,"5XL,4XL,6XL,1XL,3XL,2XL",6,Summer,https://p16-oec-va.ibyteimg.com/tos-maliva-i-o3syd03w52-us/aaf9d19e93ed457d880d4fa91bbc20e7~tplv-o3syd03w52-resize-jpeg:1000:1000.image?,https://shop.tiktok.com/view/product/1732364883782505272?region=US&locale=en,郑川粤,3.7
2026/8/23,US,US,爆款,1731961485356798220,S251021057012,Eloise Archive,非SKM商家,标码女装,女士下装,短裤,标码女装+女士下装,"(5000,10000]",8.86,"(100,+∞)",69.75%,"(50%, 100%]","(50,100]",2025/11/7,289,非JIT商品,"2,703",0,"Cream,Gray,Black,Dark gray,Fawn brown,Brown",6,"M,S,L,XL,XXL",5,Summer,https://p16-oec-ttp.tiktokcdn-us.com/tos-useast5-i-omjb5zjo8w-tx/219df28e48804a60b9947fa179cd7a2b~tplv-omjb5zjo8w-resize-jpeg:1000:1000.image?,https://shop.tiktok.com/view/product/1731961485356798220?region=US&locale=en,张健,4.2
2026/8/23,US,US,爆款,1732527901015904604,S260801021614,Zhichn Clthing,非SKM商家,标码女装,女士针织衫,毛衣套头衫,标码女装+女士针织衫,"(1000,2000]",22.94,"(100,+∞)",6.13%,"(0%, 50%]","(50,100]",2026/8/4,19,非JIT商品,"2,132",0,"Brown,Coffee brown,Cream,Pine green,Yellow,Violet,Black,Dark blue,Coral pink,Mulberry,Apricot,Burgundy",12,"M,S,L",3,Spring&Fall,https://p16-oec-va.ibyteimg.com/tos-maliva-i-o3syd03w52-us/4d387946a76f4899905d2837739f2e3f~tplv-o3syd03w52-resize-jpeg:1000:1000.image?,https://shop.tiktok.com/view/product/1732527901015904604?region=US&locale=en,王可心,5
2026/8/23,US,US,爆款,1732299577584423108,S260320070427,FACIO Direct,非SKM商家,标码女装,女士针织衫,毛衣套头衫,标码女装+女士针织衫,"(5000,10000]",10.48,"(100,+∞)",43.09%,"(0%, 50%]","(100,200]",2026/3/30,146,非JIT商品,682,0,"Burgundy,Coffee brown,Pink,Khaki,Yellow,White,Pastel blue,Green",8,"M,S,L,XS,XL",5,Summer,https://p16-oec-va.ibyteimg.com/tos-alisg-i-aphluv4xwc-sg/5bb89d8bccc542cea49ac2252dcb5732~tplv-o3syd03w52-resize-jpeg:1000:1000.image?,https://shop.tiktok.com/view/product/1732299577584423108?region=US&locale=en,沈亦莎,4.3
2026/8/23,US,US,爆款,1729962605889687583,S241031008816,Slick Trends,非SKM商家,标码女装,女士下装,紧身裤,标码女装+女士下装,"(10000,+∞)",4.95,"(100,+∞)",208.85%,"(100%, 300%]","(100,200]",2024/11/15,646,非JIT商品,523,0,"Baby pink,Navy blue,Black,Burgundy",4,"M,S,L,XL",4,Summer,https://p16-oec-ttp.tiktokcdn-us.com/tos-useast5-i-omjb5zjo8w-tx/e9c3a5315d264135b585803a83ba2622~tplv-omjb5zjo8w-resize-jpeg:1000:1000.image?,https://shop.tiktok.com/view/product/1729962605889687583?region=US&locale=en,王谍,4.8
2026/8/23,US,US,爆款,1732394263944663913,S260512003713,Hijab Haven,非SKM商家,标码女装,女士穆斯林服装,方便头巾,标码女装+女士穆斯林服装,"(2000,5000]",2.27,"(100,+∞)",7.08%,"(0%, 50%]","(50,100]",2026/5/12,103,JIT商品,"1,496",0,"2 pieces (black + light khaki),Coffee,Khaki,Navy blue,2 pieces（Black + Coffee）,01# Black Hotfix Rhinestone Style,Black,02# White Hot-Fix Design,2 pieces（light khaki + dark blue）,White 2-piece set,2 pieces (white + light khaki),2 pieces（Black + Beige）,White,03# Light Khaki Rhinestone Style,Black 2-piece set,2 pieces (black + dark blue),Beige,2 pieces (black + white)",18,One-size,1,All Seasons,https://p16-oec-ttp.tiktokcdn-us.com/tos-useast5-i-omjb5zjo8w-tx/46dde4ebcb664e85b81e515403fd9458~tplv-omjb5zjo8w-resize-jpeg:1000:1000.image?,https://shop.tiktok.com/view/product/1732394263944663913?region=US&locale=en,徐熙雅,4.6
2026/8/23,US,US,爆款,1732414001197060975,S260526030088,Fourfo,非SKM商家,标码女装,女士下装,长裤,标码女装+女士下装,"(2000,5000]",16.82,"(100,+∞)",-15.04%,负增长,"(30,50]",2026/5/31,84,非JIT商品,"1,440",0,"Light green,Gray,Black,Brown",4,"M,S,L",3,Summer,https://p16-oec-va.ibyteimg.com/tos-maliva-i-o3syd03w52-us/0d37a5df195a444d95bcd15b3f913d8d~tplv-o3syd03w52-resize-jpeg:1000:1000.image?,https://shop.tiktok.com/view/product/1732414001197060975?region=US&locale=en,王瑶,4.8
2026/8/23,US,US,爆款,1730348428514332914,S241213008988,Morrie Moon,非SKM商家,标码女装,女士针织衫,开衫,标码女装+女士针织衫,"(10000,+∞)",18.27,"(100,+∞)",105.41%,"(100%, 300%]","(100,200]",2024/12/24,607,非JIT商品,"1,461",0,"Burgundy,Grey,Baby pink,Royal blue,Khaki,Cream,Orange,Light green,Army green,Navy blue,Mocha brown,Black,Brown",13,"M,S,XL,L,XXL",5,Fall&Winter,https://p16-oec-ttp.tiktokcdn-us.com/tos-useast5-i-omjb5zjo8w-tx/b88f056bd4714345b2e78660082b3e57~tplv-omjb5zjo8w-resize-jpeg:1000:1000.image?,https://shop.tiktok.com/view/product/1730348428514332914?region=US&locale=en,王可心,4.7
2026/8/23,US,US,爆款,1732548869223649991,S260811020289,Justoneone,非SKM商家,大码女装,连体衣,背带裤,大码女装+连体衣,"(100,500]",21.89,"(100,+∞)",,新增动销,"(100,200]",2026/8/11,12,JIT商品,0,600,"Baby pink,Camel,Rust orange,Yellow,White,Chartreuse",6,"4XL,1XL,0XL,3XL,2XL",5,Spring&Fall,https://p16-oec-va.ibyteimg.com/tos-maliva-i-o3syd03w52-us/1ab7ca7f127647a2b9035ddf4d540347~tplv-o3syd03w52-resize-jpeg:1000:1000.image?,https://shop.tiktok.com/view/product/1732548869223649991?region=US&locale=en,郑川粤,4.5
2026/8/23,US,US,爆款,1730436496285667653,S241230003739,YouAnnn,非SKM商家,标码女装,女士针织衫,毛衣套头衫,标码女装+女士针织衫,"(10000,+∞)",18.03,"(100,+∞)",28.72%,"(0%, 50%]","(50,100]",2025/1/6,594,非JIT商品,686,0,"Red,Army green,Gray,Brown red,Apricot,Brown",6,"M,S,XL,L,XXL",5,Fall&Winter,https://p16-oec-ttp.tiktokcdn-us.com/tos-useast5-i-omjb5zjo8w-tx/a5ed1e7d92d84ff1a938439970489312~tplv-omjb5zjo8w-resize-jpeg:1000:1000.image?,https://shop.tiktok.com/view/product/1730436496285667653?region=US&locale=en,沈亦莎,4.3
2026/8/23,US,US,爆款,1732554211382366699,S260812022395,Finjani Plus,非SKM商家,大码女装,女士连衣裙,休闲连衣裙,大码女装+女士连衣裙,"(100,500]",28.94,"(100,+∞)",-29.92%,负增长,"(50,100]",2026/8/13,10,JIT商品,0,306,"Red,Navy blue,Black",3,"4XL,1XL,0XL,3XL,2XL",5,Spring&Fall,https://p16-oec-va.ibyteimg.com/tos-maliva-i-o3syd03w52-us/9eaa38489dbb46c6abe62d92f1109037~tplv-o3syd03w52-resize-jpeg:1000:1000.image?,https://shop.tiktok.com/view/product/1732554211382366699?region=US&locale=en,张宇,4.5
2026/8/23,US,US,爆款,1731462786910950225,S250526013318,Shiny Girl VIP,非SKM商家,标码女装,女士下装,长裤,标码女装+女士下装,"(10000,+∞)",7.64,"(100,+∞)",30.39%,"(0%, 50%]","(50,100]",2025/7/15,404,非JIT商品,"1,544",0,"Blue,Burgundy,Coffee brown,Black,Brown",5,"M,S,XS,L,XL",5,Spring&Fall,https://p16-oec-va.ibyteimg.com/tos-maliva-i-o3syd03w52-us/d9e069f2e9ed4b2f8ee38a9bad1b8b6b~tplv-o3syd03w52-resize-jpeg:1000:1000.image?,https://shop.tiktok.com/view/product/1731462786910950225?region=US&locale=en,张健,4.7
2026/8/23,US,US,爆款,1731954886519722731,S251018021752,Bettlity,非SKM商家,标码女装,女士针织衫,毛衣套头衫,标码女装+女士针织衫,"(2000,5000]",17.87,"(100,+∞)",126.77%,"(100%, 300%]","(50,100]",2025/10/20,307,非JIT商品,884,0,"Coffee brown,Olive green,Navy blue,Dark gray,Apricot",5,"M,S,XL,L,XXL",5,Fall&Winter,https://p16-oec-va.ibyteimg.com/tos-maliva-i-o3syd03w52-us/0b7317a9534944fa9211efae023342cc~tplv-o3syd03w52-resize-jpeg:1000:1000.image?,https://shop.tiktok.com/view/product/1731954886519722731?region=US&locale=en,沈亦莎,4.7
2026/8/23,US,US,爆款,1732371291191219033,S260422021831,YIMH,非SKM商家,大码女装,女士连衣裙,休闲连衣裙,大码女装+女士连衣裙,"(5000,10000]",12.42,"(100,+∞)",-1.98%,负增长,"(50,100]",2026/4/27,118,JIT商品,304,"6,977","Medium wash,Purple,Orange,Gray,Lime green,Bright orange,Green",7,"5XL,4XL,1XL,3XL,2XL",5,Spring&Fall,https://p16-oec-ttp.tiktokcdn-us.com/tos-useast5-i-omjb5zjo8w-tx/17651bf02a0b4f8993a038c67582bfd1~tplv-omjb5zjo8w-resize-jpeg:1000:1000.image?,https://shop.tiktok.com/view/product/1732371291191219033?region=US&locale=en,张宇,4.9
2026/8/23,US,US,爆款,1732293512896483834,S260317002127,Elegant Finjani,非SKM商家,大码女装,女士连衣裙,休闲连衣裙,大码女装+女士连衣裙,"(10000,+∞)",11.87,"(100,+∞)",32.43%,"(0%, 50%]","(50,100]",2026/3/17,159,非JIT商品,"3,572",0,"Jet black,Olive green,Orange,Navy blue,Gray,Black,Dark green,Apricot,Blue,Coffee brown,Purple,Pink,Hot pink,Lemon yellow,Sky blue,Brown",16,"5XL,4XL,1XL,0XL,3XL,2XL",6,Summer,https://p16-oec-ttp.tiktokcdn-us.com/tos-useast5-i-omjb5zjo8w-tx/d99324e2077f4dafb761ec09cdbcef3d~tplv-omjb5zjo8w-resize-jpeg:1000:1000.image?,https://shop.tiktok.com/view/product/1732293512896483834?region=US&locale=en,张宇,4.5
2026/8/23,US,US,爆款,1732506222266847607,S260722031982,brandy girls,非SKM商家,标码女装,女士下装,长裤,标码女装+女士下装,"(500,1000]",11.22,"(100,+∞)",-92.46%,负增长,"(0,10]",2026/7/22,32,JIT商品,49,832,"Brown,White,Black,Fawn brown,Green",5,"M,S,L,XS,XL",5,All Seasons,https://p16-oec-va.ibyteimg.com/tos-maliva-i-o3syd03w52-us/3603c8ab027a44a8981d06e0bd72d2d6~tplv-o3syd03w52-resize-jpeg:1000:1000.image?,https://shop.tiktok.com/view/product/1732506222266847607?region=US&locale=en,王瑶,4.6
2026/8/23,US,US,爆款,1732516326458495646,S260727020622,Chic Night Luxe,非SKM商家,标码女装,女士下装,长裤,标码女装+女士下装,"(2000,5000]",26.17,"(100,+∞)",18.42%,"(0%, 50%]","(10,30]",2026/7/27,27,JIT商品,24,"3,936","Orange red,Royal blue,Matcha color,Light green,Gray,Light gray,Green,Goose yellow,Coffee color,light yellow,Burgundy,Brown,Jet black,Lemon Gold,wine red,Army green,Rose red,Military green,Chestnut Brown,Bright red,Black,Gemstone blue,Dusty gray,Hot pink,Strong white,Lemon yellow,White,Sky blue",28,"M,XXXL,S,XXXXL,XL,L,XXL",7,Spring&Fall,https://p16-oec-va.ibyteimg.com/tos-maliva-i-o3syd03w52-us/06baedef2c4e41dbb125c3a56135234b~tplv-o3syd03w52-resize-jpeg:1000:1000.image?,https://shop.tiktok.com/view/product/1732516326458495646?region=US&locale=en,王瑶,3.4
2026/8/23,US,US,爆款,1729479925562053719,S260128062588,Novelife,非SKM商家,标码女装,女士套装及西服,长裤套装,标码女装+女士套装及西服,"(10000,+∞)",28.9,"(100,+∞)",8.15%,"(0%, 50%]","(50,100]",2026/3/10,166,非JIT商品,720,0,"Brown & Black & Leopard Print,Apricot & Leopard Print,Pink,Coffee color,Floral Gray,Dark Brown & Leopard Print,Black and white,Blue",8,"M,S,XS,XL,L",5,Summer,https://p16-oec-va.ibyteimg.com/tos-maliva-i-o3syd03w52-us/67a133c22b7c48d09ade40eac879478b~tplv-o3syd03w52-resize-jpeg:1000:1000.image?,https://shop.tiktok.com/view/product/1729479925562053719?region=US&locale=en,黄依婷,4.7
2026/8/23,US,US,爆款,1732477720989503831,S260707003947,FOXCLAW Curve,非SKM商家,大码女装,女士上装,女士连帽卫衣,大码女装+女士上装,"(500,1000]",12.16,"(100,+∞)",108.27%,"(100%, 300%]","(100,200]",2026/7/20,34,非JIT商品,771,0,"Khaki,Light blue,Black,Dark gray,Burgundy",5,"5XL,4XL,1XL,3XL,2XL",5,Spring&Fall,https://p16-oec-va.ibyteimg.com/tos-maliva-i-o3syd03w52-us/216b33d81f214faba86798ef6b4b3a9b~tplv-o3syd03w52-resize-jpeg:1000:1000.image?,https://shop.tiktok.com/view/product/1732477720989503831?region=US&locale=en,郑川粤,4.1
2026/8/23,US,US,爆款,1731093922834256103,S250418017608,NovaMode.,非SKM商家,标码女装,女士下装,长裤,标码女装+女士下装,"(5000,10000]",16.72,"(100,+∞)",146.22%,"(100%, 300%]","(100,200]",2025/4/27,483,非JIT商品,"12,831",0,"Iron gray,White,Black,Dark gray,Dark brown,Apricot",6,"M,S,L,XL,XXL,XS",6,Spring&Fall,https://p16-oec-va.ibyteimg.com/tos-maliva-i-o3syd03w52-us/84f39e8db0c14dc39283a97128be22c3~tplv-o3syd03w52-resize-jpeg:1000:1000.image?,https://shop.tiktok.com/view/product/1731093922834256103?region=US&locale=en,王谍,4.4
2026/8/23,US,US,爆款,1732352193703482186,S260417005144,"Pusheng2 Fushi Co., DongGuan",非SKM商家,标码女装,女士套装及西服,长裤套装,标码女装+女士套装及西服,"(5000,10000]",15.24,"(100,+∞)",52.26%,"(50%, 100%]","(50,100]",2026/4/27,118,非JIT商品,624,0,"Coffee brown,Khaki,Navy blue,Gray,Black,Dark gray,Apricot",7,"M,S,L,XL,XXL",5,All Seasons,https://p16-oec-ttp.tiktokcdn-us.com/tos-useast5-i-omjb5zjo8w-tx/841d7867cd3247759a36ff11567ebf76~tplv-omjb5zjo8w-resize-jpeg:1000:1000.image?,https://shop.tiktok.com/view/product/1732352193703482186?region=US&locale=en,王谍,4.9
2026/8/23,US,US,爆款,1731956076613964535,S251020040859,FlaireX,非SKM商家,标码女装,女士套装及西服,长裤套装,标码女装+女士套装及西服,"(10000,+∞)",19.44,"(100,+∞)",-30.60%,负增长,"(30,50]",2025/10/23,304,非JIT商品,"1,790",0,"Lavender,Pink,Olive green,Yellow,Fawn brown,Pastel blue,Apricot",7,"M,S,L,XL,XXL",5,Spring&Fall,https://p16-oec-ttp.tiktokcdn-us.com/tos-useast5-i-omjb5zjo8w-tx/5bf0be01c2df48a6950b6dfb421cfb9f~tplv-omjb5zjo8w-resize-jpeg:1000:1000.image?,https://shop.tiktok.com/view/product/1731956076613964535?region=US&locale=en,刘雪莹,4.1
2026/8/23,US,US,爆款,1732380227029667913,S260429018651,Easy Buy Relax,非SKM商家,大码女装,女士下装,长裤,大码女装+女士下装,"(5000,10000]",19.43,"(100,+∞)",103.15%,"(100%, 300%]","(50,100]",2026/5/11,104,非JIT商品,"2,793",0,"Jet black,Orange,Navy blue,Flame red,White,Black,Fawn brown,Copper brown,Brown",9,"4XL,1XL,0XL,3XL,2XL",5,Spring&Fall,https://p16-oec-va.ibyteimg.com/tos-maliva-i-o3syd03w52-us/d289121266c845acbaee6c6423893e0c~tplv-o3syd03w52-resize-jpeg:1000:1000.image?,https://shop.tiktok.com/view/product/1732380227029667913?region=US&locale=en,郑川粤,4.6
2026/8/23,US,US,爆款,1730939787549249699,S250317018578,Yz Sweaters,非SKM商家,标码女装,女士针织衫,开衫,标码女装+女士针织衫,"(10000,+∞)",13.18,"(100,+∞)",9.50%,"(0%, 50%]","(30,50]",2025/3/27,514,非JIT商品,"2,900",0,"Grey,Royal blue,Pink,Light blue,Yellow,Black,Off white,Beige,Maroon",9,"M,S,L,XL",4,Spring&Fall,https://p16-oec-va.ibyteimg.com/tos-maliva-i-o3syd03w52-us/cc0b324b11ad4993b568075b5abc7ff2~tplv-o3syd03w52-resize-jpeg:1000:1000.image?,https://shop.tiktok.com/view/product/1730939787549249699?region=US&locale=en,沈亦莎,4.4
2026/8/23,US,US,爆款,1732222505283457993,S260114091164,Verve Fashion,非SKM商家,标码女装,女士套装及西服,短裤套装,标码女装+女士套装及西服,"(10000,+∞)",10.01,"(100,+∞)",52.23%,"(50%, 100%]","(50,100]",2026/1/14,221,非JIT商品,"1,449",1,"Light green,Red,Army green,Rust orange,Black,Dark gray,Light wash,Apricot,Silver,Mint green,Pink,Hot pink,Yellow,Violet,White",15,"M,S,L,XL,XXL",5,Summer,https://p16-oec-va.ibyteimg.com/tos-maliva-i-o3syd03w52-us/843f4ffa0a66481eaf354e449507379c~tplv-o3syd03w52-resize-jpeg:1000:1000.image?,https://shop.tiktok.com/view/product/1732222505283457993?region=US&locale=en,刘雪莹,4.7
2026/8/23,US,US,爆款,1729413212566229739,S231104000432,Bettlity,非SKM商家,标码女装,女士针织衫,毛衣套头衫,标码女装+女士针织衫,"(10000,+∞)",18.24,"(100,+∞)",54.93%,"(50%, 100%]","(50,100]",2023/11/15,"1,012",非JIT商品,"4,116",0,"Burgundy,Army Green*1 pc+Mint Green*1 pc,Dark Gray*1 pc+Burgundy*1 pc,Royal blue,Khaki,Dark Gray*1 pc+Dark Green*1 pc,Light green,Dark Gray*1 pc+Black*1 pc,Army green,Black,Dark gray,Pink*1 pc+Burgundy*1 pc,Dark green,Mint green,Pink,Army Green*1 pc+Dark Green*1 pc,Mauve purple,Burgundy*1 pc+Army Green*1 pc",18,"M,S,XL,XS,XXL,L",6,Fall&Winter,https://p16-oec-ttp.tiktokcdn-us.com/tos-useast5-i-omjb5zjo8w-tx/8c3061a96ced4ed0aeb5abc8d84d795f~tplv-omjb5zjo8w-resize-jpeg:1000:1000.image?,https://shop.tiktok.com/view/product/1729413212566229739?region=US&locale=en,沈亦莎,4.7
2026/8/23,US,US,爆款,1729391853318148520,S230712002838,YMW,非SKM商家,标码女装,女士下装,半身裙,标码女装+女士下装,"(10000,+∞)",14.3,"(100,+∞)",-28.99%,负增长,"(30,50]",2023/8/24,"1,095",非JIT商品,"1,071",0,"Multicolor7,Multicolor6,skirt 1set （orange+khaki+yellow ）,Multicolor9,Multicolor12,Dark orange,Multicolor4*1 pc+Multicolor2*1 pc+Multicolor1*1 pc,Multicolor1,Multicolor8,skirt 3pc （red+black+yellow）,Multicolor5,Multicolor11,Multicolor2,Multicolor3,Deep red,Multicolor10,Multicolor4",17,"M,S,L,XL,XXL",5,Fall&Winter,https://p16-oec-va.ibyteimg.com/tos-alisg-i-aphluv4xwc-sg/53c5d0cb112b43708c18e242bdca894c~tplv-o3syd03w52-resize-jpeg:1000:1000.image?,https://shop.tiktok.com/view/product/1729391853318148520?region=US&locale=en,黄依婷,3.8
2026/8/23,US,US,爆款,1732349344616255503,S260324054739,CITY GIRL,非SKM商家,标码女装,女士下装,长裤,标码女装+女士下装,"(5000,10000]",15.28,"(100,+∞)",6.02%,"(0%, 50%]","(50,100]",2026/4/28,117,非JIT商品,"1,127",0,"Leopard print + black,Solid black with stripes all over,Gray,Black polka dots + stripes,Black Polka Dots,Blue + light leopard print,Light blue polka dots + stripes,Coffee color polka dots + stripes,Gray + Stripes,Brown polka dots,Gray all-over striped,Gray polka dots,Burgundy,Brown,Army green,Blue + dark leopard print,Stripes + Black,Black,Stripes + Gray,Dark wash,Pink + Camouflage,Coffee brown,Pink,Brown, fully striped,Brown + Stripes,Yellow,White,Black + Stripes,Sky blue,Pink leopard print",30,"M,S,XL,L",4,Summer,https://p16-oec-ttp.tiktokcdn-us.com/tos-useast5-i-omjb5zjo8w-tx/6e1babe35ac041cf87ac2f60d7b3ffb5~tplv-omjb5zjo8w-resize-jpeg:1000:1000.image?,https://shop.tiktok.com/view/product/1732349344616255503?region=US&locale=en,王瑶,4.8
2026/8/23,US,US,爆款,1729663675755762251,S240905000268,StreetWeat Outfits,非SKM商家,标码女装,女士下装,半身裙,标码女装+女士下装,"(10000,+∞)",7.38,"(100,+∞)",64.96%,"(50%, 100%]","(50,100]",2024/9/25,697,非JIT商品,"1,085",0,"Rust red,Flame red,Coral pink,Champagne,Copper brown,Green,Blue,Coffee brown,Grey,Purple,Light brown,Deep red,Yellow,White,Brown",15,"M,S,XL,L,XS,XXL",6,Spring&Fall,https://p16-oec-va.ibyteimg.com/tos-maliva-i-o3syd03w52-us/91353aa1a86e4ae28e4eef79de2c42ca~tplv-o3syd03w52-resize-jpeg:1000:1000.image?,https://shop.tiktok.com/view/product/1729663675755762251?region=US&locale=en,张健,4.3
2026/8/23,US,US,爆款,1730927580443415054,S250312012262,YunShine,非SKM商家,标码女装,女士针织衫,毛衣套头衫,标码女装+女士针织衫,"(10000,+∞)",11.3,"(100,+∞)",-1.69%,负增长,"(50,100]",2025/3/25,516,非JIT商品,"1,038",0,"Multicolor5,Khaki,Multicolor2,Army green,Multicolor3,Black,Fawn brown,Beige,Light wash,Multicolor1,Multicolor4,Dark wash",12,"M,S,L,XL",4,Summer,https://p16-oec-va.ibyteimg.com/tos-maliva-i-o3syd03w52-us/f9360335b48849d9839e0cde305b378e~tplv-o3syd03w52-resize-jpeg:1000:1000.image?,https://shop.tiktok.com/view/product/1730927580443415054?region=US&locale=en,王可心,4.7
2026/8/23,US,US,爆款,1732361826291257881,S260423031134,chrzz,非SKM商家,标码女装,女士套装及西服,短裤套装,标码女装+女士套装及西服,"(5000,10000]",22.15,"(100,+∞)",-21.43%,负增长,"(30,50]",2026/4/23,122,非JIT商品,"1,316",0,"Hot pink,White,Black,Coral pink,Chartreuse",5,"M,S,XL,L,XXL",5,Spring&Fall,https://p16-oec-va.ibyteimg.com/tos-maliva-i-o3syd03w52-us/0827d08309574528926eb99652c367c5~tplv-o3syd03w52-resize-jpeg:1000:1000.image?,https://shop.tiktok.com/view/product/1732361826291257881?region=US&locale=en,游宇航,4.8
2026/8/23,US,US,爆款,1732290758964318534,S250918054639,Chic Luxe Fibers,非SKM商家,标码女装,女士下装,长裤,标码女装+女士下装,"(10000,+∞)",14.61,"(100,+∞)",-10.06%,负增长,"(30,50]",2026/3/15,161,非JIT商品,"2,367",0,"Coffee color,White,Black,Dark blue,Fawn brown",5,"M,S,L,XL,XXL",5,Spring&Fall,https://p16-oec-ttp.tiktokcdn-us.com/tos-useast5-i-omjb5zjo8w-tx/e02d9e0e33994e14adb315b42f5bed76~tplv-omjb5zjo8w-resize-jpeg:1000:1000.image?,https://shop.tiktok.com/view/product/1732290758964318534?region=US&locale=en,王瑶,2.8
2026/8/23,US,US,爆款,1732486957655035923,S260712007420,ZC-fashion,非SKM商家,大码女装,女士连衣裙,休闲连衣裙,大码女装+女士连衣裙,"(1000,2000]",18.08,"(100,+∞)",-42.68%,负增长,"(10,30]",2026/7/24,30,非JIT商品,589,0,"Pink,Red,Black and white,Green",4,"4XL,1XL,0XL,3XL,2XL",5,Spring&Fall,https://p16-oec-va.ibyteimg.com/tos-alisg-i-aphluv4xwc-sg/153fc22523ac46eda46c9d7d0ab74392~tplv-o3syd03w52-resize-jpeg:1000:1000.image?,https://shop.tiktok.com/view/product/1732486957655035923?region=US&locale=en,张宇,4
2026/8/23,US,US,爆款,1732258014251487280,S260102036483,Eastoon Stars,非SKM商家,标码女装,女士下装,长裤,标码女装+女士下装,"(10000,+∞)",24.17,"(100,+∞)",5.77%,"(0%, 50%]","(50,100]",2026/1/24,211,非JIT商品,"1,066",0,"Coffee brown,Pink,Khaki,Navy blue,Army green,Black,Apricot",7,"M,S,XL,L,XS",5,Summer,https://p16-oec-va.ibyteimg.com/tos-maliva-i-o3syd03w52-us/44e118155b6547d1892e1e45de9e4cac~tplv-o3syd03w52-resize-jpeg:1000:1000.image?,https://shop.tiktok.com/view/product/1732258014251487280?region=US&locale=en,王谍,3.2
2026/8/23,US,US,爆款,1729629493797752875,S240823004058,Yinos Fashion,SKM商家,标码女装,女士套装及西服,长裤套装,标码女装+女士套装及西服,"(10000,+∞)",12.89,"(100,+∞)",6.13%,"(0%, 50%]","(50,100]",2024/9/8,714,非JIT商品,"1,643",0,"Navy blue,Dusty blue,Black,Pebble lime,Set3,Dark gray,Blue,Green,Set2,Coffee brown,Set4,Set1,Pink,Burgundy",14,"M,S,XL,L,XS",5,Spring&Fall,https://p16-oec-va.ibyteimg.com/tos-maliva-i-o3syd03w52-us/fda049ecc07a4bbeb3bff98ae01209cb~tplv-o3syd03w52-resize-jpeg:1000:1000.image?,https://shop.tiktok.com/view/product/1729629493797752875?region=US&locale=en,游宇航,4.8
2026/8/23,US,US,爆款,1732416695313207406,S260528008769,Soft Frame,非SKM商家,标码女装,女士下装,长裤,标码女装+女士下装,"(1000,2000]",13.44,"(100,+∞)",40.28%,"(0%, 50%]","(50,100]",2026/5/31,84,非JIT商品,"2,481",0,"Coffee brown,Blue-brown,Khaki,Reed green,Black,Pastel blue,Off-white polka dots,Copper brown",8,"M,S,XL,L",4,Spring&Fall,https://p16-oec-va.ibyteimg.com/tos-alisg-i-aphluv4xwc-sg/0309b66bd8f8430ea0eac086a6138db3~tplv-o3syd03w52-resize-jpeg:1000:1000.image?,https://shop.tiktok.com/view/product/1732416695313207406?region=US&locale=en,王谍,3.8
2026/8/23,US,US,爆款,1730995115107586816,S250318015748,FashionNove,非SKM商家,标码女装,女士下装,短裤,标码女装+女士下装,"(10000,+∞)",14.26,"(100,+∞)",-4.76%,负增长,"(30,50]",2025/4/7,503,JIT商品,468,0,"Gray-green,Multicolor,Grayish white,Bright orange",4,"M,S,XL,L,XXL",5,Summer,https://p16-oec-ttp.tiktokcdn-us.com/tos-useast5-i-omjb5zjo8w-tx/9690dbfa760749f6860cc74777e8ccf9~tplv-omjb5zjo8w-resize-jpeg:1000:1000.image?,https://shop.tiktok.com/view/product/1730995115107586816?region=US&locale=en,王谍,4.3
2026/8/23,US,US,爆款,1731989665441485336,S251028026127,Kliou Store,非SKM商家,标码女装,女士套装及西服,半裙套装,标码女装+女士套装及西服,"(5000,10000]",11.12,"(100,+∞)",-17.58%,负增长,"(30,50]",2025/11/2,294,非JIT商品,604,0,"Blue,Burgundy,Yellow,White,Black,Brown",6,"M,S,XS,L",4,Spring&Fall,https://p16-oec-va.ibyteimg.com/tos-alisg-i-aphluv4xwc-sg/afde400b68c842dbb45896ff47dde15c~tplv-o3syd03w52-resize-jpeg:1000:1000.image?,https://shop.tiktok.com/view/product/1731989665441485336?region=US&locale=en,刘雪莹,3.8
2026/8/23,US,US,爆款,1732098781023342678,S251128066417,Chic Silk Elite,非SKM商家,标码女装,女士下装,长裤,标码女装+女士下装,"(5000,10000]",19.22,"(100,+∞)",-9.94%,负增长,"(50,100]",2025/11/28,268,JIT商品,"2,046",0,"Green,Blue,Purple,Hot pink,Orange,Yellow,Black,Dark wash,Brown",9,"M,S,XL,L,XXL",5,Spring&Fall,https://p16-oec-ttp.tiktokcdn-us.com/tos-useast5-i-omjb5zjo8w-tx/0252f9d3446740ad92de64e967c978ba~tplv-omjb5zjo8w-resize-jpeg:1000:1000.image?,https://shop.tiktok.com/view/product/1732098781023342678?region=US&locale=en,王瑶,3.7
2026/8/23,US,US,爆款,1732482226545791319,S260708021395,FOXCLAW Curve,非SKM商家,大码女装,女士下装,长裤,大码女装+女士下装,"(500,1000]",11.67,"(100,+∞)",-16.58%,负增长,"(50,100]",2026/7/20,34,非JIT商品,112,0,"Gray,Black,Dark wash",3,"5XL,4XL,1XL,3XL,2XL",5,Spring&Fall,https://p16-oec-va.ibyteimg.com/tos-maliva-i-o3syd03w52-us/7f04a7fa6f204c9ba1441b08bbe734b2~tplv-o3syd03w52-resize-jpeg:1000:1000.image?,https://shop.tiktok.com/view/product/1732482226545791319?region=US&locale=en,郑川粤,4.1
2026/8/23,US,US,爆款,1732358337977881194,S260422009321,Chic Savvy Codes,非SKM商家,标码女装,女士针织衫,毛衣套头衫,标码女装+女士针织衫,"(1000,2000]",11.8,"(100,+∞)",113.33%,"(100%, 300%]","(50,100]",2026/4/30,115,非JIT商品,646,0,"Curry,Purple,Khaki,White,Black,Green",6,"M,S,L,XL,XXL",5,Summer,https://p16-oec-ttp.tiktokcdn-us.com/tos-useast5-i-omjb5zjo8w-tx/b3280b3a08564600bfbf93698d95d763~tplv-omjb5zjo8w-resize-jpeg:1000:1000.image?,https://shop.tiktok.com/view/product/1732358337977881194?region=US&locale=en,王可心,4
2026/8/23,US,US,爆款,1732422560563368695,S260601031739,FlaireX,非SKM商家,标码女装,女士套装及西服,长裤套装,标码女装+女士套装及西服,"(5000,10000]",23.87,"(100,+∞)",36.72%,"(0%, 50%]","(50,100]",2026/6/6,78,非JIT商品,"1,127",0,"Pink,Royal blue,Light blue,Army green,Black,Dark gray,Apricot",7,"M,S,XL,L,XXL",5,Summer,https://p16-oec-va.ibyteimg.com/tos-maliva-i-o3syd03w52-us/1ec800fbd46a466db010661dffd631ff~tplv-o3syd03w52-resize-jpeg:1000:1000.image?,https://shop.tiktok.com/view/product/1732422560563368695?region=US&locale=en,刘雪莹,4.1
2026/8/23,US,US,爆款,1732357342020539386,S260421023266,Lira Maison,非SKM商家,标码女装,女士套装及西服,长裤套装,标码女装+女士套装及西服,"(5000,10000]",16.8,"(100,+∞)",21.58%,"(0%, 50%]","(30,50]",2026/5/3,112,非JIT商品,"1,928",0,"Green,Brown,Navy blue,Black,Dark gray,Burgundy",6,"M,S,XL,L,XS",5,Summer,https://p16-oec-va.ibyteimg.com/tos-maliva-i-o3syd03w52-us/cbd50a309971488d896cb55a515f737a~tplv-o3syd03w52-resize-jpeg:1000:1000.image?,https://shop.tiktok.com/view/product/1732357342020539386?region=US&locale=en,黄依婷,4
2026/8/23,US,US,爆款,1732291744136270315,S260316000895,Finjani Plus,非SKM商家,大码女装,女士上装,女士 T 恤,大码女装+女士上装,"(5000,10000]",17.76,"(100,+∞)",3.97%,"(0%, 50%]","(30,50]",2026/3/16,160,非JIT商品,"2,214",0,"Multicolor5,Multicolor2,Multicolor6,Multicolor,Multicolor1,Multicolor4",6,"4XL,1XL,0XL,3XL,2XL",5,Summer,https://p16-oec-va.ibyteimg.com/tos-maliva-i-o3syd03w52-us/beace9775c5f461297807d9e0110e6b9~tplv-o3syd03w52-resize-jpeg:1000:1000.image?,https://shop.tiktok.com/view/product/1732291744136270315?region=US&locale=en,张宇,4.5
2026/8/23,US,US,爆款,1729673063478169831,S240913009120,NovaMode.,非SKM商家,标码女装,女士下装,长裤,标码女装+女士下装,"(10000,+∞)",24.85,"(100,+∞)",3.60%,"(0%, 50%]","(50,100]",2024/9/30,692,非JIT商品,"2,551",0,"Off White*1 pc+Dark Brown*1 pc,Black*1 pc+Off White*1 pc,Khaki gray,Multicolor,Pebble lime,Black,Dark gray,Multicolor1,Blue,Grey,Purple,Black*1 pc+Dark Brown*1 pc,Deep red,Off-white,Dark brown",15,"M,S,L,XS,XXL,XL",6,Spring&Fall,https://p16-oec-va.ibyteimg.com/tos-maliva-i-o3syd03w52-us/095ccbd945bb4b519875fcc0670489df~tplv-o3syd03w52-resize-jpeg:1000:1000.image?,https://shop.tiktok.com/view/product/1729673063478169831?region=US&locale=en,王谍,4.4
2026/8/23,US,US,爆款,1731569237947813934,S250626013387,Tuo Go,非SKM商家,大码女装,女士下装,半身裙,大码女装+女士下装,"(2000,5000]",9.71,"(100,+∞)",72.81%,"(50%, 100%]","(50,100]",2025/8/5,383,JIT商品,522,"8,416","Purple,Powder foundation,Royal blue,Khaki,Turquoise,Wine red,Red,Army green,Black,Deep Blue,Sky blue,Bright orange,Pure black",13,"4XL,1XL,3XL,2XL",4,Fall&Winter,https://p16-oec-ttp.tiktokcdn-us.com/tos-useast5-i-omjb5zjo8w-tx/dbb14f141bf04d0685667ebd8cad0846~tplv-omjb5zjo8w-resize-jpeg:1000:1000.image?,https://shop.tiktok.com/view/product/1731569237947813934?region=US&locale=en,王瑶,4.4
2026/8/23,US,US,爆款,1732372443613860699,S260427032568,FNZE Fashion,非SKM商家,大码女装,女士连衣裙,休闲连衣裙,大码女装+女士连衣裙,"(1000,2000]",19.77,"(100,+∞)",-27.17%,负增长,"(10,30]",2026/4/27,118,JIT商品,332,15,"Purple,Pink,Red,Yellow,Lime green,White,Black,Dark green,Blue",9,One-size,1,All Seasons,https://p16-oec-ttp.tiktokcdn-us.com/tos-useast5-i-omjb5zjo8w-tx/bea1692ee8664e36927e1e0d9fcce0e6~tplv-omjb5zjo8w-resize-jpeg:1000:1000.image?,https://shop.tiktok.com/view/product/1732372443613860699?region=US&locale=en,张宇,4.9
2026/8/23,US,US,爆款,1729505434471274353,S260310105650,Nova Fashion,非SKM商家,标码女装,女士下装,长裤,标码女装+女士下装,"(2000,5000]",16.82,"(100,+∞)",3.29%,"(0%, 50%]","(30,50]",2026/3/11,165,非JIT商品,731,0,"Black,Dark brown,Apricot",3,"M,S,XS,L,XL",5,Spring&Fall,https://p16-oec-va.ibyteimg.com/tos-maliva-i-o3syd03w52-us/4b40d6587a5a4799aab0b08c7df734f5~tplv-o3syd03w52-resize-jpeg:1000:1000.image?,https://shop.tiktok.com/view/product/1729505434471274353?region=US&locale=en,王谍,3.7
2026/8/23,US,US,爆款,1732365070600475483,S260424031937,FNZE Fashion,非SKM商家,大码女装,女士连衣裙,休闲连衣裙,大码女装+女士连衣裙,"(1000,2000]",16.26,"(100,+∞)",-74.88%,负增长,"(10,30]",2026/4/24,121,非JIT商品,743,0,"Blue,Pink,Red,Yellow,Black,Green",6,One-size,1,Summer,https://p16-oec-ttp.tiktokcdn-us.com/tos-useast5-i-omjb5zjo8w-tx/135a29ae41bf4e5db5be7588d319a150~tplv-omjb5zjo8w-resize-jpeg:1000:1000.image?,https://shop.tiktok.com/view/product/1732365070600475483?region=US&locale=en,张宇,4.9
2026/8/23,US,US,爆款,1731172880999683011,S250508013693,Calorie Club,非SKM商家,标码女装,女士套装及西服,长裤套装,标码女装+女士套装及西服,"(10000,+∞)",22.23,"(100,+∞)",32.28%,"(0%, 50%]","(50,100]",2025/5/15,465,JIT商品,"8,176",0,"Cream Yellow,Black,Dark gray,Clear Sky Blue,Smoked Purple,Apricot,Cherry Red,Green,Grey,Purple,Lime Green,Mint green,Coffee brown,Pink,Begonia Pink,Deep red,Yellow,Sakura Pink",18,"M,S,XL,L",4,All Seasons,https://p16-oec-va.ibyteimg.com/tos-maliva-i-o3syd03w52-us/a5f46d2a75d24d46a1ddd22d28d7e086~tplv-o3syd03w52-resize-jpeg:1000:1000.image?,https://shop.tiktok.com/view/product/1731172880999683011?region=US&locale=en,刘雪莹,4.9
2026/8/23,US,US,爆款,1732043700509249539,S251111098393,Eyvonne,非SKM商家,标码女装,女士套装及西服,长裤套装,标码女装+女士套装及西服,"(1000,2000]",19.6,"(100,+∞)",28.80%,"(0%, 50%]","(50,100]",2025/11/12,284,JIT商品,378,106,"Brown and white,Black and white and grey,Black and red and gray,Black and green",4,"M,S,XL,L,XXL",5,Spring&Fall,https://p16-oec-ttp.tiktokcdn-us.com/tos-useast5-i-omjb5zjo8w-tx/061a4c647eb3447dbd3a90f5fa40ddde~tplv-omjb5zjo8w-resize-jpeg:1000:1000.image?,https://shop.tiktok.com/view/product/1732043700509249539?region=US&locale=en,刘雪莹,3.2
2026/8/23,US,US,爆款,1732250174985769822,S260121016403,Mayins,非SKM商家,标码女装,女士套装及西服,短裤套装,标码女装+女士套装及西服,"(5000,10000]",11.17,"(100,+∞)",-14.86%,负增长,"(30,50]",2026/1/27,208,非JIT商品,"2,717",0,"Pink,Gray,Black,Fawn brown,Pale green,Brown",6,"M,S,XS,XL,L",5,Summer,https://p16-oec-va.ibyteimg.com/tos-maliva-i-o3syd03w52-us/4534e24bed724a9296a7f255fe95b531~tplv-o3syd03w52-resize-jpeg:1000:1000.image?,https://shop.tiktok.com/view/product/1732250174985769822?region=US&locale=en,黄依婷,4.8
2026/8/23,US,US,爆款,1732399461808968134,S260515012899,TY Trove,非SKM商家,标码女装,女士套装及西服,短裤套装,标码女装+女士套装及西服,"(1000,2000]",21.57,"(100,+∞)",-10.39%,负增长,"(50,100]",2026/5/29,86,非JIT商品,442,0,"Pink,Black,Blue",3,"M,S,L,XL",4,Summer,https://p16-oec-va.ibyteimg.com/tos-alisg-i-aphluv4xwc-sg/fac7cd69173b494180c8361d23cbaeb3~tplv-o3syd03w52-resize-jpeg:1000:1000.image?,https://shop.tiktok.com/view/product/1732399461808968134?region=US&locale=en,黄依婷,3.8
2026/8/23,US,US,爆款,1732196535978529790,S260105038071,Ailyak knit,非SKM商家,标码女装,女士针织衫,毛衣套头衫,标码女装+女士针织衫,"(10000,+∞)",8.85,"(100,+∞)",13.95%,"(0%, 50%]","(50,100]",2026/1/5,230,非JIT商品,"1,857",0,"Baby pink,Black Silver,Red,Light green,Light blue,Orange,Black,Apricot,Blue,Green,Medium wash,Purple,Pink,Hot pink,Strong white,Yellow,White,Cloud white,Golden",19,"M,S,XS,L,XXL,XL",6,Summer,https://p16-oec-va.ibyteimg.com/tos-maliva-i-o3syd03w52-us/6a08349fb29b4ebea9ab676885451029~tplv-o3syd03w52-resize-jpeg:1000:1000.image?,https://shop.tiktok.com/view/product/1732196535978529790?region=US&locale=en,沈亦莎,3.8
2026/8/23,US,US,爆款,1730933415941738813,S250305017845,Chic Ensemble,非SKM商家,标码女装,女士套装及西服,半裙套装,标码女装+女士套装及西服,"(10000,+∞)",8.53,"(100,+∞)",27.42%,"(0%, 50%]","(50,100]",2025/3/26,515,非JIT商品,"2,769",0,"Multicolor7,Multicolor6,Multicolor9,Multicolor,Leopard print,Multicolor8,Blue,Multicolor5,Multicolor2,Strong white,Multicolor3,Lemon yellow,Chartreuse,Dark brown,Bright orange,Multicolor4,Brown",17,"M,S,XL,L,XS",5,Summer,https://p16-oec-ttp.tiktokcdn-us.com/tos-useast5-i-omjb5zjo8w-tx/0beb8f6b2cc54a1c97a96046706fd4a1~tplv-omjb5zjo8w-resize-jpeg:1000:1000.image?,https://shop.tiktok.com/view/product/1730933415941738813?region=US&locale=en,刘雪莹,3.6
2026/8/23,US,US,爆款,1729975611144770325,S241102005244,AOMR,非SKM商家,标码女装,女士下装,半身裙,标码女装+女士下装,"(10000,+∞)",6.43,"(100,+∞)",28.57%,"(0%, 50%]","(50,100]",2024/11/17,644,非JIT商品,684,0,"Grey,Black,Burgundy",3,"M,S,L",3,All Seasons,https://p16-oec-va.ibyteimg.com/tos-alisg-i-aphluv4xwc-sg/056c0af5872f43b28e4b87ea98dfb219~tplv-o3syd03w52-resize-jpeg:1000:1000.image?,https://shop.tiktok.com/view/product/1729975611144770325?region=US&locale=en,王谍,4.3
2026/8/23,US,US,爆款,1731061893945200720,S250316007676,chic angel,非SKM商家,标码女装,女士下装,长裤,标码女装+女士下装,"(10000,+∞)",9.11,"(100,+∞)",27.83%,"(0%, 50%]","(30,50]",2025/4/20,490,非JIT商品,"1,264",0,"Pink,Khaki,Olive green,Light blue,Black,Off white,Dark brown,Salmon pink,Beige,Apricot,Dark wash,Burgundy",12,"M,S,XL,L",4,Spring&Fall,https://p16-oec-va.ibyteimg.com/tos-maliva-i-o3syd03w52-us/777aa41971554c33b6753fb3dbd5a09e~tplv-o3syd03w52-resize-jpeg:1000:1000.image?,https://shop.tiktok.com/view/product/1731061893945200720?region=US&locale=en,王谍,3.7
2026/8/23,US,US,爆款,1732292826324112340,S260315032598,fashion iconn,非SKM商家,标码女装,女士针织衫,开衫,标码女装+女士针织衫,"(5000,10000]",15.36,"(100,+∞)",-6.62%,负增长,"(30,50]",2026/3/23,153,非JIT商品,476,0,"Mint green,Pink,Khaki,White,Black,Dark orange,Beige",7,"M,S,XL,L,XXL,XS",6,Summer,https://p16-oec-va.ibyteimg.com/tos-maliva-i-o3syd03w52-us/9ed3e319da5b47a087a6c704ffeb4423~tplv-o3syd03w52-resize-jpeg:1000:1000.image?,https://shop.tiktok.com/view/product/1732292826324112340?region=US&locale=en,王可心,4.3
2026/8/23,US,US,爆款,1732214857720828768,S260111074861,HeartShine,非SKM商家,标码女装,女士特殊服饰,女士制服,标码女装+女士特殊服饰,"(10000,+∞)",19.32,"(100,+∞)",-15.54%,负增长,"(30,50]",2026/1/15,220,非JIT商品,910,0,"Pink,Cyan,Navy blue,Black,Pale green,Mauve purple,Burgundy",7,"M,S,L,XL,XXL",5,All Seasons,https://p16-oec-va.ibyteimg.com/tos-maliva-i-o3syd03w52-us/6746b3ad296547c49138b07c691aa69b~tplv-o3syd03w52-resize-jpeg:1000:1000.image?,https://shop.tiktok.com/view/product/1732214857720828768?region=US&locale=en,徐熙雅,2.9
2026/8/23,US,US,爆款,1731878986132263245,S250925028674,Follome,非SKM商家,标码女装,女士下装,长裤,标码女装+女士下装,"(5000,10000]",13.44,"(100,+∞)",151.22%,"(100%, 300%]","(30,50]",2025/10/6,321,非JIT商品,903,0,"Green,Blue,Wine red,Gray,Black,Apricot,Brown",7,"M,S,XL,L,XXL",5,Spring&Fall,https://p16-oec-va.ibyteimg.com/tos-maliva-i-o3syd03w52-us/c786499c90ee426fb06f6082f05a8407~tplv-o3syd03w52-resize-jpeg:1000:1000.image?,https://shop.tiktok.com/view/product/1731878986132263245?region=US&locale=en,张健,4.6
2026/8/23,US,US,爆款,1732229235456119030,S260116031981,ASTYR,非SKM商家,标码女装,女士套装及西服,短裤套装,标码女装+女士套装及西服,"(10000,+∞)",8.37,"(100,+∞)",-13.70%,负增长,"(30,50]",2026/1/26,209,非JIT商品,"1,399",0,"Red,Army green,Black,Sky blue,Bright orange,Brown",6,"M,S,L,XL,XXL",5,Summer,https://p16-oec-ttp.tiktokcdn-us.com/tos-useast5-i-omjb5zjo8w-tx/65f565e73f964767ae62b76a1cb70dee~tplv-omjb5zjo8w-resize-jpeg:1000:1000.image?,https://shop.tiktok.com/view/product/1732229235456119030?region=US&locale=en,刘雪莹,4.4
2026/8/23,US,US,爆款,1732407727051936220,S260521024390,ZQ Clothing,非SKM商家,标码女装,女士套装及西服,长裤套装,标码女装+女士套装及西服,"(2000,5000]",14.82,"(100,+∞)",121.11%,"(100%, 300%]","(50,100]",2026/5/22,93,JIT商品,517,378,"Blue concealment,Burgundy,Medium wash,Sakura Pink,Gray,Black,Lime yellow,Pale green,Brown",9,"M,S,XL,L",4,All Seasons,https://p16-oec-ttp.tiktokcdn-us.com/tos-useast5-i-omjb5zjo8w-tx/b8a7b5d588ca4eb189c3fdefa7af6fbe~tplv-omjb5zjo8w-resize-jpeg:1000:1000.image?,https://shop.tiktok.com/view/product/1732407727051936220?region=US&locale=en,刘雪莹,4.9
2026/8/23,US,US,爆款,1729413744750662234,S231108004319,Orgnvin,非SKM商家,标码女装,女士针织衫,开衫,标码女装+女士针织衫,"(10000,+∞)",15.04,"(100,+∞)",17.12%,"(0%, 50%]","(30,50]",2023/11/17,"1,010",JIT商品,"2,688",919,"Royal blue,Khaki,Orange,Army green,Black,Dark gray,Off white,Turquoise blue,Light wash,Hot Pink*1 pc+White*1 pc,Green,Coffee brown,Purple,Pink,Hot pink,Lemon yellow,Deep red,Black*1 pc+White*1 pc,Coffee Brown*1 pc+Black*1 pc,Burgundy",20,"M,S,XL,L",4,Spring&Fall,https://p16-oec-va.ibyteimg.com/tos-maliva-i-o3syd03w52-us/c74c327a464347108b19c071862f8aae~tplv-o3syd03w52-resize-jpeg:1000:1000.image?,https://shop.tiktok.com/view/product/1729413744750662234?region=US&locale=en,王可心,4.7
2026/8/23,US,US,爆款,1731412937584447684,S250702015988,FACIO Direct,非SKM商家,标码女装,女士针织衫,开衫,标码女装+女士针织衫,"(10000,+∞)",23.82,"(100,+∞)",25.22%,"(0%, 50%]","(30,50]",2025/7/6,413,JIT商品,604,0,"Burgundy,Jet black,Baby pink,Army green,Navy blue,Deep pink,Black,Dark gray,Champagne,Apricot,Green,Medium wash,Yellow,Sky blue,Brown",15,"M,S,XS,L",4,Spring&Fall,https://p16-oec-va.ibyteimg.com/tos-alisg-i-aphluv4xwc-sg/bceba5ec845547efb825c477db1b5ea7~tplv-o3syd03w52-resize-jpeg:1000:1000.image?,https://shop.tiktok.com/view/product/1731412937584447684?region=US&locale=en,沈亦莎,4.3
2026/8/23,US,US,爆款,1732238582371553734,S260119029096,TY Trove,非SKM商家,标码女装,女士套装及西服,长裤套装,标码女装+女士套装及西服,"(5000,10000]",18.67,"(100,+∞)",103.45%,"(100%, 300%]","(30,50]",2026/3/23,153,非JIT商品,"1,522",0,"Pink,Khaki,White,Black,Fawn brown,Apricot,Brown",7,"M,S,XL,L,XXL",5,Summer,https://p16-oec-va.ibyteimg.com/tos-maliva-i-o3syd03w52-us/5edb4e9d65bd47248960613920639326~tplv-o3syd03w52-resize-jpeg:1000:1000.image?,https://shop.tiktok.com/view/product/1732238582371553734?region=US&locale=en,黄依婷,3.8
2026/8/23,US,US,爆款,1732502418826236395,S260720024520,Finjani Plus,非SKM商家,大码女装,女士针织衫,毛衣开衫,大码女装+女士针织衫,"(500,1000]",20.47,"(100,+∞)",-2.16%,负增长,"(30,50]",2026/7/20,34,JIT商品,117,60,"Purple,Pink,Orange,Blue",4,"5XL,4XL,6XL,1XL,0XL,3XL,2XL",7,Spring&Fall,https://p16-oec-va.ibyteimg.com/tos-maliva-i-o3syd03w52-us/58955aac16ef43729fc72b60a3bd67f5~tplv-o3syd03w52-resize-jpeg:1000:1000.image?,https://shop.tiktok.com/view/product/1732502418826236395?region=US&locale=en,张宇,4.5
2026/8/23,US,US,爆款,1729589207007400279,S240804000112,FOXCLAW Curve,非SKM商家,大码女装,女士上装,女士马甲,大码女装+女士上装,"(5000,10000]",12.69,"(100,+∞)",70.10%,"(50%, 100%]","(30,50]",2024/8/15,738,非JIT商品,183,0,"Brown*3 pcs,Grey,Gray*1 pc+Brown*1 pc,Deep red,Multicolor*3 pcs,Gray*3 pcs,Brown*2 pcs,Gray*2 pcs,Brown",9,"5XL,4XL,1XL,0XL,3XL,2XL",6,Spring&Fall,https://p16-oec-ttp.tiktokcdn-us.com/tos-useast5-i-omjb5zjo8w-tx/5b1f9abba8b34a9ab38a569babf40714~tplv-omjb5zjo8w-resize-jpeg:1000:1000.image?,https://shop.tiktok.com/view/product/1729589207007400279?region=US&locale=en,郑川粤,4.1
2026/8/23,US,US,爆款,1732197469032321255,S260105096548,NovaMode.,非SKM商家,标码女装,女士下装,短裤,标码女装+女士下装,"(10000,+∞)",17.81,"(100,+∞)",45.36%,"(0%, 50%]","(30,50]",2026/1/12,223,非JIT商品,"2,112",0,"Black,Dark gray,Apricot,Brown",4,"M,S,XL,XS,L",5,Summer,https://p16-oec-ttp.tiktokcdn-us.com/tos-useast5-i-omjb5zjo8w-tx/bea96f25ec6440b0bf32d2e896a37b67~tplv-omjb5zjo8w-resize-jpeg:1000:1000.image?,https://shop.tiktok.com/view/product/1732197469032321255?region=US&locale=en,王谍,4.4
2026/8/23,US,US,爆款,1729745890091438362,S241022004269,LILYTREE,非SKM商家,标码女装,女士针织衫,毛衣套头衫,标码女装+女士针织衫,"(10000,+∞)",16.58,"(100,+∞)",233.87%,"(100%, 300%]","(50,100]",2024/10/25,667,非JIT商品,"1,155",0,"Grey,Cream,Rust orange,Deep red,Black,Chartreuse,Off white,Salmon pink,Lime red,Green",10,"M,S,L,XL",4,Fall&Winter,https://p16-oec-ttp.tiktokcdn-us.com/tos-useast5-i-omjb5zjo8w-tx/f820d732bec44f42a01e08f0cacbc0bc~tplv-omjb5zjo8w-resize-jpeg:1000:1000.image?,https://shop.tiktok.com/view/product/1729745890091438362?region=US&locale=en,沈亦莎,4.4
2026/8/23,US,US,爆款,1732410390433731313,S260523027902,MO Threads,非SKM商家,大码女装,女士上装,女士衬衫,大码女装+女士上装,"(500,1000]",7.64,"(100,+∞)",19.83%,"(0%, 50%]","(30,50]",2026/5/27,88,JIT商品,234,89,"Royal blue,Army green,Black,Burgundy",4,"4XL,1XL,0XL,3XL,2XL",5,Summer,https://p16-oec-ttp.tiktokcdn-us.com/tos-useast5-i-omjb5zjo8w-tx/77561e6435044ff18149762a47229042~tplv-omjb5zjo8w-resize-jpeg:1000:1000.image?,https://shop.tiktok.com/view/product/1732410390433731313?region=US&locale=en,张宇,3.8
2026/8/23,US,US,爆款,1732406295534080179,S260520031675,ZOVINRIA,SKM商家,标码女装,女士针织衫,毛衣连衣裙,标码女装+女士针织衫,"(2000,5000]",19.26,"(100,+∞)",31.43%,"(0%, 50%]","(30,50]",2026/5/29,86,非JIT商品,702,0,"Hot pink,Orange,Yellow",3,"M,S,L",3,Summer,https://p16-oec-va.ibyteimg.com/tos-alisg-i-aphluv4xwc-sg/5f3a4b2b6ba946958a672e4854c761e2~tplv-o3syd03w52-resize-jpeg:1000:1000.image?,https://shop.tiktok.com/view/product/1732406295534080179?region=US&locale=en,王可心,3.4
2026/8/23,US,US,爆款,1731215238334812858,S250506010567,MIXIFashion,非SKM商家,标码女装,女士下装,长裤,标码女装+女士下装,"(10000,+∞)",8.88,"(100,+∞)",80.68%,"(50%, 100%]","(50,100]",2025/5/25,455,非JIT商品,"1,327",0,"Blue,Khaki gray,Multicolor,Green",4,"M,S,XL,L,XXL",5,Summer,https://p16-oec-va.ibyteimg.com/tos-maliva-i-o3syd03w52-us/4a3bb5ca11f644eea9d93c0e72ae1113~tplv-o3syd03w52-resize-jpeg:1000:1000.image?,https://shop.tiktok.com/view/product/1731215238334812858?region=US&locale=en,黄依婷,4.2
2026/8/23,US,US,爆款,1732304182046003287,S260324053537,Novelife,非SKM商家,标码女装,女士套装及西服,半裙套装,标码女装+女士套装及西服,"(2000,5000]",15.91,"(100,+∞)",22.73%,"(0%, 50%]","(30,50]",2026/4/10,135,非JIT商品,761,0,"Silver,Lime Green,Black,Apricot,Burgundy",5,"M,S,XL,L",4,Summer,https://p16-oec-va.ibyteimg.com/tos-maliva-i-o3syd03w52-us/c501fd9afb4b4b19b08b8f708429aa53~tplv-o3syd03w52-resize-jpeg:1000:1000.image?,https://shop.tiktok.com/view/product/1732304182046003287?region=US&locale=en,黄依婷,4.7
2026/8/23,US,US,爆款,1730942130085007916,S250322009473,Lefter Shorts,非SKM商家,标码女装,女士下装,短裤,标码女装+女士下装,"(5000,10000]",34.52,"(100,+∞)",-8.20%,负增长,"(30,50]",2025/3/28,513,非JIT商品,"1,054",0,"Multicolor5,Multicolor2,Multicolor6,Multicolor3,Multicolor1,Multicolor4",6,"M,S,XS,XL,XXL,L",6,Summer,https://p16-oec-va.ibyteimg.com/tos-maliva-i-o3syd03w52-us/ce497c48479148769cdd494d513f1b51~tplv-o3syd03w52-resize-jpeg:1000:1000.image?,https://shop.tiktok.com/view/product/1730942130085007916?region=US&locale=en,王谍,4.9
2026/8/23,US,US,爆款,1731907611133186860,S251011032005,Simple Ladies,非SKM商家,标码女装,女士下装,半身裙,标码女装+女士下装,"(2000,5000]",13.91,"(100,+∞)",68.04%,"(50%, 100%]","(30,50]",2025/10/18,309,非JIT商品,614,0,"Coffee brown,Black,Dark green",3,"M,S,XL,L,XXL",5,Summer,https://p16-oec-ttp.tiktokcdn-us.com/tos-useast5-i-omjb5zjo8w-tx/78c78f89232e4c15b5069cc135bdbf85~tplv-omjb5zjo8w-resize-jpeg:1000:1000.image?,https://shop.tiktok.com/view/product/1731907611133186860?region=US&locale=en,张健,4.6
2026/8/23,US,US,爆款,1731905297378087255,S250923025712,FOXCLAW Curve,非SKM商家,大码女装,女士下装,长裤,大码女装+女士下装,"(2000,5000]",12.43,"(100,+∞)",33.03%,"(0%, 50%]","(30,50]",2025/10/11,316,非JIT商品,760,0,"Multicolor5,Multicolor2,Multicolor3,Multicolor,Multicolor4",5,"5XL,4XL,1XL,3XL,2XL",5,Spring&Fall,https://p16-oec-ttp.tiktokcdn-us.com/tos-useast5-i-omjb5zjo8w-tx/1fbc2813c66e42a09d893076dcfc3855~tplv-omjb5zjo8w-resize-jpeg:1000:1000.image?,https://shop.tiktok.com/view/product/1731905297378087255?region=US&locale=en,郑川粤,4.1
2026/8/23,US,US,爆款,1732502745629627390,S260720039762,Ailyak knit,非SKM商家,标码女装,女士针织衫,毛织裙子套装,标码女装+女士针织衫,"(100,500]",11.62,"(100,+∞)",-74.19%,负增长,"(0,10]",2026/7/22,32,非JIT商品,"2,548",50,"Chocolate color,Red Coffee,Army green,Gray,Black,Dark blue,Light gray,Apricot,Silver,Pink,Lemon yellow,Yellow,Maroon,Brown",14,"M,S,XL,L,XS,XXL",6,Spring&Fall,https://p16-oec-va.ibyteimg.com/tos-alisg-i-aphluv4xwc-sg/4a3c7c59526e4951ada85a821e34491a~tplv-o3syd03w52-resize-jpeg:1000:1000.image?,https://shop.tiktok.com/view/product/1732502745629627390?region=US&locale=en,沈亦莎,3.8
2026/8/23,US,US,爆款,1732353974579007678,S260418021854,Wake Seasons,非SKM商家,标码女装,女士套装及西服,短裤套装,标码女装+女士套装及西服,"(2000,5000]",13.54,"(100,+∞)",2.59%,"(0%, 50%]","(10,30]",2026/4/19,126,JIT商品,316,"283,950","Multicolor7,Multicolor6,Multicolor9,Multicolor12,Black,Multicolor,Multicolor8,Multicolor5,Multicolor11,Multicolor2,Multicolor3,White,Multicolor10,Multicolor4",14,"M,S,L,XL",4,Summer,https://p16-oec-ttp.tiktokcdn-us.com/tos-useast5-i-omjb5zjo8w-tx/b6115fb287b742f59c6a032c99c36ee0~tplv-omjb5zjo8w-resize-jpeg:1000:1000.image?,https://shop.tiktok.com/view/product/1732353974579007678?region=US&locale=en,张健,4.1
2026/8/23,US,US,爆款,1732458324945244668,S260625005679,Hi anan,非SKM商家,标码女装,女士针织衫,开衫,标码女装+女士针织衫,"(500,1000]",20.5,"(100,+∞)",18.26%,"(0%, 50%]","(30,50]",2026/7/3,51,非JIT商品,931,0,"Brown,Blue,Medium wash,Khaki,White,Black,Beige,Burgundy",8,"M,S,XL,L",4,Spring&Fall,https://p16-oec-va.ibyteimg.com/tos-maliva-i-o3syd03w52-us/8115d325e1944c5c8465e26f94c313bd~tplv-o3syd03w52-resize-jpeg:1000:1000.image?,https://shop.tiktok.com/view/product/1732458324945244668?region=US&locale=en,沈亦莎,4.4
2026/8/23,US,US,爆款,1732471885637390827,S260703003696,Finjani Plus,非SKM商家,大码女装,女士连衣裙,休闲连衣裙,大码女装+女士连衣裙,"(1000,2000]",27.25,"(100,+∞)",27.88%,"(0%, 50%]","(30,50]",2026/7/3,51,JIT商品,275,68,"Burgundy,Brown,Cyan,Black,Maroon,Blue",6,"4XL,1XL,0XL,3XL,2XL",5,Spring&Fall,https://p16-oec-va.ibyteimg.com/tos-maliva-i-o3syd03w52-us/1f9c1a6dc39e434da85100bdcf209ba7~tplv-o3syd03w52-resize-jpeg:1000:1000.image?,https://shop.tiktok.com/view/product/1732471885637390827?region=US&locale=en,张宇,4.5
2026/8/23,US,US,爆款,1730332398489866545,S241219006584,FUMIDAR,非SKM商家,大码女装,女士穆斯林服饰,穆斯林长袍,大码女装+女士穆斯林服饰,"(10000,+∞)",20.03,"(100,+∞)",4.39%,"(0%, 50%]","(30,50]",2024/12/23,608,非JIT商品,"1,026",0,"Coffee brown,Mint green,Royal blue,Khaki,Pink,Army green,Navy blue,Black,Dark orange,Sky blue,Olive brown,Mauve purple",12,One-size,1,All Seasons,https://p16-oec-va.ibyteimg.com/tos-maliva-i-o3syd03w52-us/f9bf4d13322b41728054cb5a72b9b143~tplv-o3syd03w52-resize-jpeg:1000:1000.image?,https://shop.tiktok.com/view/product/1730332398489866545?region=US&locale=en,徐熙雅,5
2026/8/23,US,US,爆款,1731506450497114620,S250719019896,Hi anan,非SKM商家,标码女装,女士针织衫,开衫,标码女装+女士针织衫,"(2000,5000]",18.26,"(100,+∞)",22.02%,"(0%, 50%]","(30,50]",2025/7/24,395,非JIT商品,907,0,"Silver,Curry,Royal blue,Khaki,Turquoise,Dark beige,Black",7,"M,S,XL,L",4,Spring&Fall,https://p16-oec-va.ibyteimg.com/tos-maliva-i-o3syd03w52-us/8416511e9351413f8a1cb389a5c57a13~tplv-o3syd03w52-resize-jpeg:1000:1000.image?,https://shop.tiktok.com/view/product/1731506450497114620?region=US&locale=en,沈亦莎,4.4
2026/8/23,US,US,爆款,1732412374530494782,S260525025740,Sleek Nova,非SKM商家,标码女装,女士套装及西服,半裙套装,标码女装+女士套装及西服,"(2000,5000]",11.68,"(100,+∞)",0.00%,持平,"(30,50]",2026/6/8,76,非JIT商品,"1,202",0,"Red,Lemon yellow,Black,Chartreuse,Miami blue,Bright orange,Mullein green,Apricot",8,"M,S,L,XL,XXL",5,Summer,https://p16-oec-va.ibyteimg.com/tos-maliva-i-o3syd03w52-us/af5e016d7c0949ff8ef377b6d82838f7~tplv-o3syd03w52-resize-jpeg:1000:1000.image?,https://shop.tiktok.com/view/product/1732412374530494782?region=US&locale=en,刘雪莹,3.9
2026/8/23,US,US,爆款,1729570832937816823,S240715000426,FlaireX,非SKM商家,标码女装,女士套装及西服,长裤套装,标码女装+女士套装及西服,"(10000,+∞)",16.36,"(100,+∞)",18.58%,"(0%, 50%]","(50,100]",2024/8/2,751,非JIT商品,"2,752",0,"Baby pink,Deep pink,Black,Salmon pink,Multicolor1,Apricot,Blue,Green,Grey,Multicolor5,Multicolor2,Hot pink,Multicolor3,Yellow,Chartreuse,Mauve purple,Multicolor4,Brown",18,"M,S,L,XL,XXL",5,Spring&Fall,https://p16-oec-ttp.tiktokcdn-us.com/tos-useast5-i-omjb5zjo8w-tx/68c3b8b1f1064376a278efd13e98fd54~tplv-omjb5zjo8w-resize-jpeg:1000:1000.image?,https://shop.tiktok.com/view/product/1729570832937816823?region=US&locale=en,刘雪莹,4.1
2026/8/23,US,US,爆款,1731452863751819508,S250709001129,GleamStyle,非SKM商家,标码女装,女士下装,长裤,标码女装+女士下装,"(10000,+∞)",16.34,"(100,+∞)",-19.53%,负增长,"(10,30]",2025/7/14,405,JIT商品,"1,364",0,"Brown,Silver,Black and gray,Rust brown,Navy blue,Gray,White,Black,Apricot,Blue",10,"M,S,XL,XS,L",5,Spring&Fall,https://p16-oec-va.ibyteimg.com/tos-maliva-i-o3syd03w52-us/637cacae468c47cd89fae35d1bb0fe91~tplv-o3syd03w52-resize-jpeg:1000:1000.image?,https://shop.tiktok.com/view/product/1731452863751819508?region=US&locale=en,王谍,3.7
2026/8/23,US,US,爆款,1732020832816239345,S251104044857,MO Threads,非SKM商家,大码女装,女士上装,女士 T 恤,大码女装+女士上装,"(5000,10000]",8.93,"(100,+∞)",68.54%,"(50%, 100%]","(30,50]",2025/11/4,292,非JIT商品,641,0,"Purple,Hot pink,Emerald green,Rose gold,Lime orange,Gray,Dark gray,Sky blue",8,"5XL,4XL,1XL,3XL,2XL",5,Spring&Fall,https://p16-oec-ttp.tiktokcdn-us.com/tos-useast5-i-omjb5zjo8w-tx/147da803beac4f1d845f6d2cfa0cc8c6~tplv-omjb5zjo8w-resize-jpeg:1000:1000.image?,https://shop.tiktok.com/view/product/1732020832816239345?region=US&locale=en,张宇,3.8
2026/8/23,US,US,爆款,1732352775436210875,S260417020908,FormeFemme fashion,非SKM商家,标码女装,女士套装及西服,连衣裙套装,标码女装+女士套装及西服,"(5000,10000]",21.89,"(100,+∞)",-20.17%,负增长,"(30,50]",2026/4/22,123,非JIT商品,"2,116",0,"Brown,Plaid,Baby pink,Daffodil yellow,Royal blue,Pattern,Gray / Black Floral Pattern,Black,Black and white,Black/Pink Floral,Heather violet,Apricot,Pink,White,Light Apricot Color,Peach Heart,Burgundy",17,"M,S,L,XL,XXL",5,Summer,https://p16-oec-va.ibyteimg.com/tos-maliva-i-o3syd03w52-us/3eab1e0dcaa04b43a649141b93bcb593~tplv-o3syd03w52-resize-jpeg:1000:1000.image?,https://shop.tiktok.com/view/product/1732352775436210875?region=US&locale=en,张宇,3.8
2026/8/23,US,US,爆款,1732308776985924240,S260327056318,LILI.AN.SHOP,非SKM商家,大码女装,女士上装,女士背心&吊带衫,大码女装+女士上装,"(10000,+∞)",12.09,"(100,+∞)",112.50%,"(100%, 300%]","(50,100]",2026/4/5,140,非JIT商品,230,0,"Clay brown,Navy blue,Lime orange,White,Black,Fawn brown,Sky blue,Olive brown,Pastel blue,Apricot,Dark wash",11,"5XL,4XL,1XL,3XL,2XL",5,Summer,https://p16-oec-ttp.tiktokcdn-us.com/tos-useast5-i-omjb5zjo8w-tx/cd8385bbf56d4ed581fb058de450a79b~tplv-omjb5zjo8w-resize-jpeg:1000:1000.image?,https://shop.tiktok.com/view/product/1732308776985924240?region=US&locale=en,张宇,4.2
2026/8/23,US,US,爆款,1732263483683148640,S260207037124,HeartShine,非SKM商家,标码女装,女士特殊服饰,女士制服,标码女装+女士特殊服饰,"(5000,10000]",17.04,"(100,+∞)",47.83%,"(0%, 50%]","(50,100]",2026/2/7,197,非JIT商品,551,0,"Brown,Baby pink,B Burgundy,Turquoise,Cyan,Navy blue,Black,Turquoise blue,Mauve purple,Burgundy",10,"M,S,XL,L,XXL",5,All Seasons,https://p16-oec-ttp.tiktokcdn-us.com/tos-useast5-i-omjb5zjo8w-tx/e24848de4ede4203b7db55bfeca0a001~tplv-omjb5zjo8w-resize-jpeg:1000:1000.image?,https://shop.tiktok.com/view/product/1732263483683148640?region=US&locale=en,徐熙雅,2.9
2026/8/23,US,US,爆款,1732520837638164934,S260729032476,TY Trove,非SKM商家,标码女装,女士套装及西服,女士西装,标码女装+女士套装及西服,"(100,500]",30.71,"(100,+∞)",1238.89%,"(500%, +∞)","(50,100]",2026/8/9,14,非JIT商品,204,0,"Navy blue,Gray,White,Black",4,"M,S,XL,L,XXL",5,Spring&Fall,https://p16-oec-va.ibyteimg.com/tos-maliva-i-o3syd03w52-us/11a014e9dbb64bbe8b361d8f98493d7e~tplv-o3syd03w52-resize-jpeg:1000:1000.image?,https://shop.tiktok.com/view/product/1732520837638164934?region=US&locale=en,黄依婷,3.8
2026/8/23,US,US,爆款,1729561152764219926,S240701003829,Ai Junsen costume,非SKM商家,标码女装,女士套装及西服,长裤套装,标码女装+女士套装及西服,"(10000,+∞)",12.07,"(100,+∞)",1.80%,"(0%, 50%]","(30,50]",2024/7/24,760,非JIT商品,"1,793",0,"Green,Coffee brown,Ochre brown,Black,Blue",5,"M,S,L,XS,XL",5,Summer,https://p16-oec-ttp.tiktokcdn-us.com/tos-useast5-i-omjb5zjo8w-tx/d5906c372ab04424b07574f21b5cef65~tplv-omjb5zjo8w-resize-jpeg:1000:1000.image?,https://shop.tiktok.com/view/product/1729561152764219926?region=US&locale=en,游宇航,3.7
2026/8/23,US,US,爆款,1732468500405654478,S260701030315,Red Desert Rose,非SKM商家,标码女装,女士下装,长裤,标码女装+女士下装,"(100,500]",15.01,"(100,+∞)",372.73%,"(300%, 500%]","(100,200]",2026/7/3,51,非JIT商品,108,0,"Dark beige,Black,Fawn brown",3,"M,S,L,XL,XXL,XS",6,Spring&Fall,https://p16-oec-va.ibyteimg.com/tos-alisg-i-aphluv4xwc-sg/76c0d2944cc649a1aaa4329e9d64186a~tplv-o3syd03w52-resize-jpeg:1000:1000.image?,https://shop.tiktok.com/view/product/1732468500405654478?region=US&locale=en,王谍,3.5
2026/8/23,US,US,爆款,1731579426567852791,S250731019564,FlaireX,非SKM商家,标码女装,女士下装,长裤,标码女装+女士下装,"(5000,10000]",7.37,"(100,+∞)",21.90%,"(0%, 50%]","(30,50]",2025/8/7,381,非JIT商品,"1,093",0,"Khaki,Black,Pale green",3,"M,S,XL,L",4,Summer,https://p16-oec-ttp.tiktokcdn-us.com/tos-useast5-i-omjb5zjo8w-tx/61b33254881f4257a8ac8b8ac8b1c632~tplv-omjb5zjo8w-resize-jpeg:1000:1000.image?,https://shop.tiktok.com/view/product/1731579426567852791?region=US&locale=en,刘雪莹,4.1
2026/8/23,US,US,爆款,1731640921499734542,S250809011192,YunShine,非SKM商家,标码女装,女士针织衫,开衫,标码女装+女士针织衫,"(2000,5000]",14.13,"(100,+∞)",5.36%,"(0%, 50%]","(30,50]",2025/8/19,369,非JIT商品,751,0,"Coffee brown,Khaki,Army green,Gray,Black",5,"M,S,L,XL",4,Spring&Fall,https://p16-oec-ttp.tiktokcdn-us.com/tos-useast5-i-omjb5zjo8w-tx/a46f1ef872954573b2206b124a9856b7~tplv-omjb5zjo8w-resize-jpeg:1000:1000.image?,https://shop.tiktok.com/view/product/1731640921499734542?region=US&locale=en,王可心,4.7
2026/8/23,US,US,爆款,1732299461191438526,S260320064554,Wake Seasons,非SKM商家,标码女装,女士套装及西服,短裤套装,标码女装+女士套装及西服,"(10000,+∞)",15.59,"(100,+∞)",-7.34%,负增长,"(30,50]",2026/3/22,154,JIT商品,501,"461,802","Multicolor7,Multicolor6,Multicolor9,Black,Multicolor,Multicolor8,Multicolor5,Multicolor11,Multicolor2,Multicolor3,White,Red and black,Multicolor10,Multicolor4",14,"M,S,XL,L",4,Summer,https://p16-oec-ttp.tiktokcdn-us.com/tos-useast5-i-omjb5zjo8w-tx/9ac2a0a9f8ff493fad8310c968f23a05~tplv-omjb5zjo8w-resize-jpeg:1000:1000.image?,https://shop.tiktok.com/view/product/1732299461191438526?region=US&locale=en,张健,4.1
2026/8/23,US,US,爆款,1732365004433232205,S260424015937,Follome,非SKM商家,标码女装,女士下装,长裤,标码女装+女士下装,"(1000,2000]",8.82,"(100,+∞)",29.29%,"(0%, 50%]","(30,50]",2026/5/7,108,非JIT商品,548,0,"Brown,Pink,Grey and navy blue and bule,Black,Green",5,"M,S,L,XL",4,Summer,https://p16-oec-ttp.tiktokcdn-us.com/tos-useast5-i-omjb5zjo8w-tx/b2ae2d654e8048e0a5c019dd87a281a5~tplv-omjb5zjo8w-resize-jpeg:1000:1000.image?,https://shop.tiktok.com/view/product/1732365004433232205?region=US&locale=en,张健,4.6
2026/8/23,US,US,爆款,1731828137865220959,S250922046573,Chic Curves,SKM商家,大码女装,女士连衣裙,休闲连衣裙,大码女装+女士连衣裙,"(10000,+∞)",15.01,"(100,+∞)",-31.01%,负增长,"(10,30]",2025/9/25,332,非JIT商品,408,0,"Brown,Pink,Red,Black,Green",5,"1XL,0XL,3XL,2XL",4,Summer,https://p16-oec-ttp.tiktokcdn-us.com/tos-useast5-i-omjb5zjo8w-tx/636e0d16d10e4e5db31a205647198e7c~tplv-omjb5zjo8w-resize-jpeg:1000:1000.image?,https://shop.tiktok.com/view/product/1731828137865220959?region=US&locale=en,张宇,4.2
2026/8/23,US,US,爆款,1732148382938075565,S251216044063,ZZSC jeans,非SKM商家,大码女装,牛仔,牛仔长裤,大码女装+牛仔,"(2000,5000]",25.34,"(100,+∞)",120.90%,"(100%, 300%]","(30,50]",2025/12/16,250,JIT商品,227,12,"Royal blue,Light blue,Gray,Sky blue,Pastel blue,Light wash,Blue",7,"4XL,1XL,0XL,3XL,2XL",5,All Seasons,https://p16-oec-va.ibyteimg.com/tos-maliva-i-o3syd03w52-us/8c64e3033c69411aac3b294d8f9ad597~tplv-o3syd03w52-resize-jpeg:1000:1000.image?,https://shop.tiktok.com/view/product/1732148382938075565?region=US&locale=en,郑川粤,4.3
2026/8/23,US,US,爆款,1732010990527942743,S251011018744,Novelife,非SKM商家,标码女装,女士套装及西服,连衣裙套装,标码女装+女士套装及西服,"(2000,5000]",18.56,"(100,+∞)",28.28%,"(0%, 50%]","(30,50]",2025/11/2,294,非JIT商品,"1,052",0,"Khaki,Red,Gray,Yellow,Fawn brown,Apricot,Brown",7,"M,S,XL,L,XXL",5,Spring&Fall,https://p16-oec-ttp.tiktokcdn-us.com/tos-useast5-i-omjb5zjo8w-tx/dde69bfca43e420babd29d908bc73eb9~tplv-omjb5zjo8w-resize-jpeg:1000:1000.image?,https://shop.tiktok.com/view/product/1732010990527942743?region=US&locale=en,黄依婷,4.7
2026/8/23,US,US,爆款,1732266984917668609,S260210011501,Keechic,非SKM商家,标码女装,女士下装,长裤,标码女装+女士下装,"(500,1000]",13.04,"(100,+∞)",27.55%,"(0%, 50%]","(10,30]",2026/4/9,136,非JIT商品,378,0,"Army green,Gray,Black",3,"M,S,XL,L",4,Spring&Fall,https://p16-oec-ttp.tiktokcdn-us.com/tos-useast5-i-omjb5zjo8w-tx/ef02d71b469e4704a38d03d9aeb8bde6~tplv-omjb5zjo8w-resize-jpeg:1000:1000.image?,https://shop.tiktok.com/view/product/1732266984917668609?region=US&locale=en,黄依婷,3.8
2026/8/23,US,US,爆款,1731474823359075116,S250706000850,Simple Ladies,非SKM商家,标码女装,女士下装,半身裙,标码女装+女士下装,"(5000,10000]",9.74,"(100,+∞)",10.00%,"(0%, 50%]","(30,50]",2025/7/17,402,非JIT商品,438,0,"Khaki,Orange,Black and white,Black,Sky blue,Red and white,Green",7,"M,S,XL,L",4,Fall&Winter,https://p16-oec-ttp.tiktokcdn-us.com/tos-useast5-i-omjb5zjo8w-tx/c6f1f38a55c04a57955e0c710be4339c~tplv-omjb5zjo8w-resize-jpeg:1000:1000.image?,https://shop.tiktok.com/view/product/1731474823359075116?region=US&locale=en,张健,4.6
2026/8/23,US,US,爆款,1731210981194699450,S250517011022,MIXIFashion,非SKM商家,标码女装,女士套装及西服,半裙套装,标码女装+女士套装及西服,"(10000,+∞)",22.32,"(100,+∞)",-1.94%,负增长,"(10,30]",2025/5/23,457,非JIT商品,"6,316",0,"Coffee brown,Baby pink,Strong white,Olive green,Lilac,Black,Apricot,Blue",8,"M,S,L,XL,XXL",5,Summer,https://p16-oec-ttp.tiktokcdn-us.com/tos-useast5-i-omjb5zjo8w-tx/ae8a898f24434ff6b528b4c29fa89354~tplv-omjb5zjo8w-resize-jpeg:1000:1000.image?,https://shop.tiktok.com/view/product/1731210981194699450?region=US&locale=en,黄依婷,4.2
2026/8/23,US,US,爆款,1729443593414414578,S240218002300,Morrie Moon,非SKM商家,标码女装,女士针织衫,开衫,标码女装+女士针织衫,"(10000,+∞)",25.6,"(100,+∞)",62.50%,"(50%, 100%]","(10,30]",2024/2/26,909,非JIT商品,740,0,"Light green,Light blue,Navy blue,Lilac,Dusty blue,Black,Off white,Green,Grey,Pink,Hot pink,Fawn Brown,Deep red,Bright orange,Bright yellow,Burgundy",16,"M,S,XL,L,XXL",5,Fall&Winter,https://p16-oec-ttp.tiktokcdn-us.com/tos-useast5-i-omjb5zjo8w-tx/14cc09b05be84caeb2a765f4d68f69f0~tplv-omjb5zjo8w-resize-jpeg:1000:1000.image?,https://shop.tiktok.com/view/product/1729443593414414578?region=US&locale=en,王可心,4.7
2026/8/23,US,US,爆款,1732448614191174601,S260527006816,Verve Fashion,非SKM商家,标码女装,女士套装及西服,短裤套装,标码女装+女士套装及西服,"(1000,2000]",10.66,"(100,+∞)",36.67%,"(0%, 50%]","(30,50]",2026/6/18,66,非JIT商品,213,0,"Silver,Mint green,Pink,Hot pink,Red,Army green,Light wash",7,"M,S,XL,L",4,All Seasons,https://p16-oec-va.ibyteimg.com/tos-maliva-i-o3syd03w52-us/a251da697a28479ab8ea74e4a81b3c6c~tplv-o3syd03w52-resize-jpeg:1000:1000.image?,https://shop.tiktok.com/view/product/1732448614191174601?region=US&locale=en,刘雪莹,4.7
2026/8/23,US,US,爆款,1729475650203193687,S240419000024,FOXCLAW Curve,非SKM商家,大码女装,女士上装,女士衬衫,大码女装+女士上装,"(10000,+∞)",15.41,"(100,+∞)",634.62%,"(500%, +∞)","(50,100]",2024/5/8,837,非JIT商品,319,0,"Green,Pink,Green*3 pcs,Lemon yellow,Green*1 pc+Rust Red*1 pc+Pink*1 pc,Black,Rust red",7,"5XL,4XL,1XL,0XL,3XL,2XL",6,Summer,https://p16-oec-ttp.tiktokcdn-us.com/tos-useast5-i-omjb5zjo8w-tx/a86ccd1578e64c48ac74be0c1ce9b289~tplv-omjb5zjo8w-resize-jpeg:1000:1000.image?,https://shop.tiktok.com/view/product/1729475650203193687?region=US&locale=en,郑川粤,4.1
2026/8/23,US,US,爆款,1731621602395722236,S250812026365,Hi anan,非SKM商家,标码女装,女士针织衫,毛衣套头衫,标码女装+女士针织衫,"(5000,10000]",19.82,"(100,+∞)",100.00%,"(50%, 100%]","(30,50]",2025/8/15,373,非JIT商品,73,0,"Brown and white,Multicolor3,Orange and black,Multicolor1",4,"M,S,L,XL",4,Fall&Winter,https://p16-oec-va.ibyteimg.com/tos-maliva-i-o3syd03w52-us/6ae19f48944e411e94f7ff3fc8b1df07~tplv-o3syd03w52-resize-jpeg:1000:1000.image?,https://shop.tiktok.com/view/product/1731621602395722236?region=US&locale=en,沈亦莎,4.4
2026/8/23,US,US,爆款,1732215661091853096,S260106044863,BaiAAA factory,非SKM商家,大码女装,女士上装,女士 T 恤,大码女装+女士上装,"(5000,10000]",6.95,"(100,+∞)",44.83%,"(0%, 50%]","(30,50]",2026/1/12,223,JIT商品,363,0,"Light green,Red,Army green,Rust orange,Black,Dark gray,Light wash,Apricot,Silver,Purple,Mint green,Pink,Hot pink,Yellow,White",15,"5XL,4XL,1XL,3XL,2XL",5,Summer,https://p16-oec-va.ibyteimg.com/tos-alisg-i-aphluv4xwc-sg/c7dfd3d1875d4e4cae71ff717c520c03~tplv-o3syd03w52-resize-jpeg:1000:1000.image?,https://shop.tiktok.com/view/product/1732215661091853096?region=US&locale=en,张宇,4.2
2026/8/23,US,US,爆款,1732174576458895403,S251225067766,Yinos Fashion,SKM商家,标码女装,女士套装及西服,短裤套装,标码女装+女士套装及西服,"(5000,10000]",19.08,"(100,+∞)",-11.54%,负增长,"(10,30]",2026/1/8,227,非JIT商品,"2,017",0,"Burgundy,Royal blue,Khaki,Dark purple,Black,Dark gray,Light wash,Military Green,Pink,Hot pink,Emerald green,Light pink,Dark brown,Bright orange,Golden",15,"M,XXS,S,XS,XL,L",6,All Seasons,https://p16-oec-va.ibyteimg.com/tos-maliva-i-o3syd03w52-us/6db213a8fd1d47198471523f563350f2~tplv-o3syd03w52-resize-jpeg:1000:1000.image?,https://shop.tiktok.com/view/product/1732174576458895403?region=US&locale=en,游宇航,4.8
2026/8/23,US,US,爆款,1732433126229839887,S260608037118,CITY GIRL,非SKM商家,标码女装,女士下装,长裤,标码女装+女士下装,"(1000,2000]",12.37,"(100,+∞)",60.98%,"(50%, 100%]","(30,50]",2026/6/14,70,非JIT商品,348,0,"Army green,Black polka dots,Gray,Black,Deep blue,Copper brown,Coffee brown,Pink,Brown polka dots,Yellow,White,Sky blue,Gray polka dots,Burgundy",14,"M,S,XL,L",4,Spring&Fall,https://p16-oec-va.ibyteimg.com/tos-maliva-i-o3syd03w52-us/8f342b6d42194a36baa6b0dd6faa6e3a~tplv-o3syd03w52-resize-jpeg:1000:1000.image?,https://shop.tiktok.com/view/product/1732433126229839887?region=US&locale=en,王瑶,4.8
2026/8/23,US,US,爆款,1729496540721878298,S260303040474,LILYTREE,非SKM商家,标码女装,女士针织衫,毛衣裤,标码女装+女士针织衫,"(5000,10000]",9,"(100,+∞)",4.00%,"(0%, 50%]","(30,50]",2026/3/5,171,非JIT商品,520,0,"Medium wash,Taro Pink,Yellow,White,Black",5,"M,S,XL,L",4,Summer,https://p16-oec-va.ibyteimg.com/tos-maliva-i-o3syd03w52-us/a2517ef7f8e744f7a1e2a40007ff7229~tplv-o3syd03w52-resize-jpeg:1000:1000.image?,https://shop.tiktok.com/view/product/1729496540721878298?region=US&locale=en,沈亦莎,4.4
2026/8/23,US,US,爆款,1729668914954998609,S240919003427,Shiny Girl VIP,非SKM商家,标码女装,女士下装,紧身裤,标码女装+女士下装,"(10000,+∞)",7.48,"(100,+∞)",-6.80%,负增长,"(30,50]",2024/9/27,695,非JIT商品,373,0,"Royal blue,Navy blue,Army green,Stone gray,Reddish purple,Mocha brown,Black,Dark gray,Off white,Dark green,Apricot,Copper brown,Multicolor1,Grey,Purple,Pink,Multicolor2,Deep red,Pale blue,Brown",20,"M,S,L,XL,XS",5,All Seasons,https://p16-oec-ttp.tiktokcdn-us.com/tos-useast5-i-omjb5zjo8w-tx/09eeb51307d949bab5e4aff5bae34490~tplv-omjb5zjo8w-resize-jpeg:1000:1000.image?,https://shop.tiktok.com/view/product/1729668914954998609?region=US&locale=en,张健,4.7
2026/8/23,US,US,爆款,1732305872080769557,S260325075712,Chic Materialist,非SKM商家,标码女装,女士下装,长裤,标码女装+女士下装,"(2000,5000]",12.92,"(100,+∞)",-58.97%,负增长,"(10,30]",2026/3/25,151,非JIT商品,"1,910",0,"Khaki gray,Dusty blue,Black,Pastel blue,Mauve purple,Rust red",6,"M,S,XL,L",4,Spring&Fall,https://p16-oec-ttp.tiktokcdn-us.com/tos-useast5-i-omjb5zjo8w-tx/1390a29b552b4b789ce063de5371bae4~tplv-omjb5zjo8w-resize-jpeg:1000:1000.image?,https://shop.tiktok.com/view/product/1732305872080769557?region=US&locale=en,张健,4.7
2026/8/23,US,US,爆款,1732015414530249457,S251103050355,MO Threads,非SKM商家,大码女装,女士上装,女士 T 恤,大码女装+女士上装,"(1000,2000]",4.86,"(100,+∞)",68.42%,"(50%, 100%]","(30,50]",2025/11/3,293,非JIT商品,421,0,"Purple,Pink,Khaki,Red,Gray,Black,Light wash,Burgundy",8,"5XL,4XL,8XL,6XL,1XL,7XL,0XL,3XL,2XL",9,Summer,https://p16-oec-ttp.tiktokcdn-us.com/tos-useast5-i-omjb5zjo8w-tx/1baf5115093a49ed9b6ded000c7fe570~tplv-omjb5zjo8w-resize-jpeg:1000:1000.image?,https://shop.tiktok.com/view/product/1732015414530249457?region=US&locale=en,张宇,3.8
2026/8/23,US,US,爆款,1730891981494718654,S250312017906,Wake Seasons,非SKM商家,标码女装,女士下装,短裤,标码女装+女士下装,"(10000,+∞)",7.12,"(100,+∞)",-12.09%,负增长,"(10,30]",2025/3/19,522,JIT商品,636,"248,636","Yellow 2223,Gray 2223,2223 - Yellow Chapter,Set8,Leopard print,Set3,Multicolor1,Set2,White leopard print,Set1,Multicolor5,Set4,Multicolor2,2223 - Charcoal Gray,Multicolor3,Set6,Set7,Set5,Camouflage,All Over Print,Multicolor4",21,"M,S,XL,L",4,Summer,https://p16-oec-ttp.tiktokcdn-us.com/tos-useast5-i-omjb5zjo8w-tx/d90387d3b609424bb8258cf0c765559a~tplv-omjb5zjo8w-resize-jpeg:1000:1000.image?,https://shop.tiktok.com/view/product/1730891981494718654?region=US&locale=en,张健,4.1
2026/8/23,US,US,爆款,1732339511078785464,S260411008535,ZY PLUS JEANS,非SKM商家,大码女装,牛仔,牛仔长裤,大码女装+牛仔,"(1000,2000]",17.37,"(100,+∞)",219.61%,"(100%, 300%]","(50,100]",2026/4/23,122,非JIT商品,238,0,"Dark gray,Dark wash",2,"4XL,1XL,0XL,3XL,2XL",5,Spring&Fall,https://p16-oec-ttp.tiktokcdn-us.com/tos-useast5-i-omjb5zjo8w-tx/bcf69e79355b4682b64f481ea25da339~tplv-omjb5zjo8w-resize-jpeg:1000:1000.image?,https://shop.tiktok.com/view/product/1732339511078785464?region=US&locale=en,郑川粤,3.8
2026/8/23,US,US,爆款,1732396305290466129,S260508032143,Shiny Girl VIP,非SKM商家,标码女装,女士下装,短裤,标码女装+女士下装,"(1000,2000]",5.89,"(100,+∞)",83.10%,"(50%, 100%]","(30,50]",2026/6/1,83,非JIT商品,260,0,"Coffee brown,Yellow,White,Black,Dark gray",5,"M,S,XS,L",4,All Seasons,https://p16-oec-ttp.tiktokcdn-us.com/tos-useast5-i-omjb5zjo8w-tx/cd095711a3b441e189ef81fac2dbeb8e~tplv-omjb5zjo8w-resize-jpeg:1000:1000.image?,https://shop.tiktok.com/view/product/1732396305290466129?region=US&locale=en,张健,4.7
2026/8/23,US,US,爆款,1729420756065489795,S231122003971,Luopfizer,非SKM商家,标码女装,女士套装及西服,半裙套装,标码女装+女士套装及西服,"(10000,+∞)",18.65,"(100,+∞)",59.49%,"(50%, 100%]","(30,50]",2023/12/11,986,非JIT商品,500,0,"Brown,Jet black,Rust red,Baby pink,Curry,Reddish orange,Flame red,Black,Curry*1 pc+Black*1 pc+Brown*1 pc,Black*1 pc+Brown*1 pc+Green*1 pc,Salmon pink,Green,Mulberry,Burgundy",14,"M,S,L,XL,XXL",5,Spring&Fall,https://p16-oec-ttp.tiktokcdn-us.com/tos-useast5-i-omjb5zjo8w-tx/0c386e1ee09543b48eed476991c2fb8b~tplv-omjb5zjo8w-resize-jpeg:1000:1000.image?,https://shop.tiktok.com/view/product/1729420756065489795?region=US&locale=en,黄依婷,2.7
2026/8/23,US,US,爆款,1732558211296957127,S260814035422,Justoneone,非SKM商家,大码女装,连体衣,背带裤,大码女装+连体衣,"(100,500]",25.46,"(100,+∞)",2020.00%,"(500%, +∞)","(10,30]",2026/8/14,9,JIT商品,10,"1,329","Baby pink,Camel,Rust orange,Yellow,White,Chartreuse",6,"4XL,1XL,0XL,3XL,2XL",5,Spring&Fall,https://p16-oec-va.ibyteimg.com/tos-maliva-i-o3syd03w52-us/2c6a117f6979496dbcdd17ea9d02ff03~tplv-o3syd03w52-resize-jpeg:1000:1000.image?,https://shop.tiktok.com/view/product/1732558211296957127?region=US&locale=en,郑川粤,4.5
2026/8/23,US,US,爆款,1731981994370044690,S251026041411,Youman Clothing,非SKM商家,标码女装,女士套装及西服,短裤套装,标码女装+女士套装及西服,"(5000,10000]",8.32,"(100,+∞)",-21.05%,负增长,"(10,30]",2025/10/26,301,非JIT商品,709,0,"Baby pink,Black and gray,Pink and black,Gray,Black + pink leopard print,White,Black,Yellow leopard print",8,"M,S,L,XS",4,Summer,https://p16-oec-ttp.tiktokcdn-us.com/tos-useast5-i-omjb5zjo8w-tx/95e084a803e54caa8770fa31eb0ca155~tplv-omjb5zjo8w-resize-jpeg:1000:1000.image?,https://shop.tiktok.com/view/product/1731981994370044690?region=US&locale=en,黄依婷,4.9
2026/8/23,US,US,爆款,1729461489652896277,S240325008922,Chic Materialist,非SKM商家,标码女装,女士下装,短裤,标码女装+女士下装,"(10000,+∞)",5.19,"(100,+∞)",48.05%,"(0%, 50%]","(30,50]",2024/4/8,867,JIT商品,469,0,"Multicolor5,Multicolor2,Multicolor3,Multicolor6,Multicolor9,Multicolor1,Multicolor4,Multicolor8",8,"M,XXXL,S,XL,L,XXL,XS",7,Summer,https://p16-oec-ttp.tiktokcdn-us.com/tos-useast5-i-omjb5zjo8w-tx/f194b6c0697947a2bc16d1e158456d02~tplv-omjb5zjo8w-resize-jpeg:1000:1000.image?,https://shop.tiktok.com/view/product/1729461489652896277?region=US&locale=en,张健,4.7
2026/8/23,US,US,爆款,1732447283169235159,S260617018955,YUNJINJ,非SKM商家,大码女装,女士连衣裙,休闲连衣裙,大码女装+女士连衣裙,"(500,1000]",10.26,"(100,+∞)",76.92%,"(50%, 100%]","(30,50]",2026/6/17,67,非JIT商品,713,0,"Baby pink,Salmon orange,Light blue,Deep pink,Lime green,Black,Leopard print",7,"5XL,4XL,1XL,0XL,3XL,2XL",6,Summer,https://p16-oec-va.ibyteimg.com/tos-alisg-i-aphluv4xwc-sg/028b1eb7c15c429aa0c09d6ec37cabf3~tplv-o3syd03w52-resize-jpeg:1000:1000.image?,https://shop.tiktok.com/view/product/1732447283169235159?region=US&locale=en,张宇,4.4
2026/8/23,US,US,爆款,1732301183887904958,S260322037312,Wake Seasons,非SKM商家,标码女装,女士下装,短裤,标码女装+女士下装,"(5000,10000]",7.04,"(100,+∞)",11.90%,"(0%, 50%]","(10,30]",2026/3/22,154,JIT商品,479,"470,264","2222 Diamond Pattern Black Waist Label Edition,Baby pink,Gray, Chapter 2223,Chapter 2222: Yellow Leopard Print,Drawstring 2282,Gray,Black leopard print,Multicolor12,Black,Multicolor,2280 Black & White Checkered,Multicolor1,Drawstring spots,Blue,Pink,Multicolor5,Multicolor2,Chapter 2232 – Yellow,Chapter 2222 White Leopard Print,Multicolor3,White,Multicolor4,Pink leopard print",23,"M,S,L,XL",4,Summer,https://p16-oec-ttp.tiktokcdn-us.com/tos-useast5-i-omjb5zjo8w-tx/3ec8bd93571f4f789ef08fa3086e041b~tplv-omjb5zjo8w-resize-jpeg:1000:1000.image?,https://shop.tiktok.com/view/product/1732301183887904958?region=US&locale=en,张健,4.1
2026/8/23,US,US,爆款,1730848196828959489,S250225017752,Keechic,非SKM商家,标码女装,女士套装及西服,长裤套装,标码女装+女士套装及西服,"(5000,10000]",22.02,"(100,+∞)",-61.15%,负增长,"(10,30]",2025/3/11,530,非JIT商品,794,0,"Green,Reddish orange,Black,Apricot,Blue",5,"M,S,L,XL,XXL",5,Summer,https://p16-oec-va.ibyteimg.com/tos-alisg-i-aphluv4xwc-sg/b33b7683191646ec97b36d6abfb639e1~tplv-o3syd03w52-resize-jpeg:1000:1000.image?,https://shop.tiktok.com/view/product/1730848196828959489?region=US&locale=en,黄依婷,3.8
2026/8/23,US,US,爆款,1729500342210106464,S260307010532,Luxury Leisure,非SKM商家,标码女装,女士套装及西服,短裤套装,标码女装+女士套装及西服,"(2000,5000]",8.54,"(100,+∞)",3.19%,"(0%, 50%]","(10,30]",2026/3/8,168,非JIT商品,622,0,"Green,Hot pink,Black,Blue",4,"M,S,L,XL,XXL",5,Summer,https://p16-oec-ttp.tiktokcdn-us.com/tos-useast5-i-omjb5zjo8w-tx/dc3fda1e370a4ab59aa83ea147a93f23~tplv-omjb5zjo8w-resize-jpeg:1000:1000.image?,https://shop.tiktok.com/view/product/1729500342210106464?region=US&locale=en,刘雪莹,4.5
2026/8/23,US,US,爆款,1729809563896877803,S241023008626,Bettlity,非SKM商家,标码女装,女士针织衫,毛织长裤套装,标码女装+女士针织衫,"(10000,+∞)",34.27,"(100,+∞)",22.47%,"(0%, 50%]","(10,30]",2024/11/3,658,非JIT商品,753,0,"Pink,Pebble lime,Black,Off white,Olive brown,Beige",6,"M,S,XL,L,XXL",5,Spring&Fall,https://p16-oec-ttp.tiktokcdn-us.com/tos-useast5-i-omjb5zjo8w-tx/c97721aeffff494690121ac2ce21b0e7~tplv-omjb5zjo8w-resize-jpeg:1000:1000.image?,https://shop.tiktok.com/view/product/1729809563896877803?region=US&locale=en,沈亦莎,4.7
2026/8/23,US,US,爆款,1732532873806713417,S260804034186,Trendy forLess,非SKM商家,标码女装,女士套装及西服,长裤套装,标码女装+女士套装及西服,"(500,1000]",38.47,"(100,+∞)",1170.00%,"(500%, +∞)","(50,100]",2026/8/7,16,JIT商品,18,472,"Brown,Blue,Green,Hot pink,Yellow,Gray,Black,Beige,Burgundy",9,One-size,1,Fall&Winter,https://p16-oec-va.ibyteimg.com/tos-maliva-i-o3syd03w52-us/98f52ac3d4ad4188a207bfcd270627bd~tplv-o3syd03w52-resize-jpeg:1000:1000.image?,https://shop.tiktok.com/view/product/1732532873806713417?region=US&locale=en,王谍,2.6
2026/8/23,US,US,爆款,1732380985366319298,S260430006541,KediChic,非SKM商家,标码女装,女士下装,长裤,标码女装+女士下装,"(1000,2000]",15.67,"(100,+∞)",60.00%,"(50%, 100%]","(30,50]",2026/5/9,106,非JIT商品,460,0,"Green,Navy blue,Black,Reddish brown,Brown",5,"M,S,XL,L",4,All Seasons,https://p16-oec-va.ibyteimg.com/tos-maliva-i-o3syd03w52-us/0479b509eeb34ac483237303bdf5bc1f~tplv-o3syd03w52-resize-jpeg:1000:1000.image?,https://shop.tiktok.com/view/product/1732380985366319298?region=US&locale=en,黄依婷,4.4
2026/8/23,US,US,爆款,1729507108876948519,S260311044237,Finjani-MM,非SKM商家,大码女装,女士上装,女士 T 恤,大码女装+女士上装,"(500,1000]",9.1,"(100,+∞)",70.67%,"(50%, 100%]","(10,30]",2026/3/11,165,JIT商品,89,121,"Brown,Green,Coffee brown,Pink,Wine red,White,Black,Blue",8,"4XL,1XL,0XL,3XL,2XL",5,Summer,https://p16-oec-va.ibyteimg.com/tos-maliva-i-o3syd03w52-us/b68eaa86392c4c5e835c8c00550e24ca~tplv-o3syd03w52-resize-jpeg:1000:1000.image?,https://shop.tiktok.com/view/product/1729507108876948519?region=US&locale=en,郑川粤,4.2
2026/8/23,US,US,爆款,1729432769954091767,S231211004088,FlaireX,非SKM商家,标码女装,女士下装,半身裙,标码女装+女士下装,"(10000,+∞)",3,"(100,+∞)",-18.95%,负增长,"(10,30]",2024/1/9,957,非JIT商品,419,0,"Multicolor2,Multicolor3,Black,Dark gray,Multicolor1",5,"M,S,XL,L",4,Summer,https://p16-oec-ttp.tiktokcdn-us.com/tos-useast5-i-omjb5zjo8w-tx/c0eda1e5c9ba4013bc8c9fbfe9bca1cd~tplv-omjb5zjo8w-resize-jpeg:1000:1000.image?,https://shop.tiktok.com/view/product/1729432769954091767?region=US&locale=en,刘雪莹,4.1
2026/8/23,US,US,爆款,1732294492901249837,S260317032902,CHAENIL,非SKM商家,标码女装,女士套装及西服,短裤套装,标码女装+女士套装及西服,"(2000,5000]",15.84,"(100,+∞)",-17.27%,负增长,"(10,30]",2026/4/30,115,非JIT商品,708,0,"Purple,Pink,Apricot,Blue",4,"M,S,L,XL",4,Spring&Fall,https://p16-oec-va.ibyteimg.com/tos-maliva-i-o3syd03w52-us/9c0a77af79bc49aa9a324f5bc5690078~tplv-o3syd03w52-resize-jpeg:1000:1000.image?,https://shop.tiktok.com/view/product/1732294492901249837?region=US&locale=en,游宇航,3.9
2026/8/23,US,US,爆款,1729404028695646285,S230918007197,YarnPop,非SKM商家,标码女装,女士针织衫,开衫,标码女装+女士针织衫,"(10000,+∞)",18.39,"(100,+∞)",-11.70%,负增长,"(10,30]",2023/9/30,"1,058",非JIT商品,337,0,"Brown,Brown*1 pc+Yellow*1 pc,Navy blue,Navy Blue*1 pc+Brown*1 pc,Dusty blue,Black,Off white,Champagne,Turquoise green,Apricot*1 pc+Emerald Green*1 pc,Gray*1 pc+White*1 pc,Grey,Purple,Black*1 pc+Red*1 pc,Deep red,Yellow,Dark Brown*1 pc+Navy Blue*1 pc,Brown*1 pc+Red*1 pc,Dark brown,Beige,Burgundy",21,"M,S,L,XL",4,Spring&Fall,https://p16-oec-ttp.tiktokcdn-us.com/tos-useast5-i-omjb5zjo8w-tx/03b89e81421b462ba7bdbb74fa828c5c~tplv-omjb5zjo8w-resize-jpeg:1000:1000.image?,https://shop.tiktok.com/view/product/1729404028695646285?region=US&locale=en,王可心,4.4
2026/8/23,US,US,爆款,1732352961497895611,S260417029331,FormeFemme fashion,非SKM商家,标码女装,女士套装及西服,长裤套装,标码女装+女士套装及西服,"(5000,10000]",16.67,"(100,+∞)",104.76%,"(100%, 300%]","(30,50]",2026/4/19,126,非JIT商品,"2,461",0,"Ochre brown,Red,White,Black,Dark brown,Apricot,Dark wash,Bright yellow",8,"M,S,L,XL,XXL",5,Summer,https://p16-oec-va.ibyteimg.com/tos-maliva-i-o3syd03w52-us/070cf547b85a4caaaa22d47b587d0fdb~tplv-o3syd03w52-resize-jpeg:1000:1000.image?,https://shop.tiktok.com/view/product/1732352961497895611?region=US&locale=en,张宇,3.8
2026/8/23,US,US,爆款,1732309809378857562,S260328033125,Orgnvin,非SKM商家,标码女装,女士针织衫,开衫,标码女装+女士针织衫,"(2000,5000]",13.81,"(100,+∞)",117.46%,"(100%, 300%]","(10,30]",2026/3/28,148,JIT商品,599,899,"Pink,Royal blue,Hot pink,Yellow,White,Black,Fawn brown,Light wash,Apricot,Burgundy",10,"M,S,L,XL",4,Spring&Fall,https://p16-oec-va.ibyteimg.com/tos-maliva-i-o3syd03w52-us/18b7bd94ed7e4d2a8368d65f6cddcaf4~tplv-o3syd03w52-resize-jpeg:1000:1000.image?,https://shop.tiktok.com/view/product/1732309809378857562?region=US&locale=en,王可心,4.7
2026/8/23,US,US,爆款,1730852505264099933,S250221004412,Chic NBold,非SKM商家,标码女装,女士下装,半身裙,标码女装+女士下装,"(10000,+∞)",11.32,"(100,+∞)",28.21%,"(0%, 50%]","(30,50]",2025/3/12,529,非JIT商品,495,0,"Black,Brown",2,"M,S,L,XL,XS",5,Summer,https://p16-oec-va.ibyteimg.com/tos-maliva-i-o3syd03w52-us/84bb94792d344fecb41f8e24bd3fe310~tplv-o3syd03w52-resize-jpeg:1000:1000.image?,https://shop.tiktok.com/view/product/1730852505264099933?region=US&locale=en,王谍,3
2026/8/23,US,US,爆款,1732560210972283384,S260815011098,DuolaBmeng,非SKM商家,大码女装,女士连衣裙,休闲连衣裙,大码女装+女士连衣裙,"(100,500]",27.15,"(100,+∞)",-23.28%,负增长,"(0,10]",2026/8/15,8,JIT商品,2,435,"Green,Blue,Hot pink,Reddish orange,Gray,Mocha brown,Black,Dark blue,Light wash,Apricot,Burgundy",11,"5XL,4XL,1XL,3XL,2XL",5,Spring&Fall,https://p16-oec-va.ibyteimg.com/tos-maliva-i-o3syd03w52-us/0b2c35adcb7f44e8987842545d0ec345~tplv-o3syd03w52-resize-jpeg:1000:1000.image?,https://shop.tiktok.com/view/product/1732560210972283384?region=US&locale=en,张宇,4
2026/8/23,US,US,爆款,1732235069991130057,S260117011673,Verve Fashion,非SKM商家,标码女装,女士套装及西服,半裙套装,标码女装+女士套装及西服,"(10000,+∞)",10.23,"(100,+∞)",45.00%,"(0%, 50%]","(30,50]",2026/1/17,218,非JIT商品,607,1,"Light green,Red,Army green,Rust orange,Black,Dark gray,Light wash,Apricot,Silver,Purple,Mint green,Pink,Hot pink,Yellow,White",15,"M,S,L,XS,XL",5,All Seasons,https://p16-oec-va.ibyteimg.com/tos-maliva-i-o3syd03w52-us/5bbbd45cd8da4093bd0d5ec6b338ed28~tplv-o3syd03w52-resize-jpeg:1000:1000.image?,https://shop.tiktok.com/view/product/1732235069991130057?region=US&locale=en,刘雪莹,4.7
2026/8/23,US,US,爆款,1732296156486537412,S260318058158,FACIO Direct,非SKM商家,标码女装,女士针织衫,毛衣连衣裙,标码女装+女士针织衫,"(5000,10000]",12.36,"(100,+∞)",32.05%,"(0%, 50%]","(10,30]",2026/3/20,156,非JIT商品,356,0,"Mint green,Pink,Hot pink,Orange,Deep pink,Lilac,Yellow,Mauve purple,Green",9,"M,S,XXS,L,XL,XS",6,Summer,https://p16-oec-va.ibyteimg.com/tos-alisg-i-aphluv4xwc-sg/8f56d89747b04adab3bc1ec39a901640~tplv-o3syd03w52-resize-jpeg:1000:1000.image?,https://shop.tiktok.com/view/product/1732296156486537412?region=US&locale=en,沈亦莎,4.3
2026/8/23,US,US,爆款,1732373870340510039,S260428002814,FOXCLAW Curve,非SKM商家,大码女装,女士连衣裙,休闲连衣裙,大码女装+女士连衣裙,"(2000,5000]",10,"(100,+∞)",19.32%,"(0%, 50%]","(30,50]",2026/5/8,107,非JIT商品,435,0,"Purple,Reddish orange,Blue",3,"5XL,4XL,1XL,3XL,2XL",5,Summer,https://p16-oec-ttp.tiktokcdn-us.com/tos-useast5-i-omjb5zjo8w-tx/aa303e26721a421e9499990c5abaa3f3~tplv-omjb5zjo8w-resize-jpeg:1000:1000.image?,https://shop.tiktok.com/view/product/1732373870340510039?region=US&locale=en,郑川粤,4.1
2026/8/23,US,US,爆款,1732457133896340044,S260624017712,Modish Sweaters,非SKM商家,标码女装,女士针织衫,毛衣套头衫,标码女装+女士针织衫,"(100,500]",6.32,"(100,+∞)",-15.31%,负增长,"(30,50]",2026/6/27,57,非JIT商品,626,0,"Purple,Turquoise,Light blue,Gray,White,Black",6,"M,S,L,XL",4,Summer,https://p16-oec-va.ibyteimg.com/tos-maliva-i-o3syd03w52-us/36ac70068d564bec80031c894cda015e~tplv-o3syd03w52-resize-jpeg:1000:1000.image?,https://shop.tiktok.com/view/product/1732457133896340044?region=US&locale=en,王可心,3.2
2026/8/23,US,US,爆款,1732328454721082319,S260409019475,Celdra,非SKM商家,标码女装,女士套装及西服,短裤套装,标码女装+女士套装及西服,"(5000,10000]",11.91,"(100,+∞)",7.78%,"(0%, 50%]","(10,30]",2026/4/28,117,非JIT商品,915,0,"Pink,Red,Black,Apricot,Blue",5,"M,S,L,XL",4,Summer,https://p16-oec-va.ibyteimg.com/tos-maliva-i-o3syd03w52-us/c8abb31755144e7b9cfc86bb1c264f63~tplv-o3syd03w52-resize-jpeg:1000:1000.image?,https://shop.tiktok.com/view/product/1732328454721082319?region=US&locale=en,黄依婷,4.2
2026/8/23,US,US,爆款,1732103521079103863,S251018061721,Rogue Comfy,非SKM商家,标码女装,女士下装,长裤,标码女装+女士下装,"(2000,5000]",17.85,"(100,+∞)",92.19%,"(50%, 100%]","(30,50]",2025/11/30,266,JIT商品,156,"65,417","Multicolor7,Multicolor6,Multicolor9,Multicolor15,Multicolor12,Multicolor1,Multicolor14,Multicolor8,Multicolor5,Multicolor11,Multicolor2,Multicolor3,Multicolor10,Multicolor13,Multicolor4",15,"M,S,XS,L,XXL,XL",6,Spring&Fall,https://p16-oec-va.ibyteimg.com/tos-alisg-i-aphluv4xwc-sg/f266bab4b7cc482eb80c0bfa05932ac8~tplv-o3syd03w52-resize-jpeg:1000:1000.image?,https://shop.tiktok.com/view/product/1732103521079103863?region=US&locale=en,王谍,4.8
2026/8/23,US,US,爆款,1730815119492550981,S250227008373,YouAnnn,非SKM商家,标码女装,女士针织衫,毛衣套头衫,标码女装+女士针织衫,"(10000,+∞)",12.34,"(100,+∞)",19.51%,"(0%, 50%]","(10,30]",2025/3/6,535,非JIT商品,"1,048",0,"Jet black,Royal blue,Navy blue,Reddish orange,Flame red,Blueyellow,Black and white,Dark blue,Off white,Light wash,Green,Pink,Red and black,Cloud white,Beige",15,"M,S,XL,L,XXL",5,Spring&Fall,https://p16-oec-ttp.tiktokcdn-us.com/tos-useast5-i-omjb5zjo8w-tx/e787134f9db448409038d476b6e3774b~tplv-omjb5zjo8w-resize-jpeg:1000:1000.image?,https://shop.tiktok.com/view/product/1730815119492550981?region=US&locale=en,沈亦莎,4.3
2026/8/23,US,US,爆款,1732168789823755009,S251223049316,Keechic,非SKM商家,标码女装,女士下装,短裤,标码女装+女士下装,"(1000,2000]",6,"(100,+∞)",62.86%,"(50%, 100%]","(30,50]",2026/1/13,222,非JIT商品,179,0,"Red,Navy blue,Black",3,"M,S,L,XL",4,Summer,https://p16-oec-ttp.tiktokcdn-us.com/tos-useast5-i-omjb5zjo8w-tx/5ed7e259aff94cceb2cf3bdf484dc028~tplv-omjb5zjo8w-resize-jpeg:1000:1000.image?,https://shop.tiktok.com/view/product/1732168789823755009?region=US&locale=en,黄依婷,3.8
2026/8/23,US,US,爆款,1732311753327612521,S260330040546,Vanndochic,非SKM商家,标码女装,女士套装及西服,女士西服马甲,标码女装+女士套装及西服,"(1000,2000]",12.74,"(100,+∞)",67.16%,"(50%, 100%]","(30,50]",2026/4/18,127,非JIT商品,"1,127",0,"Baby pink,White,Black,Champagne",4,"M,S,L,XL",4,Summer,https://p16-oec-va.ibyteimg.com/tos-maliva-i-o3syd03w52-us/88bb185c95274ba7ba338d02bef21a61~tplv-o3syd03w52-resize-jpeg:1000:1000.image?,https://shop.tiktok.com/view/product/1732311753327612521?region=US&locale=en,黄依婷,4.4
2026/8/23,US,US,爆款,1729463958325923978,S240326007867,YFX Fashion,非SKM商家,大码女装,女士上装,女士背心&吊带衫,大码女装+女士上装,"(10000,+∞)",11.9,"(100,+∞)",-3.33%,负增长,"(10,30]",2024/4/12,863,JIT商品,"5,267",0,"Blue,Coffee brown,Purple,Baby pink,Light green,Navy blue,Rust orange,Deep red,Black,Bright yellow,Burgundy",11,"5XL,4XL,8XL,6XL,1XL,7XL,0XL,3XL,2XL",9,Summer,https://p16-oec-ttp.tiktokcdn-us.com/tos-useast5-i-omjb5zjo8w-tx/0cc7e8b79b7743f5896658aaf4586f0d~tplv-omjb5zjo8w-resize-jpeg:1000:1000.image?,https://shop.tiktok.com/view/product/1729463958325923978?region=US&locale=en,郑川粤,4
2026/8/23,US,US,爆款,1729498455879554228,S260305050751,YYZQ Vogue,非SKM商家,标码女装,女士下装,长裤,标码女装+女士下装,"(10000,+∞)",16.67,"(100,+∞)",33.78%,"(0%, 50%]","(10,30]",2026/3/13,163,非JIT商品,"1,208",0,"Mixed Colors 14,Multicolor7,Multicolor6,Multicolor9,Multicolor12,Black,Multicolor1,Dark wash,Multicolor8,Silver,Medium wash,Pink,Multicolor11,Multicolor5,Multicolor2,Multicolor3,Yellow,Mixed Color 13,Multicolor10,Multicolor4,Brown",21,"M,S,XL,L",4,Spring&Fall,https://p16-oec-ttp.tiktokcdn-us.com/tos-useast5-i-omjb5zjo8w-tx/a6e393529e4f40399544e150d727f224~tplv-omjb5zjo8w-resize-jpeg:1000:1000.image?,https://shop.tiktok.com/view/product/1729498455879554228?region=US&locale=en,黄依婷,4.2
2026/8/23,US,US,爆款,1731189648099611486,S250507011364,Mayins,非SKM商家,标码女装,女士下装,长裤,标码女装+女士下装,"(10000,+∞)",10.69,"(100,+∞)",41.10%,"(0%, 50%]","(30,50]",2025/5/19,461,非JIT商品,"1,496",0,"Jet black,Multicolor5,Multicolor2,Multicolor3,Multicolor1,Multicolor4,Blue",7,"M,S,XL,L,XXL",5,Summer,https://p16-oec-ttp.tiktokcdn-us.com/tos-useast5-i-omjb5zjo8w-tx/70041684e4f44795af0ef6f68408a395~tplv-omjb5zjo8w-resize-jpeg:1000:1000.image?,https://shop.tiktok.com/view/product/1731189648099611486?region=US&locale=en,黄依婷,4.8
2026/8/23,US,US,爆款,1729537736588825335,S240619001118,FlaireX,非SKM商家,标码女装,女士下装,长裤,标码女装+女士下装,"(10000,+∞)",12.86,"(100,+∞)",366.67%,"(300%, 500%]","(10,30]",2024/7/2,782,非JIT商品,530,0,"Burgundy,Light blue,Army green,Black,Apricot*1 pc+Coffee Brown*1 pc,Set3,Brown*1 pc+Black*1 pc,Apricot,Set2,Coffee brown,Army Green*1 pc+Brown*1 pc,Set4,Set1,Army Green*1 pc+Apricot*1 pc,Black*1 pc+Coffee Brown*1 pc,Army Green*1 pc+Black*1 pc,Set6,Apricot*1 pc+Black*1 pc,Set5,Brown",20,"M,S,XL,L",4,Spring&Fall,https://p16-oec-ttp.tiktokcdn-us.com/tos-useast5-i-omjb5zjo8w-tx/b60e53fb61b34b549517f50a4bb1c90c~tplv-omjb5zjo8w-resize-jpeg:1000:1000.image?,https://shop.tiktok.com/view/product/1729537736588825335?region=US&locale=en,刘雪莹,4.1
2026/8/23,US,US,爆款,1732320906720285274,S260406038831,Orgnvin,非SKM商家,标码女装,女士针织衫,毛衣套头衫,标码女装+女士针织衫,"(2000,5000]",14.48,"(100,+∞)",-17.24%,负增长,"(10,30]",2026/4/6,139,JIT商品,"1,441",173,"Green,Royal blue,Pink,Khaki,Yellow,White,Black,Fawn brown,Apricot,Mauve purple,Burgundy",11,"M,S,L,XL",4,Summer,https://p16-oec-va.ibyteimg.com/tos-maliva-i-o3syd03w52-us/e1f33fb180db4c45b515e49baa926d1a~tplv-o3syd03w52-resize-jpeg:1000:1000.image?,https://shop.tiktok.com/view/product/1732320906720285274?region=US&locale=en,王可心,4.7
2026/8/23,US,US,爆款,1732114586775490750,S251203077768,Wake Seasons,非SKM商家,标码女装,女士下装,短裤,标码女装+女士下装,"(5000,10000]",7.2,"(100,+∞)",31.58%,"(0%, 50%]","(10,30]",2025/12/3,263,JIT商品,404,"496,892","Four-bar coffee color,White pants with black polka dots,Multicolor7,Light blue,Multicolor6,Multicolor9,Multicolor12,Multicolor,Black and white checkered pattern,Black,Blue pants with white polka dots,Multicolor1,Multicolor8,Pink,Multicolor11,Multicolor5,Multicolor2,Multicolor3,Yellow,Sky blue,Black pants with white polka dots,Multicolor10,Multicolor4",23,"M,S,XL,L",4,Summer,https://p16-oec-ttp.tiktokcdn-us.com/tos-useast5-i-omjb5zjo8w-tx/ed437192e3af42159d6d1bdb407ade71~tplv-omjb5zjo8w-resize-jpeg:1000:1000.image?,https://shop.tiktok.com/view/product/1732114586775490750?region=US&locale=en,张健,4.1
2026/8/23,US,US,爆款,1732540077345641409,S260807037491,Modest Abayas,非SKM商家,标码女装,女士穆斯林服装,连衣裙,标码女装+女士穆斯林服装,"(100,500]",50.12,"(100,+∞)",82.61%,"(50%, 100%]","(50,100]",2026/8/7,16,JIT商品,10,"4,405","Taro color,Baby pink,Mint green,Black + Black Lace,White,Dark brown,Black + White Lace,Light wash,Burgundy",9,"M,S,L,XL,XXL",5,All Seasons,https://p16-oec-va.ibyteimg.com/tos-maliva-i-o3syd03w52-us/2da6255c669e482f9dab981a21b31f50~tplv-o3syd03w52-resize-jpeg:1000:1000.image?,https://shop.tiktok.com/view/product/1732540077345641409?region=US&locale=en,徐熙雅,4.7
2026/8/23,US,US,爆款,1730943173370155925,S250305005248,D Shiny Shop,非SKM商家,大码女装,牛仔,牛仔外套,大码女装+牛仔,"(5000,10000]",21.07,"(100,+∞)",88.89%,"(50%, 100%]","(30,50]",2025/3/28,513,非JIT商品,474,0,"Medium wash,Light wash,Dark wash",3,"4XL,1XL,3XL,2XL",4,Fall&Winter,https://p16-oec-ttp.tiktokcdn-us.com/tos-useast5-i-omjb5zjo8w-tx/4c700f7d414144269b8a5e0b25a32018~tplv-omjb5zjo8w-resize-jpeg:1000:1000.image?,https://shop.tiktok.com/view/product/1730943173370155925?region=US&locale=en,郑川粤,4.1
2026/8/23,US,US,爆款,1732410176749277675,S260523014857,Finjani Plus,非SKM商家,大码女装,女士套装及西服,长裤套装,大码女装+女士套装及西服,"(1000,2000]",24.13,"(100,+∞)",116.67%,"(100%, 300%]","(30,50]",2026/5/26,89,非JIT商品,202,0,"Gray,Black,Dark gray",3,"4XL,1XL,0XL,3XL,2XL",5,Summer,https://p16-oec-va.ibyteimg.com/tos-maliva-i-o3syd03w52-us/91dcc9aa73fa466f92c35e2ea9ab9864~tplv-o3syd03w52-resize-jpeg:1000:1000.image?,https://shop.tiktok.com/view/product/1732410176749277675?region=US&locale=en,张宇,4.5
2026/8/23,US,US,爆款,1730748441530438557,S250123002932,ZhuTong clothing,非SKM商家,标码女装,女士下装,半身裙,标码女装+女士下装,"(5000,10000]",9.67,"(100,+∞)",38.36%,"(0%, 50%]","(30,50]",2025/2/24,545,JIT商品,200,50,"Coffee brown,Lilac,Multicolor,Red and white,Blue",5,"M,S,XL,L,XXL",5,Spring&Fall,https://p16-oec-va.ibyteimg.com/tos-maliva-i-o3syd03w52-us/3cc2610410474629b501126869d67c1d~tplv-o3syd03w52-resize-jpeg:1000:1000.image?,https://shop.tiktok.com/view/product/1730748441530438557?region=US&locale=en,张健,4.3
2026/8/23,US,US,爆款,1730518810820907842,S250107002072,Slim Moda,非SKM商家,标码女装,女士套装及西服,长裤套装,标码女装+女士套装及西服,"(10000,+∞)",13.72,"(100,+∞)",29.33%,"(0%, 50%]","(10,30]",2025/1/16,584,非JIT商品,"1,705",0,"Bright blue,Grey,black & yellow,Hot pink,Orange,Pink and black,Army green,Deep red,Black,Blue and black",10,"M,S,XL,L,XXL",5,Summer,https://p16-oec-ttp.tiktokcdn-us.com/tos-useast5-i-omjb5zjo8w-tx/3e74375fb50b458b874ebb496ee2100a~tplv-omjb5zjo8w-resize-jpeg:1000:1000.image?,https://shop.tiktok.com/view/product/1730518810820907842?region=US&locale=en,刘雪莹,4.7
2026/8/23,US,US,爆款,1731461858342704126,S250715008377,Knit Mix-Frenchy,非SKM商家,标码女装,女士针织衫,毛衣套头衫,标码女装+女士针织衫,"(10000,+∞)",9.43,"(100,+∞)",56.94%,"(50%, 100%]","(50,100]",2025/7/15,404,JIT商品,596,0,"Bright blue,Iron gray,Royal blue,Red,Orange,Olive green,Army green,Black,Dark orange,Dark gray,Dark green,Turquoise blue,Light wash,Blue,Green,Purple,Wine red,Hot pink,Yellow,Chartreuse,Lime red,Mauve purple,Brown",23,"M,S,L,XL,XXL,XS",6,Fall&Winter,https://p16-oec-ttp.tiktokcdn-us.com/tos-useast5-i-omjb5zjo8w-tx/a90d077fe259477bb6575b35b321a8f8~tplv-omjb5zjo8w-resize-jpeg:1000:1000.image?,https://shop.tiktok.com/view/product/1731461858342704126?region=US&locale=en,沈亦莎,4.3
2026/8/23,US,US,爆款,1731996171750576636,S251029048976,Hi anan,非SKM商家,标码女装,女士针织衫,毛衣套头衫,标码女装+女士针织衫,"(2000,5000]",8.6,"(100,+∞)",68.75%,"(50%, 100%]","(10,30]",2025/10/29,298,JIT商品,327,0,"Camel,White,Black,Apricot,Burgundy",5,"M,S,L,XL",4,Fall&Winter,https://p16-oec-va.ibyteimg.com/tos-maliva-i-o3syd03w52-us/16d212a844594b019a9bd43300a96757~tplv-o3syd03w52-resize-jpeg:1000:1000.image?,https://shop.tiktok.com/view/product/1731996171750576636?region=US&locale=en,沈亦莎,4.4
2026/8/23,US,US,爆款,1731934014962700334,S251016007317,Tuo Go,非SKM商家,标码女装,女士穆斯林服装,半身裙,标码女装+女士穆斯林服装,"(10000,+∞)",11.92,"(100,+∞)",21.79%,"(0%, 50%]","(30,50]",2025/10/21,306,非JIT商品,"1,664",1,"Jet black,Baby pink,Royal blue,Khaki,Red,Orange,Army green,Navy blue,Lilac,Black,Light wash,Blue,Green,Silver,Purple,Mint green,Yellow,Bright yellow,Burgundy",19,"M,S,XL,L",4,All Seasons,https://p16-oec-va.ibyteimg.com/tos-alisg-i-aphluv4xwc-sg/9396ae42fe464f43a9fd87fd34d28d52~tplv-o3syd03w52-resize-jpeg:1000:1000.image?,https://shop.tiktok.com/view/product/1731934014962700334?region=US&locale=en,王瑶,4.4
2026/8/23,US,US,爆款,1730340666042520425,S241218007766,Hijab Haven,非SKM商家,标码女装,女士穆斯林服装,方便头巾,标码女装+女士穆斯林服装,"(10000,+∞)",3.77,"(100,+∞)",8.14%,"(0%, 50%]","(10,30]",2024/12/23,608,JIT商品,509,58,"Curry,Camel,Khaki,Black 188,Navy blue,Army green,4# Purple Leather RS188,5# Wine Red RS188,Gray,Zhuangqing 188,Multicolor,Khaki 188,12# Denim Blue,Black,Coffee brown,Grey,Multicolor2,Hot pink,Multicolor3,Violet,6# Army Green RS188,Sky blue,Mauve purple,Multicolor4,Burgundy",25,One-size,1,All Seasons,https://p16-oec-va.ibyteimg.com/tos-maliva-i-o3syd03w52-us/f7361854d2cb4aa1881e80955bd16d47~tplv-o3syd03w52-resize-jpeg:1000:1000.image?,https://shop.tiktok.com/view/product/1730340666042520425?region=US&locale=en,徐熙雅,4.6
2026/8/23,US,US,爆款,1729485171206296415,S240516003315,SaltWhite,非SKM商家,标码女装,女士下装,短裤,标码女装+女士下装,"(10000,+∞)",8.51,"(100,+∞)",29.73%,"(0%, 50%]","(30,50]",2024/5/23,822,非JIT商品,"3,039",0,"Purple*1 pc+Sky Blue*1 pc+Pink*1 pc,Khaki,Army green,Navy blue,Black*1 pc+Khaki*1 pc,Black,Lime yellow,Turquoise blue,Blue,Green,Coffee brown,Purple,Pink,Hot pink,Pink*1 pc+Sky Blue*1 pc+Khaki*1 pc,Deep red,Lime orange,Sky blue,Navy Blue*1 pc+Khaki*1 pc+Black*1 pc,Black*1 pc+Navy Blue*1 pc",20,"M,S,L,XL,XXL",5,Summer,https://p16-oec-ttp.tiktokcdn-us.com/tos-useast5-i-omjb5zjo8w-tx/3307bf27cf674d66b69f6d2b420f4ebb~tplv-omjb5zjo8w-resize-jpeg:1000:1000.image?,https://shop.tiktok.com/view/product/1729485171206296415?region=US&locale=en,王谍,3.7
2026/8/23,US,US,爆款,1732314465110758095,S260401016792,Naimisi-Plus,非SKM商家,大码女装,女士套装及西服,长裤套装,大码女装+女士套装及西服,"(1000,2000]",16.48,"(100,+∞)",-26.80%,负增长,"(10,30]",2026/4/10,135,非JIT商品,115,0,"Bright blue,Dark wash,Purple,Olive green,Mocha brown,Black,Turquoise blue,Apricot,Copper brown,Turquoise green,Maroon",11,"5XL,4XL,1XL,3XL,2XL",5,Summer,https://p16-oec-ttp.tiktokcdn-us.com/tos-useast5-i-omjb5zjo8w-tx/3872b54c9c8b4f1eb33d0af88a9416aa~tplv-omjb5zjo8w-resize-jpeg:1000:1000.image?,https://shop.tiktok.com/view/product/1732314465110758095?region=US&locale=en,张宇,3.6
2026/8/23,US,US,爆款,1729659459849523400,S240912004772,Encircled,非SKM商家,标码女装,女士套装及西服,女士西装,标码女装+女士套装及西服,"(10000,+∞)",9.62,"(100,+∞)",-8.99%,负增长,"(30,50]",2024/9/23,699,非JIT商品,947,0,"Khaki,Multicolor7,Multicolor6,Black and white,Pebble lime,Black,Dark gray,Off white,Blue,Green,Pink and white,Multicolor5,Pink,Multicolor2,Multicolor3,Deep red,Yellow,Multicolor4,Burgundy",19,"M,S,L,XL,XXL",5,Spring&Fall,https://p16-oec-ttp.tiktokcdn-us.com/tos-useast5-i-omjb5zjo8w-tx/17a77830223745d3bb70589b237b476b~tplv-omjb5zjo8w-resize-jpeg:1000:1000.image?,https://shop.tiktok.com/view/product/1729659459849523400?region=US&locale=en,游宇航,4.5
2026/8/23,US,US,爆款,1729498439936021227,S240605002557,Bettlity,非SKM商家,标码女装,女士针织衫,毛衣套头衫,标码女装+女士针织衫,"(10000,+∞)",16,"(100,+∞)",39.71%,"(0%, 50%]","(30,50]",2024/6/17,797,非JIT商品,463,0,"Black,Off white",2,"M,S*1 pc+M*1 pc,XL*1 pc+XXL*1 pc,M*1 pc+L*1 pc,M*1 pc+XL*1 pc,L*1 pc+XL*1 pc,S,L,XL,XXL",10,Spring&Fall,https://p16-oec-va.ibyteimg.com/tos-maliva-i-o3syd03w52-us/3778f434ca644f23bff3896a15df3124~tplv-o3syd03w52-resize-jpeg:1000:1000.image?,https://shop.tiktok.com/view/product/1729498439936021227?region=US&locale=en,沈亦莎,4.7
2026/8/23,US,US,爆款,1732327650742670071,S260409001283,FlaireX,非SKM商家,标码女装,女士套装及西服,长裤套装,标码女装+女士套装及西服,"(1000,2000]",19.22,"(100,+∞)",-20.88%,负增长,"(10,30]",2026/4/17,128,非JIT商品,961,0,"Lavender,Pink,Olive green,Yellow,Fawn brown,Pastel blue,Apricot",7,"M,S,L,XL",4,Spring&Fall,https://p16-oec-ttp.tiktokcdn-us.com/tos-useast5-i-omjb5zjo8w-tx/a0c0b2cc7a8e46fba2fea714e7c8797e~tplv-omjb5zjo8w-resize-jpeg:1000:1000.image?,https://shop.tiktok.com/view/product/1732327650742670071?region=US&locale=en,刘雪莹,4.1
2026/8/23,US,US,爆款,1729799154496279275,S241017008142,Bettlity,非SKM商家,标码女装,女士针织衫,开衫,标码女装+女士针织衫,"(2000,5000]",22.62,"(100,+∞)",45.71%,"(0%, 50%]","(30,50]",2024/11/2,659,非JIT商品,523,0,"Grey,Khaki,Black,Olive brown,Apricot,Mauve purple",6,"M,S,XL,L,XXL",5,Fall&Winter,https://p16-oec-ttp.tiktokcdn-us.com/tos-useast5-i-omjb5zjo8w-tx/943757822e1d4799bd5bec447916d3db~tplv-omjb5zjo8w-resize-jpeg:1000:1000.image?,https://shop.tiktok.com/view/product/1729799154496279275?region=US&locale=en,沈亦莎,4.7
2026/8/23,US,US,爆款,1732470420196725489,S260702011134,MO Threads,非SKM商家,大码女装,女士上装,女士衬衫,大码女装+女士上装,"(500,1000]",8.58,"(100,+∞)",92.59%,"(50%, 100%]","(30,50]",2026/7/7,47,JIT商品,219,"2,857","Royal blue,Khaki,Red,Black,Sky blue,Pale green,Burgundy",7,"5XL,4XL,1XL,3XL,2XL",5,Spring&Fall,https://p16-oec-va.ibyteimg.com/tos-maliva-i-o3syd03w52-us/c9ad99cac95146f29bcef638833bf697~tplv-o3syd03w52-resize-jpeg:1000:1000.image?,https://shop.tiktok.com/view/product/1732470420196725489?region=US&locale=en,张宇,3.8
2026/8/23,US,US,爆款,1729433284904259680,S240102003454,Luxury Leisure,非SKM商家,标码女装,女士套装及西服,短裤套装,标码女装+女士套装及西服,"(10000,+∞)",8.64,"(100,+∞)",228.95%,"(100%, 300%]","(10,30]",2024/1/10,956,非JIT商品,"2,315",0,"Grey,Hot pink,Orange,Deep red,Yellow,Black,Dark green,Blue",8,"M,S,L,XL,XXL",5,All Seasons,https://p16-oec-ttp.tiktokcdn-us.com/tos-useast5-i-omjb5zjo8w-tx/36451c5a799d42c89a57299d1e41a79b~tplv-omjb5zjo8w-resize-jpeg:1000:1000.image?,https://shop.tiktok.com/view/product/1729433284904259680?region=US&locale=en,刘雪莹,4.5
2026/8/23,US,US,爆款,1729479888508916823,S260128034607,Novelife,非SKM商家,标码女装,女士套装及西服,短裤套装,标码女装+女士套装及西服,"(1000,2000]",15.6,"(100,+∞)",-46.08%,负增长,"(10,30]",2026/3/5,171,非JIT商品,790,0,"Blue,Brown and white,Clay brown,Black,Light wash,Burgundy",6,"M,S,XS,XL,L",5,Summer,https://p16-oec-va.ibyteimg.com/tos-alisg-i-aphluv4xwc-sg/33e18d83bcaa4ff182600761be8b2938~tplv-o3syd03w52-resize-jpeg:1000:1000.image?,https://shop.tiktok.com/view/product/1729479888508916823?region=US&locale=en,黄依婷,4.7
2026/8/23,US,US,爆款,1731992585229407081,S251029002765,Hijab Haven,非SKM商家,标码女装,女士穆斯林服装,长头巾,标码女装+女士穆斯林服装,"(2000,5000]",3.91,"(100,+∞)",65.00%,"(50%, 100%]","(30,50]",2025/10/29,298,JIT商品,216,0,"Set,Royal blue,Navy blue,Gray,Multicolor,Coral pink,Set3,Turquoise blue,Dark green,Copper brown,Purple,Set4,Set1,Multicolor2,Bright yellow,Burgundy,Camel,Khaki,Army green,Black,Dark gray,Apricot,Dark wash,Coffee brown,Set2,Pink,Lemon yellow,White,Set5",29,One-size,1,All Seasons,https://p16-oec-ttp.tiktokcdn-us.com/tos-useast5-i-omjb5zjo8w-tx/48655368ff29478f8ebc1f25fd64a36c~tplv-omjb5zjo8w-resize-jpeg:1000:1000.image?,https://shop.tiktok.com/view/product/1731992585229407081?region=US&locale=en,徐熙雅,4.6
2026/8/23,US,US,爆款,1731461655821980670,S250715007007,Knit Mix-Frenchy,非SKM商家,标码女装,女士针织衫,毛衣套头衫,标码女装+女士针织衫,"(2000,5000]",9.76,"(100,+∞)",162.22%,"(100%, 300%]","(50,100]",2025/7/15,404,JIT商品,651,0,"Red,Army green,Navy blue,Gray,Black,Dark green,Light wash,Turquoise green,Blue,Green,Purple,Pink,Wine red,Hot pink,Yellow,Mulberry,Brown",17,"M,S,XL,L,XXL,XS",6,Fall&Winter,https://p16-oec-ttp.tiktokcdn-us.com/tos-useast5-i-omjb5zjo8w-tx/0450034574394a1e8f5916ae399e687a~tplv-omjb5zjo8w-resize-jpeg:1000:1000.image?,https://shop.tiktok.com/view/product/1731461655821980670?region=US&locale=en,沈亦莎,4.3
2026/8/23,US,US,爆款,1731207978086863011,S250515011003,Yz Sweaters,非SKM商家,标码女装,女士针织衫,开衫,标码女装+女士针织衫,"(2000,5000]",15.89,"(100,+∞)",86.21%,"(50%, 100%]","(30,50]",2025/5/23,457,非JIT商品,315,0,"Pink,Yellow,Apricot",3,"M,S,L,XL",4,Spring&Fall,https://p16-oec-va.ibyteimg.com/tos-maliva-i-o3syd03w52-us/16360948ac6744e8b3171756e702228a~tplv-o3syd03w52-resize-jpeg:1000:1000.image?,https://shop.tiktok.com/view/product/1731207978086863011?region=US&locale=en,沈亦莎,4.4
2026/8/23,US,US,爆款,1732409166700646743,S260522019294,FOXCLAW Curve,非SKM商家,大码女装,牛仔,牛仔短裤,大码女装+牛仔,"(500,1000]",13.81,"(100,+∞)",155.32%,"(100%, 300%]","(30,50]",2026/6/9,75,非JIT商品,238,0,"Black,Light wash",2,"5XL,4XL,1XL,3XL,2XL",5,Summer,https://p16-oec-va.ibyteimg.com/tos-maliva-i-o3syd03w52-us/6f3627671b2b4552ac370036edbb0835~tplv-o3syd03w52-resize-jpeg:1000:1000.image?,https://shop.tiktok.com/view/product/1732409166700646743?region=US&locale=en,郑川粤,4.1
2026/8/23,US,US,爆款,1732495260616986663,S260716016367,Finjani BoldCurve,非SKM商家,大码女装,女士下装,长裤,大码女装+女士下装,"(100,500]",18.9,"(100,+∞)",-40.20%,负增长,"(10,30]",2026/7/24,30,JIT商品,166,56,"Burgundy,Pink,Army green,White,Black,Multicolor,Brown",7,"5XL,4XL,1XL,0XL,3XL,2XL",6,Spring&Fall,https://p16-oec-va.ibyteimg.com/tos-alisg-i-aphluv4xwc-sg/716dcdf382ef468bb885e5aabe180417~tplv-o3syd03w52-resize-jpeg:1000:1000.image?,https://shop.tiktok.com/view/product/1732495260616986663?region=US&locale=en,张宇,3.8
2026/8/23,US,US,爆款,1731102302974808651,S250423005939,StreetWeat Outfits,非SKM商家,标码女装,女士套装及西服,半裙套装,标码女装+女士套装及西服,"(5000,10000]",16.03,"(100,+∞)",-35.48%,负增长,"(10,30]",2025/4/29,481,JIT商品,"1,329",0,"Purple,Red,Navy blue,Lilac,Yellow,Fawn brown,Off white,Blue",8,"M,S,L,XS",4,Summer,https://p16-oec-va.ibyteimg.com/tos-maliva-i-o3syd03w52-us/4c3cef6a685448779399fd3421bc03e1~tplv-o3syd03w52-resize-jpeg:1000:1000.image?,https://shop.tiktok.com/view/product/1731102302974808651?region=US&locale=en,张健,4.3
2026/8/23,US,US,爆款,1729474483699421347,S240404002674,Yz Sweaters,非SKM商家,标码女装,女士针织衫,开衫,标码女装+女士针织衫,"(5000,10000]",8.03,"(100,+∞)",52.46%,"(50%, 100%]","(30,50]",2024/5/6,839,非JIT商品,496,0,"Pink,Black,Off white,Beige",4,"M,S,XL,L",4,Spring&Fall,https://p16-oec-ttp.tiktokcdn-us.com/tos-useast5-i-omjb5zjo8w-tx/4a8e8a977d7f4c5c84ec760f9ae6334a~tplv-omjb5zjo8w-resize-jpeg:1000:1000.image?,https://shop.tiktok.com/view/product/1729474483699421347?region=US&locale=en,沈亦莎,4.4
2026/8/23,US,US,爆款,1732352259478688184,S260417007486,ZY PLUS JEANS,非SKM商家,大码女装,牛仔,牛仔长裤,大码女装+牛仔,"(1000,2000]",19.17,"(100,+∞)",-8.43%,负增长,"(30,50]",2026/4/24,121,非JIT商品,372,0,"Royal blue,Dark gray,Ocean blue,Dark wash",4,"4XL,1XL,0XL,3XL,2XL",5,Fall&Winter,https://p16-oec-ttp.tiktokcdn-us.com/tos-useast5-i-omjb5zjo8w-tx/51ea1794f3e941cda9e281de48158251~tplv-omjb5zjo8w-resize-jpeg:1000:1000.image?,https://shop.tiktok.com/view/product/1732352259478688184?region=US&locale=en,郑川粤,3.8
2026/8/23,US,US,爆款,1732098037332218189,S251128041135,Follome,非SKM商家,标码女装,女士下装,长裤,标码女装+女士下装,"(2000,5000]",13.96,"(100,+∞)",89.29%,"(50%, 100%]","(10,30]",2025/12/4,262,非JIT商品,363,0,"Blue,Brown,Gray,Reddish purple,Black,Apricot,Green",7,"M,S,L,XL,XXL",5,Spring&Fall,https://p16-oec-ttp.tiktokcdn-us.com/tos-useast5-i-omjb5zjo8w-tx/fa330d47561345db9df98008ca8ac831~tplv-omjb5zjo8w-resize-jpeg:1000:1000.image?,https://shop.tiktok.com/view/product/1732098037332218189?region=US&locale=en,张健,4.6
2026/8/23,US,US,爆款,1732349056774279678,S260414047455,Wangsiting clothes,非SKM商家,标码女装,女士穆斯林服装,衬衣及女上衣,标码女装+女士穆斯林服装,"(1000,2000]",17.62,"(100,+∞)",107.27%,"(100%, 300%]","(30,50]",2026/4/14,131,非JIT商品,231,0,"Navy blue,Gray,Yellow,Black,Apricot",5,"M,S,XS,L,XL",5,All Seasons,https://p16-oec-ttp.tiktokcdn-us.com/tos-useast5-i-omjb5zjo8w-tx/901f9079fd334283b72fb1ba6662db97~tplv-omjb5zjo8w-resize-jpeg:1000:1000.image?,https://shop.tiktok.com/view/product/1732349056774279678?region=US&locale=en,王瑶,4.4
2026/8/23,US,US,爆款,1731407494543348574,S250623014760,Mayins,非SKM商家,标码女装,女士下装,长裤,标码女装+女士下装,"(5000,10000]",11.42,"(100,+∞)",26.09%,"(0%, 50%]","(10,30]",2025/7/5,414,非JIT商品,"1,647",0,"Pink,Navy blue,White,Black,Dark gray,Apricot,Brown",7,"M,S,XL,XS,XXL,L",6,Spring&Fall,https://p16-oec-ttp.tiktokcdn-us.com/tos-useast5-i-omjb5zjo8w-tx/d1e6575478d94bef83430b4d4e530dbd~tplv-omjb5zjo8w-resize-jpeg:1000:1000.image?,https://shop.tiktok.com/view/product/1731407494543348574?region=US&locale=en,黄依婷,4.8
2026/8/23,US,US,爆款,1732303726760465137,S260324025321,MO Threads,非SKM商家,大码女装,女士上装,女士 T 恤,大码女装+女士上装,"(500,1000]",8.81,"(100,+∞)",1000.00%,"(500%, +∞)","(50,100]",2026/3/24,152,JIT商品,116,395,"Purple,Khaki,Turquoise,Gray,Sky blue",5,"5XL,4XL,1XL,3XL,2XL",5,Summer,https://p16-oec-ttp.tiktokcdn-us.com/tos-useast5-i-omjb5zjo8w-tx/e18b8d3178704d20b189f3775a62610a~tplv-omjb5zjo8w-resize-jpeg:1000:1000.image?,https://shop.tiktok.com/view/product/1732303726760465137?region=US&locale=en,张宇,3.8
2026/8/23,US,US,爆款,1732347278038175783,S260413019653,Finjani-VV,非SKM商家,大码女装,女士连衣裙,休闲连衣裙,大码女装+女士连衣裙,"(1000,2000]",17.27,"(100,+∞)",586.36%,"(500%, +∞)","(30,50]",2026/4/13,132,非JIT商品,121,0,"Coffee brown,Baby pink,Hot pink,Orange,Navy blue,Multi-color,Yellow,Chartreuse,Blue",9,"4XL,1XL,0XL,3XL,2XL",5,Summer,https://p16-oec-ttp.tiktokcdn-us.com/tos-useast5-i-omjb5zjo8w-tx/adb941178361493688feccafd3b48ed9~tplv-omjb5zjo8w-resize-jpeg:1000:1000.image?,https://shop.tiktok.com/view/product/1732347278038175783?region=US&locale=en,张宇,3.1
2026/8/23,US,US,爆款,1729668820277104953,S240918002140,Tlida,非SKM商家,大码女装,女士下装,半身裙,大码女装+女士下装,"(5000,10000]",10.25,"(100,+∞)",23.94%,"(0%, 50%]","(10,30]",2024/9/27,695,非JIT商品,415,0,"Multicolor2*1 pc+Multicolor3*1 pc+Multicolor1*1 pc,Pink,Multicolor2,Navy blue,Multicolor3,Reddish orange,Red and black,White,Multicolor1,Multicolor4",10,"5XL,4XL,1XL,0XL,3XL,2XL",6,Summer,https://p16-oec-va.ibyteimg.com/tos-maliva-i-o3syd03w52-us/e45c4c74aa6f42dcb6f8b5faec1c7a73~tplv-o3syd03w52-resize-jpeg:1000:1000.image?,https://shop.tiktok.com/view/product/1729668820277104953?region=US&locale=en,郑川粤,4.1
2026/8/23,US,US,爆款,1729436976944550677,S240108003392,AOMR,非SKM商家,标码女装,女士下装,长裤,标码女装+女士下装,"(10000,+∞)",11.23,"(100,+∞)",21.74%,"(0%, 50%]","(10,30]",2024/1/22,944,非JIT商品,702,0,"Brown,Grey,Baby pink,Black*1 pc+Baby Pink*1 pc,Apricot*1 pc+Brown*1 pc,Apricot*1 pc+Black*1 pc,Black,Apricot*1 pc+Gray*1 pc,Beige,Black*1 pc+Gray*1 pc,Apricot,Apricot*1 pc+Black*1 pc+Gray*1 pc+Baby Pink*1 pc",12,"M,S,L",3,Spring&Fall,https://p16-oec-va.ibyteimg.com/tos-maliva-i-o3syd03w52-us/a4d4418140424fa9a36f0c4ceaf4cf34~tplv-o3syd03w52-resize-jpeg:1000:1000.image?,https://shop.tiktok.com/view/product/1729436976944550677?region=US&locale=en,王谍,4.3
2026/8/23,US,US,爆款,1732296053295452247,S260318034605,Novelife,非SKM商家,标码女装,女士下装,半身裙,标码女装+女士下装,"(1000,2000]",7.64,"(100,+∞)",7.04%,"(0%, 50%]","(10,30]",2026/4/2,143,非JIT商品,551,0,"Medium wash,Hot pink,Multi-color",3,"M,S,XL,L",4,Summer,https://p16-oec-ttp.tiktokcdn-us.com/tos-useast5-i-omjb5zjo8w-tx/ecee4e4f1dff494f816fe34e0586d3d1~tplv-omjb5zjo8w-resize-jpeg:1000:1000.image?,https://shop.tiktok.com/view/product/1732296053295452247?region=US&locale=en,黄依婷,4.7
2026/8/23,US,US,爆款,1731593663580443325,S250731023292,Minimalism style one,非SKM商家,标码女装,女士套装及西服,长裤套装,标码女装+女士套装及西服,"(2000,5000]",14.8,"(100,+∞)",13.33%,"(0%, 50%]","(10,30]",2025/8/10,378,JIT商品,793,227,"Brown,Purple,Orange,Red,Yellow,White,Black,Chartreuse,Apricot,Blue",10,"M,S,XL,L,XXL",5,Spring&Fall,https://p16-oec-va.ibyteimg.com/tos-maliva-i-o3syd03w52-us/6b12f07bbf8e4577b3f3977299e7ffe4~tplv-o3syd03w52-resize-jpeg:1000:1000.image?,https://shop.tiktok.com/view/product/1731593663580443325?region=US&locale=en,游宇航,3.5
2026/8/23,US,US,爆款,1732238692493267269,S260119043503,YouAnnn,非SKM商家,标码女装,女士针织衫,毛衣套头衫,标码女装+女士针织衫,"(5000,10000]",19.68,"(100,+∞)",-14.29%,负增长,"(10,30]",2026/1/25,210,非JIT商品,424,0,"Pink,Red,Lime green,White,Black,Lime yellow",6,"M,S,L,XL,XXL",5,Spring&Fall,https://p16-oec-va.ibyteimg.com/tos-maliva-i-o3syd03w52-us/92def4e2d6144d269b711d305d1f2c57~tplv-o3syd03w52-resize-jpeg:1000:1000.image?,https://shop.tiktok.com/view/product/1732238692493267269?region=US&locale=en,沈亦莎,4.3
2026/8/23,US,US,爆款,1731067231351968334,S250402016386,bboyAlun,非SKM商家,大码女装,女士连衣裙,休闲连衣裙,大码女装+女士连衣裙,"(5000,10000]",10.03,"(100,+∞)",23.88%,"(0%, 50%]","(10,30]",2025/4/21,489,非JIT商品,"1,570",0,"Burgundy,Grey,Pink,White,Black,Bright yellow,Turquoise green",7,"5XL,4XL,1XL,3XL,2XL",5,Spring&Fall,https://p16-oec-ttp.tiktokcdn-us.com/tos-useast5-i-omjb5zjo8w-tx/391880de4716447cbb84e564349e7563~tplv-omjb5zjo8w-resize-jpeg:1000:1000.image?,https://shop.tiktok.com/view/product/1731067231351968334?region=US&locale=en,张宇,3
2026/8/23,US,US,爆款,1732440286140535386,S260612038720,Orgnvin,非SKM商家,标码女装,女士针织衫,毛衣套头衫,标码女装+女士针织衫,"(1000,2000]",16.84,"(100,+∞)",-19.77%,负增长,"(10,30]",2026/6/13,71,JIT商品,"1,031",723,"Khaki,Red,Gray,Reddish purple,Black,Dark gray,Light wash,Dark wash,Green,Coffee brown,Pink,Hot pink,Yellow,White,Mauve purple,Burgundy",16,"M,S,XL,L",4,Summer,https://p16-oec-va.ibyteimg.com/tos-maliva-i-o3syd03w52-us/b484c7c9559c49328fc66f1b682c548e~tplv-o3syd03w52-resize-jpeg:1000:1000.image?,https://shop.tiktok.com/view/product/1732440286140535386?region=US&locale=en,王可心,4.7
2026/8/23,US,US,爆款,1730873350194565932,S250304015534,Simple Ladies,非SKM商家,标码女装,女士下装,半身裙,标码女装+女士下装,"(5000,10000]",7.46,"(100,+∞)",40.00%,"(0%, 50%]","(10,30]",2025/3/15,526,非JIT商品,314,0,"Multicolor,Dark blue",2,"M,S,XL,L",4,Summer,https://p16-oec-ttp.tiktokcdn-us.com/tos-useast5-i-omjb5zjo8w-tx/32df5379feb547c29ea5f30f7717f1f9~tplv-omjb5zjo8w-resize-jpeg:1000:1000.image?,https://shop.tiktok.com/view/product/1730873350194565932?region=US&locale=en,张健,4.6
2026/8/23,US,US,爆款,1732340321781125879,S260411017030,FlaireX,非SKM商家,标码女装,女士套装及西服,长裤套装,标码女装+女士套装及西服,"(500,1000]",14.38,"(100,+∞)",51.67%,"(50%, 100%]","(30,50]",2026/4/17,128,非JIT商品,102,0,"Pink,Army green,White,Blue",4,"M,S,XL,L",4,Summer,https://p16-oec-va.ibyteimg.com/tos-maliva-i-o3syd03w52-us/1dd919b8e59e44418686bebe53eb235e~tplv-o3syd03w52-resize-jpeg:1000:1000.image?,https://shop.tiktok.com/view/product/1732340321781125879?region=US&locale=en,刘雪莹,4.1
2026/8/23,US,US,爆款,1732384876480794688,S260429024840,CHILL SKILL,非SKM商家,大码女装,女士下装,长裤,大码女装+女士下装,"(500,1000]",11.82,"(100,+∞)",34.33%,"(0%, 50%]","(30,50]",2026/6/20,64,非JIT商品,314,0,"Red,Black,Dark gray,Dark wash",4,"5XL,4XL,1XL,3XL,2XL",5,Spring&Fall,https://p16-oec-va.ibyteimg.com/tos-alisg-i-aphluv4xwc-sg/25c17ce9ceb04f5193ddf3515a85313d~tplv-o3syd03w52-resize-jpeg:1000:1000.image?,https://shop.tiktok.com/view/product/1732384876480794688?region=US&locale=en,郑川粤,4
2026/8/23,US,US,爆款,1732203833271619671,S260107080675,Novelife,非SKM商家,标码女装,女士套装及西服,短裤套装,标码女装+女士套装及西服,"(1000,2000]",13.8,"(100,+∞)",94.23%,"(50%, 100%]","(30,50]",2026/1/21,214,非JIT商品,384,0,"Apricot,Brown",2,"M,S,XL,L",4,Summer,https://p16-oec-ttp.tiktokcdn-us.com/tos-useast5-i-omjb5zjo8w-tx/9d8932d3a2c74313972ac887b383a05b~tplv-omjb5zjo8w-resize-jpeg:1000:1000.image?,https://shop.tiktok.com/view/product/1732203833271619671?region=US&locale=en,黄依婷,4.7
2026/8/23,US,US,爆款,1732324998079287335,S260408041440,Finjani BoldCurve,非SKM商家,大码女装,女士套装及西服,裙子套装,大码女装+女士套装及西服,"(2000,5000]",19.48,"(100,+∞)",16.67%,"(0%, 50%]","(10,30]",2026/4/10,135,JIT商品,420,2,"Burgundy,Brown,Orange,Yellow,Black,Green",6,"4XL,1XL,0XL,3XL,2XL",5,Summer,https://p16-oec-va.ibyteimg.com/tos-maliva-i-o3syd03w52-us/722ee55f98cd439a850063f48f81803e~tplv-o3syd03w52-resize-jpeg:1000:1000.image?,https://shop.tiktok.com/view/product/1732324998079287335?region=US&locale=en,张宇,3.8
2026/8/23,US,US,爆款,1732419769969054271,S260530011726,GGB Wear,非SKM商家,标码女装,女士套装及西服,长裤套装,标码女装+女士套装及西服,"(1000,2000]",23.38,"(100,+∞)",26.98%,"(0%, 50%]","(10,30]",2026/6/15,69,非JIT商品,329,0,"Pink,Black,Chestnut color",3,"M,S,L,XS,XL",5,Summer,https://p16-oec-va.ibyteimg.com/tos-maliva-i-o3syd03w52-us/68b337e711ce426bb0d90aa56dd80065~tplv-o3syd03w52-resize-jpeg:1000:1000.image?,https://shop.tiktok.com/view/product/1732419769969054271?region=US&locale=en,黄依婷,3
2026/8/23,US,US,爆款,1732364788095685084,S260424023103,ZQ Clothing,非SKM商家,标码女装,女士套装及西服,短裤套装,标码女装+女士套装及西服,"(1000,2000]",9.15,"(100,+∞)",-64.42%,负增长,"(10,30]",2026/4/24,121,JIT商品,267,"2,018","Brown,Black + Dark Blue + Deep Green,Black + Blue + Dark Green,Black + Pink + Blue,Black,Dark gray,Deep blue,Dark green,Gray Blue,Green,Light Blue,Coffee brown,Purple,Black + Dark Blue + Brown,Pink,Wine red,Hey,Powder,Burgundy",19,"M,S,L,XL",4,All Seasons,https://p16-oec-va.ibyteimg.com/tos-maliva-i-o3syd03w52-us/eaa09233e84244dc948faba7a55b1904~tplv-o3syd03w52-resize-jpeg:1000:1000.image?,https://shop.tiktok.com/view/product/1732364788095685084?region=US&locale=en,刘雪莹,4.9
2026/8/23,US,US,爆款,1732316907686629800,S260402042018,YMW,非SKM商家,标码女装,女士套装及西服,长裤套装,标码女装+女士套装及西服,"(2000,5000]",16.92,"(100,+∞)",-3.85%,负增长,"(10,30]",2026/4/24,121,非JIT商品,606,0,"Baby pink,Pink,Orange,Black,Apricot,Green",6,"M,S,L,XL,XXL",5,Summer,https://p16-oec-ttp.tiktokcdn-us.com/tos-useast5-i-omjb5zjo8w-tx/1c77c3368cf14cd683cfa25309349438~tplv-omjb5zjo8w-resize-jpeg:1000:1000.image?,https://shop.tiktok.com/view/product/1732316907686629800?region=US&locale=en,黄依婷,3.8
2026/8/23,US,US,爆款,1729458365614297485,S231206002976,Rusttydustty Curve,非SKM商家,大码女装,女士连衣裙,休闲连衣裙,大码女装+女士连衣裙,"(5000,10000]",13.23,"(100,+∞)",34.43%,"(0%, 50%]","(10,30]",2024/4/2,873,非JIT商品,"1,796",0,"Green,Baby pink,Pink,Yellow,Reddish purple,Dusty blue,Light wash,Lime red,Blue",9,"5XL,4XL,1XL,0XL,3XL,2XL",6,Summer,https://p16-oec-ttp.tiktokcdn-us.com/tos-useast5-i-omjb5zjo8w-tx/4142792fc03b4394bf2dc009fe8f41aa~tplv-omjb5zjo8w-resize-jpeg:1000:1000.image?,https://shop.tiktok.com/view/product/1729458365614297485?region=US&locale=en,张宇,4.8
2026/8/23,US,US,爆款,1730912472316351052,S250303004720,XGZ Clothing Stores,非SKM商家,大码女装,女士套装及西服,裙子套装,大码女装+女士套装及西服,"(2000,5000]",11.02,"(100,+∞)",15.63%,"(0%, 50%]","(10,30]",2025/3/22,519,非JIT商品,614,0,"Bright blue,Green,Blue,Purple,Royal blue,Orange,Yellow,Black,Brown",9,"4XL,1XL,0XL,3XL,2XL",5,Summer,https://p16-oec-ttp.tiktokcdn-us.com/tos-useast5-i-omjb5zjo8w-tx/0878af6568e1431391430d53d68f80df~tplv-omjb5zjo8w-resize-jpeg:1000:1000.image?,https://shop.tiktok.com/view/product/1730912472316351052?region=US&locale=en,张宇,3.2
2026/8/23,US,US,爆款,1731059419002147678,S250405005806,Mayins,非SKM商家,标码女装,女士下装,长裤,标码女装+女士下装,"(5000,10000]",10.16,"(100,+∞)",0.00%,持平,"(10,30]",2025/4/19,491,非JIT商品,"3,992",0,"Red,Black and White,Navy blue,Yellow,Fawn brown,Pale green,Blue",7,"M,S,XL,L,XXL",5,Summer,https://p16-oec-va.ibyteimg.com/tos-maliva-i-o3syd03w52-us/aaf0d32406ca4030925797a3320fd92f~tplv-o3syd03w52-resize-jpeg:1000:1000.image?,https://shop.tiktok.com/view/product/1731059419002147678?region=US&locale=en,黄依婷,4.8
2026/8/23,US,US,爆款,1732385812721603348,S260505027580,Beta International,非SKM商家,标码女装,女士下装,短裤,标码女装+女士下装,"(2000,5000]",22.65,"(100,+∞)",100.00%,"(50%, 100%]","(30,50]",2026/5/5,110,JIT商品,525,"10,417,078","Colorful 25,Colorful 18,Colorful 22,Color 41,Colorful 29,Multicolor7,Colorful 14,Colorful 32,Multicolor12,Colorful 13,Colorful 23,Colorful 17,Color 43,Multicolor8,Colorful 37,Colorful 27,Colorful 28,Multicolor5,Color 42,Multicolor2,Colorful 31,Colorful 26,Multicolor3,Colorful 20,Multicolor10,Colorful 33,Multicolor4,Colorful 35,Colorful 21,Colorful 30,Multicolor6,Multicolor9,Color 16,Colorful 24,Multicolor1,Colorful 19,Multicolor11,Colorful 36,Colorful 38,Colorful 15,Colorful 34,Colorful 40,Colorful 39",43,"M,S,L,XL",4,Summer,https://p16-oec-ttp.tiktokcdn-us.com/tos-useast5-i-omjb5zjo8w-tx/4aec9443c3894e558cf325f8c8004e99~tplv-omjb5zjo8w-resize-jpeg:1000:1000.image?,https://shop.tiktok.com/view/product/1732385812721603348?region=US&locale=en,王瑶,3.9
2026/8/23,US,US,爆款,1732360956263764185,S260423014407,Golden Leaves 001,非SKM商家,标码女装,女士特殊服饰,女士制服,标码女装+女士特殊服饰,"(500,1000]",14.88,"(100,+∞)",37.50%,"(0%, 50%]","(30,50]",2026/5/7,108,JIT商品,29,"1,476","Burgundy,Bright blue,Light Purple,Pink,Lake Blue,Black,Deep Blue,Royal Blue,Green",9,"M,S,L,XL,XXL",5,All Seasons,https://p16-oec-ttp.tiktokcdn-us.com/tos-useast5-i-omjb5zjo8w-tx/6feeade5d62a4dffa98d378ab038e7d9~tplv-omjb5zjo8w-resize-jpeg:1000:1000.image?,https://shop.tiktok.com/view/product/1732360956263764185?region=US&locale=en,徐熙雅,2.2
2026/8/23,US,US,爆款,1732458993311060311,S260625021925,FOXCLAW Curve,非SKM商家,大码女装,女士上装,女士衬衫,大码女装+女士上装,"(500,1000]",10.03,"(100,+∞)",35.09%,"(0%, 50%]","(10,30]",2026/7/13,41,非JIT商品,549,0,"Mint green,Light blue,Mauve purple",3,"5XL,4XL,1XL,3XL,2XL",5,Summer,https://p16-oec-va.ibyteimg.com/tos-maliva-i-o3syd03w52-us/613488e6d89e46c2b218c586ba386a56~tplv-o3syd03w52-resize-jpeg:1000:1000.image?,https://shop.tiktok.com/view/product/1732458993311060311?region=US&locale=en,郑川粤,4.1
2026/8/23,US,US,爆款,1732322504059097279,S260407049171,Evilyn chic,非SKM商家,标码女装,女士套装及西服,短裤套装,标码女装+女士套装及西服,"(2000,5000]",18.35,"(100,+∞)",-5.71%,负增长,"(10,30]",2026/4/15,130,非JIT商品,"2,393",0,"Blue,Khaki,Red,Black and white,Green",5,"M,S,L,XL,XXL",5,Summer,https://p16-oec-ttp.tiktokcdn-us.com/tos-useast5-i-omjb5zjo8w-tx/6c5d539c63ba4115b5ecf7ab14c802a0~tplv-omjb5zjo8w-resize-jpeg:1000:1000.image?,https://shop.tiktok.com/view/product/1732322504059097279?region=US&locale=en,黄依婷,4.8
2026/8/23,US,US,爆款,1729461537168003606,S240322002611,SheLoveStyle,非SKM商家,标码女装,女士下装,短裤,标码女装+女士下装,"(10000,+∞)",2.99,"(100,+∞)",-35.56%,负增长,"(10,30]",2024/4/8,867,非JIT商品,235,0,"Jet black,Hot pink,Strong white,Black*1 pc+Hot Pink*1 pc,Lime green,Black,Coral pink,Off white,Green",9,"M,S,L,XL,XXL",5,Summer,https://p16-oec-ttp.tiktokcdn-us.com/tos-useast5-i-omjb5zjo8w-tx/5280f11db2714d8e929f679b33f1b442~tplv-omjb5zjo8w-resize-jpeg:1000:1000.image?,https://shop.tiktok.com/view/product/1729461537168003606?region=US&locale=en,张健,3
2026/8/23,US,US,爆款,1732349582144213387,S260415007530,CYOUNCE,非SKM商家,标码女装,女士套装及西服,短裤套装,标码女装+女士套装及西服,"(1000,2000]",14.34,"(100,+∞)",5.71%,"(0%, 50%]","(10,30]",2026/5/16,99,非JIT商品,331,0,"Hot pink,Yellow,Beige,Blue",4,"M,S,L,XL",4,Summer,https://p16-oec-va.ibyteimg.com/tos-maliva-i-o3syd03w52-us/fb4f9a4c7857423784558aac88cd1e2f~tplv-o3syd03w52-resize-jpeg:1000:1000.image?,https://shop.tiktok.com/view/product/1732349582144213387?region=US&locale=en,黄依婷,4.7
2026/8/23,US,US,爆款,1730214378157674807,S241124003538,EVANDAL,非SKM商家,标码女装,女士套装及西服,半裙套装,标码女装+女士套装及西服,"(2000,5000]",18.81,"(100,+∞)",-4.41%,负增长,"(10,30]",2024/12/10,621,非JIT商品,495,0,"Brown,Green,Grey,Rust orange,Yellow,Black,Off white,Blue",8,"M,S,L,XL,XXL",5,Summer,https://p16-oec-ttp.tiktokcdn-us.com/tos-useast5-i-omjb5zjo8w-tx/be084d41ea584440a36279e6951179ac~tplv-omjb5zjo8w-resize-jpeg:1000:1000.image?,https://shop.tiktok.com/view/product/1730214378157674807?region=US&locale=en,黄依婷,4.7
2026/8/23,US,US,爆款,1732512713164034984,S260725019869,Chic Weaves,非SKM商家,标码女装,女士针织衫,毛衣套头衫,标码女装+女士针织衫,"(100,500]",22.13,"(100,+∞)",-16.67%,负增长,"(10,30]",2026/7/31,23,非JIT商品,316,0,"Mustard yellow,Cream,Black,Turquoise green",4,"M,S,L,XL,XXL",5,Spring&Fall,https://p16-oec-va.ibyteimg.com/tos-alisg-i-aphluv4xwc-sg/e3716aed926e458b8cbacb815f485554~tplv-o3syd03w52-resize-jpeg:1000:1000.image?,https://shop.tiktok.com/view/product/1732512713164034984?region=US&locale=en,王可心,4.7
2026/8/23,US,US,爆款,1732503203480900606,S260720039600,Ailyak knit,非SKM商家,标码女装,女士针织衫,毛织裙子套装,标码女装+女士针织衫,"(500,1000]",33.13,"(100,+∞)",578.95%,"(500%, +∞)","(100,200]",2026/7/22,32,非JIT商品,206,0,"Coffee brown,Red,Black,Apricot",4,"M,S,L,XL,XXL",5,Spring&Fall,https://p16-oec-va.ibyteimg.com/tos-maliva-i-o3syd03w52-us/ca877dcad2284cd5bbe7de6b959a7336~tplv-o3syd03w52-resize-jpeg:1000:1000.image?,https://shop.tiktok.com/view/product/1732503203480900606?region=US&locale=en,沈亦莎,3.8
2026/8/23,US,US,爆款,1732296140109549911,S260318045733,FOXCLAW Curve,非SKM商家,大码女装,女士下装,长裤,大码女装+女士下装,"(1000,2000]",11.7,"(100,+∞)",45.61%,"(0%, 50%]","(10,30]",2026/4/21,124,非JIT商品,207,0,"Red,Black,Blue",3,"5XL,4XL,1XL,3XL,2XL",5,Summer,https://p16-oec-ttp.tiktokcdn-us.com/tos-useast5-i-omjb5zjo8w-tx/3dcc1dcaf8034f11999a99a92fd2710a~tplv-omjb5zjo8w-resize-jpeg:1000:1000.image?,https://shop.tiktok.com/view/product/1732296140109549911?region=US&locale=en,郑川粤,4.1
2026/8/23,US,US,爆款,1729621932417651164,S240822000887,ZQ Clothing,非SKM商家,标码女装,女士套装及西服,短裤套装,标码女装+女士套装及西服,"(10000,+∞)",10.6,"(100,+∞)",1.49%,"(0%, 50%]","(10,30]",2024/9/4,718,JIT商品,345,13,"Blue and black,Burgundy,Wine Red & White,Multicolor2,Light green,Navy blue,Black and white,Multicolor,Black,Beige,Green",11,"M,S,L,XL",4,Summer,https://p16-oec-ttp.tiktokcdn-us.com/tos-useast5-i-omjb5zjo8w-tx/1ce629b549b24798a68046c2a3b13227~tplv-omjb5zjo8w-resize-jpeg:1000:1000.image?,https://shop.tiktok.com/view/product/1729621932417651164?region=US&locale=en,刘雪莹,4.9
2026/8/23,US,US,爆款,1732391223607922775,S260509011175,Novelife,非SKM商家,标码女装,女士套装及西服,半裙套装,标码女装+女士套装及西服,"(100,500]",14.6,"(100,+∞)",28.57%,"(0%, 50%]","(10,30]",2026/5/22,93,非JIT商品,313,0,"Pink,Red,Black",3,"M,S,XL,L",4,Summer,https://p16-oec-va.ibyteimg.com/tos-maliva-i-o3syd03w52-us/49ad8d7203674472a9d427cbcb6599fd~tplv-o3syd03w52-resize-jpeg:1000:1000.image?,https://shop.tiktok.com/view/product/1732391223607922775?region=US&locale=en,黄依婷,4.7
2026/8/23,US,US,爆款,1732532770788446661,S260804022632,Spoils Me,非SKM商家,标码女装,女士套装及西服,长裤套装,标码女装+女士套装及西服,"(100,500]",33.2,"(100,+∞)",,新增动销,"(10,30]",2026/8/5,18,JIT商品,2,"1,731","Bright blue,Pink,Red,Gray,Black,Chartreuse,Sky blue,Deep blue,Dark green,Burgundy",10,"M,S,L,XL,XXL",5,Spring&Fall,https://p16-oec-va.ibyteimg.com/tos-maliva-i-o3syd03w52-us/623037904ca04e3ea54ebc526065fc55~tplv-o3syd03w52-resize-jpeg:1000:1000.image?,https://shop.tiktok.com/view/product/1732532770788446661?region=US&locale=en,刘雪莹,4.1
2026/8/23,US,US,爆款,1731333847149809989,S250613008382,YouAnnn,非SKM商家,标码女装,女士针织衫,开衫,标码女装+女士针织衫,"(2000,5000]",16.22,"(100,+∞)",20.34%,"(0%, 50%]","(10,30]",2025/6/20,429,非JIT商品,717,0,"Pink,Red,Light blue,Gray,Yellow,Black,Off white,Pale green",8,"M,S,L,XL,XXL",5,Spring&Fall,https://p16-oec-va.ibyteimg.com/tos-maliva-i-o3syd03w52-us/b6a3539c890d4eada48226e7e79627df~tplv-o3syd03w52-resize-jpeg:1000:1000.image?,https://shop.tiktok.com/view/product/1731333847149809989?region=US&locale=en,沈亦莎,4.3
2026/8/23,US,US,爆款,1732361608466633238,S260423028647,SheLoveStyle,非SKM商家,标码女装,女士下装,长裤,标码女装+女士下装,"(2000,5000]",21.64,"(100,+∞)",45.45%,"(0%, 50%]","(30,50]",2026/5/16,99,非JIT商品,419,0,"Light green,Army green,Gray,Brown",4,"M,S,XL,L,XXL",5,Summer,https://p16-oec-ttp.tiktokcdn-us.com/tos-useast5-i-omjb5zjo8w-tx/fbd2db9f8908492687000695192a93ce~tplv-omjb5zjo8w-resize-jpeg:1000:1000.image?,https://shop.tiktok.com/view/product/1732361608466633238?region=US&locale=en,张健,3
2026/8/23,US,US,爆款,1729434058996552659,S231227001692,sky costume,非SKM商家,标码女装,女士套装及西服,长裤套装,标码女装+女士套装及西服,"(10000,+∞)",16.52,"(100,+∞)",95.45%,"(50%, 100%]","(30,50]",2024/1/12,954,非JIT商品,571,0,"Blue,Green,Pink,Yellow,Black,Off white,Bright orange,Mulberry,Turquoise green,Burgundy",10,"M,XXXL,S,XL,L,XXL",6,All Seasons,https://p16-oec-va.ibyteimg.com/tos-maliva-i-o3syd03w52-us/5e43c87224894436b468e1bb88b47920~tplv-o3syd03w52-resize-jpeg:1000:1000.image?,https://shop.tiktok.com/view/product/1729434058996552659?region=US&locale=en,游宇航,4.8
2026/8/23,US,US,爆款,1732470633860796759,S260702022624,FOXCLAW Curve,非SKM商家,大码女装,女士下装,长裤,大码女装+女士下装,"(500,1000]",12.4,"(100,+∞)",48.15%,"(0%, 50%]","(10,30]",2026/7/13,41,非JIT商品,364,0,"Pink,Black,Apricot",3,"5XL,4XL,1XL,3XL,2XL",5,Summer,https://p16-oec-va.ibyteimg.com/tos-maliva-i-o3syd03w52-us/0fce580f78cb4e4b8ecbcb77cfce11fb~tplv-o3syd03w52-resize-jpeg:1000:1000.image?,https://shop.tiktok.com/view/product/1732470633860796759?region=US&locale=en,郑川粤,4.1
2026/8/23,US,US,爆款,1732463217113403717,S260628011490,YouAnnn,非SKM商家,标码女装,女士针织衫,毛衣套头衫,标码女装+女士针织衫,"(100,500]",11.95,"(100,+∞)",24.19%,"(0%, 50%]","(10,30]",2026/7/4,50,非JIT商品,268,0,"Navy blue,White,Brown",3,"M,S,XL,L,XXL",5,Spring&Fall,https://p16-oec-va.ibyteimg.com/tos-maliva-i-o3syd03w52-us/a7626af916714daa975cef8947a55b48~tplv-o3syd03w52-resize-jpeg:1000:1000.image?,https://shop.tiktok.com/view/product/1732463217113403717?region=US&locale=en,沈亦莎,4.3
2026/8/23,US,US,爆款,1732421588210848278,S260601004668,SheLoveStyle,非SKM商家,标码女装,女士下装,长裤,标码女装+女士下装,"(500,1000]",20.35,"(100,+∞)",-11.43%,负增长,"(10,30]",2026/6/2,82,非JIT商品,315,0,"Army green,Gray,Brown",3,"M,S,XL,L,XXL",5,Spring&Fall,https://p16-oec-va.ibyteimg.com/tos-maliva-i-o3syd03w52-us/b9e00df63d3f4b3990d0c9fd32c864fe~tplv-o3syd03w52-resize-jpeg:1000:1000.image?,https://shop.tiktok.com/view/product/1732421588210848278?region=US&locale=en,张健,3
2026/8/23,US,US,爆款,1730400707823243810,S241220009569,Meiduo Joy,非SKM商家,标码女装,女士针织衫,毛衣套头衫,标码女装+女士针织衫,"(10000,+∞)",11.39,"(100,+∞)",42.59%,"(0%, 50%]","(30,50]",2025/1/1,599,非JIT商品,"1,552",0,"Mint green,Pink,Khaki,Orange,Light green,Light blue,Yellow,Black,Off white,Sky blue,Salmon pink,Green",12,"M,S,XL,L,XXL",5,Spring&Fall,https://p16-oec-va.ibyteimg.com/tos-maliva-i-o3syd03w52-us/91022997d94e4d43b2f33116548bc2eb~tplv-o3syd03w52-resize-jpeg:1000:1000.image?,https://shop.tiktok.com/view/product/1730400707823243810?region=US&locale=en,沈亦莎,4.1
2026/8/23,US,US,爆款,1732252354238321296,S260120057508,LILI.AN.SHOP,非SKM商家,大码女装,女士下装,长裤,大码女装+女士下装,"(1000,2000]",10.01,"(100,+∞)",120.00%,"(100%, 300%]","(30,50]",2026/2/2,202,非JIT商品,90,0,"Light ivory,Curry,Camel",3,"5XL,4XL,1XL,3XL,2XL",5,Spring&Fall,https://p16-oec-ttp.tiktokcdn-us.com/tos-useast5-i-omjb5zjo8w-tx/a90e27f9fe1c437ab89dbfcaae2e91f8~tplv-omjb5zjo8w-resize-jpeg:1000:1000.image?,https://shop.tiktok.com/view/product/1732252354238321296?region=US&locale=en,张宇,4.2
2026/8/23,US,US,爆款,1731638964636914443,S250811009589,Bettina Closet,非SKM商家,标码女装,女士针织衫,毛衣套头衫,标码女装+女士针织衫,"(2000,5000]",14.23,"(100,+∞)",62.00%,"(50%, 100%]","(30,50]",2025/8/19,369,非JIT商品,154,0,"Medium wash,Pink,White,Black,Apricot",5,"M,S,XL,L",4,Spring&Fall,https://p16-oec-va.ibyteimg.com/tos-maliva-i-o3syd03w52-us/32618303940942b8ac0a2a68a9599cdf~tplv-o3syd03w52-resize-jpeg:1000:1000.image?,https://shop.tiktok.com/view/product/1731638964636914443?region=US&locale=en,沈亦莎,3.9
2026/8/23,US,US,爆款,1731246995984584784,S250429015155,chic angel,非SKM商家,标码女装,女士下装,长裤,标码女装+女士下装,"(2000,5000]",11.61,"(100,+∞)",29.09%,"(0%, 50%]","(10,30]",2025/6/1,448,非JIT商品,312,0,Black and white,1,"M,S,XL,L",4,Summer,https://p16-oec-va.ibyteimg.com/tos-maliva-i-o3syd03w52-us/4b52f1af066e4604b56b0b73cb77d873~tplv-o3syd03w52-resize-jpeg:1000:1000.image?,https://shop.tiktok.com/view/product/1731246995984584784?region=US&locale=en,王谍,3.7
2026/8/23,US,US,爆款,1729916431652393308,S241029007434,Zhichn Clthing,非SKM商家,标码女装,女士针织衫,毛衣马甲,标码女装+女士针织衫,"(5000,10000]",19.06,"(100,+∞)",126.32%,"(100%, 300%]","(30,50]",2024/11/11,650,非JIT商品,328,0,"Multicolor5,Multicolor2,Multicolor6,Multicolor3,Multicolor1,Multicolor4",6,"M,S,L",3,Summer,https://p16-oec-ttp.tiktokcdn-us.com/tos-useast5-i-omjb5zjo8w-tx/23b2182e2d44442785a18751337ffeaf~tplv-omjb5zjo8w-resize-jpeg:1000:1000.image?,https://shop.tiktok.com/view/product/1729916431652393308?region=US&locale=en,王可心,5
2026/8/23,US,US,爆款,1732296287406101269,S260318054143,AOMR,非SKM商家,标码女装,女士下装,短裤,标码女装+女士下装,"(500,1000]",11.68,"(100,+∞)",49.09%,"(0%, 50%]","(10,30]",2026/3/27,149,非JIT商品,264,0,Black,1,"M,S,L",3,Summer,https://p16-oec-ttp.tiktokcdn-us.com/tos-useast5-i-omjb5zjo8w-tx/fd43fb21887f45f4a5f02de155d1d803~tplv-omjb5zjo8w-resize-jpeg:1000:1000.image?,https://shop.tiktok.com/view/product/1732296287406101269?region=US&locale=en,王谍,4.3
2026/8/23,US,US,爆款,1729404684031660568,S230922001808,Kliou Store,非SKM商家,标码女装,女士下装,长裤,标码女装+女士下装,"(10000,+∞)",15.48,"(100,+∞)",22.41%,"(0%, 50%]","(10,30]",2023/10/4,"1,054",非JIT商品,39,0,"Dusty Blue*1 pc+Pink*1 pc,Coffee brown,Dusty Blue*1 pc+Khaki*1 pc,Pink,Khaki,Black*1 pc+Coffee Brown*1 pc,Khaki*1 pc+Coffee Brown*1 pc,Navy blue,Dusty blue,Black,Black*1 pc+Navy Blue*1 pc",11,"M,S,L,XL",4,Spring&Fall,https://p16-oec-va.ibyteimg.com/tos-maliva-i-o3syd03w52-us/8d6d59233945410f844fd1cdba41edff~tplv-o3syd03w52-resize-jpeg:1000:1000.image?,https://shop.tiktok.com/view/product/1729404684031660568?region=US&locale=en,刘雪莹,3.8
2026/8/23,US,US,爆款,1729720843895739247,S240921003990,Fourfo,非SKM商家,标码女装,女士针织衫,开衫,标码女装+女士针织衫,"(10000,+∞)",17.41,"(100,+∞)",24.56%,"(0%, 50%]","(30,50]",2024/10/18,674,非JIT商品,432,0,"Brown,Grey,burgundy * 1 + gray * 1 + dark washed blue * 1,burgundy * 1 + gray * 1 + brown * 1,burgundy * 1 + gray * 1 + beige * 1,Off white,Dark wash,Burgundy",8,"M,S,L",3,Spring&Fall,https://p16-oec-ttp.tiktokcdn-us.com/tos-useast5-i-omjb5zjo8w-tx/3a5bd2595aef42099a0145434f225315~tplv-omjb5zjo8w-resize-jpeg:1000:1000.image?,https://shop.tiktok.com/view/product/1729720843895739247?region=US&locale=en,王瑶,4.8
2026/8/23,US,US,爆款,1732506764095099345,S260722039435,Bargain Stylish,非SKM商家,标码女装,女士针织衫,开衫,标码女装+女士针织衫,"(1000,2000]",30.13,"(100,+∞)",-3.03%,负增长,"(0,10]",2026/7/22,32,JIT商品,9,"5,454","Brown,Royal blue,Cream,Orange,Red,Lilac,Khaki gray,Gray,Black,Green,Purple,Pink,Sky blue,Burgundy",14,"M,S,XS,XL,L",5,Spring&Fall,https://p16-oec-va.ibyteimg.com/tos-maliva-i-o3syd03w52-us/bff225645a544ebd8c0ab683b90dadca~tplv-o3syd03w52-resize-jpeg:1000:1000.image?,https://shop.tiktok.com/view/product/1732506764095099345?region=US&locale=en,沈亦莎,4.7
2026/8/23,US,US,爆款,1732289159996347232,S260313071195,HeartShine,非SKM商家,标码女装,女士特殊服饰,女士制服,标码女装+女士特殊服饰,"(2000,5000]",21.68,"(100,+∞)",-35.06%,负增长,"(10,30]",2026/3/20,156,非JIT商品,357,0,"Brown,Pink,Turquoise,Cyan,Navy blue,Black,Turquoise blue,Mauve purple,Burgundy",9,"M,S,L,XL,XXL",5,All Seasons,https://p16-oec-ttp.tiktokcdn-us.com/tos-useast5-i-omjb5zjo8w-tx/a98647b3ff204fc7bd826104373770ed~tplv-omjb5zjo8w-resize-jpeg:1000:1000.image?,https://shop.tiktok.com/view/product/1732289159996347232?region=US&locale=en,徐熙雅,2.9
2026/8/23,US,US,爆款,1732483595959701694,S260708035614,Wake Seasons,非SKM商家,标码女装,女士下装,短裤,标码女装+女士下装,"(100,500]",8.51,"(100,+∞)",109.52%,"(100%, 300%]","(10,30]",2026/7/10,44,JIT商品,120,"106,588","Multicolor5,Multicolor3,Multicolor12,2280 Black & White Checkered",4,"M,S,XL,L",4,Summer,https://p16-oec-va.ibyteimg.com/tos-maliva-i-o3syd03w52-us/0851c15ec2014a7db3fb80b1ac19947e~tplv-o3syd03w52-resize-jpeg:1000:1000.image?,https://shop.tiktok.com/view/product/1732483595959701694?region=US&locale=en,张健,4.1
2026/8/23,US,US,爆款,1730221489569436484,S241202005093,Cherry dress,非SKM商家,标码女装,女士针织衫,开衫,标码女装+女士针织衫,"(5000,10000]",17.46,"(100,+∞)",64.58%,"(50%, 100%]","(10,30]",2024/12/11,620,非JIT商品,316,0,"Mint green,Army green,Lemon yellow,Apricot",4,"M,S,L,XL,XXL",5,Spring&Fall,https://p16-oec-ttp.tiktokcdn-us.com/tos-useast5-i-omjb5zjo8w-tx/3ac61c87b0334edda3476fe25973ae48~tplv-omjb5zjo8w-resize-jpeg:1000:1000.image?,https://shop.tiktok.com/view/product/1730221489569436484?region=US&locale=en,王可心,4.5
2026/8/23,US,US,爆款,1730856688938356738,S250306012598,Low Price Fashion,非SKM商家,大码女装,女士上装,女士 T 恤,大码女装+女士上装,"(10000,+∞)",8.66,"(100,+∞)",45.28%,"(0%, 50%]","(10,30]",2025/3/13,528,非JIT商品,865,0,"Coffee brown,Grey,Navy blue,Black,Dark gray,Off white",6,"5XL,4XL,1XL,3XL,2XL",5,Summer,https://p16-oec-ttp.tiktokcdn-us.com/tos-useast5-i-omjb5zjo8w-tx/96b4af7b480b4ba39f086058fdb1151f~tplv-omjb5zjo8w-resize-jpeg:1000:1000.image?,https://shop.tiktok.com/view/product/1730856688938356738?region=US&locale=en,沈亦莎,4.7
2026/8/23,US,US,爆款,1732135820754391951,S251210094198,FianiVibe,非SKM商家,标码女装,女士套装及西服,短裤套装,标码女装+女士套装及西服,"(5000,10000]",11,"(100,+∞)",-7.58%,负增长,"(10,30]",2025/12/20,246,非JIT商品,761,0,"Blue,Burgundy,Red,Black,Brown",5,"M,S,L,XL",4,Summer,https://p16-oec-va.ibyteimg.com/tos-maliva-i-o3syd03w52-us/d2d52092a1cd48a8a25ff3f41a5454be~tplv-o3syd03w52-resize-jpeg:1000:1000.image?,https://shop.tiktok.com/view/product/1732135820754391951?region=US&locale=en,黄依婷,4.2
2026/8/23,US,US,爆款,1731699699888657099,S250830026033,Personalized knittin,非SKM商家,标码女装,女士针织衫,毛衣套头衫,标码女装+女士针织衫,"(1000,2000]",23.48,"(100,+∞)",478.95%,"(300%, 500%]","(30,50]",2025/8/30,358,JIT商品,59,42,"White,Black,Apricot,Brown",4,"M,S,L,XL",4,Spring&Fall,https://p16-oec-ttp.tiktokcdn-us.com/tos-useast5-i-omjb5zjo8w-tx/a6bf63e72a604b2f9666789c37530eae~tplv-omjb5zjo8w-resize-jpeg:1000:1000.image?,https://shop.tiktok.com/view/product/1731699699888657099?region=US&locale=en,王可心,4.5
2026/8/23,US,US,爆款,1729496934454038857,S240602002202,XL Sweat,非SKM商家,大码女装,女士针织衫,毛衣开衫,大码女装+女士针织衫,"(10000,+∞)",19.28,"(100,+∞)",76.60%,"(50%, 100%]","(10,30]",2024/6/14,800,非JIT商品,"1,095",0,"Green,Grey,Purple,Pink,Khaki,Orange,Lemon yellow,Deep red,Black,Dark wash,Brown",11,"5XL,4XL,1XL,0XL,3XL,2XL",6,Spring&Fall,https://p16-oec-ttp.tiktokcdn-us.com/tos-useast5-i-omjb5zjo8w-tx/966b6650db934fa5ac0bc1f035c60342~tplv-omjb5zjo8w-resize-jpeg:1000:1000.image?,https://shop.tiktok.com/view/product/1729496934454038857?region=US&locale=en,张宇,4.6
2026/8/23,US,US,爆款,1729616341594771499,S240817006515,Yinos Fashion,SKM商家,标码女装,女士套装及西服,长裤套装,标码女装+女士套装及西服,"(10000,+∞)",9.51,"(100,+∞)",56.86%,"(50%, 100%]","(10,30]",2024/8/30,723,非JIT商品,442,0,"Royal blue,Multicolor7,Navy blue,Black*2 pcs,Light Gray*1 pc+Army Green*1 pc,Light Gray*1 pc+Navy Blue*1 pc,Light Gray*2 pcs,Grey,Multicolor5,Multicolor2,Light Gray*1 pc+Dark Gray*1 pc,Multicolor3,Light Gray*1 pc+Burgundy*1 pc,Multicolor4,Burgundy,Khaki,Multicolor6,Army green,Dark violet,Pebble lime,Black,Dark gray,Multicolor1,Blue,Pink,Light Gray*1 pc+Camel*1 pc,Light Gray*1 pc+Dark Brown*1 pc,Dark brown",28,"M,S,XS,XL,L",5,Spring&Fall,https://p16-oec-ttp.tiktokcdn-us.com/tos-useast5-i-omjb5zjo8w-tx/76dcad2f6e6d4ef49598ede6c716d34c~tplv-omjb5zjo8w-resize-jpeg:1000:1000.image?,https://shop.tiktok.com/view/product/1729616341594771499?region=US&locale=en,游宇航,4.8
2026/8/23,US,US,爆款,1732438757313909505,S260611017745,Keechic,非SKM商家,标码女装,女士套装及西服,女士西装外套,标码女装+女士套装及西服,"(100,500]",8.88,"(100,+∞)",181.82%,"(100%, 300%]","(10,30]",2026/7/1,53,非JIT商品,175,0,"Blue,Yellow,Brown",3,"M,S,XL,L",4,Summer,https://p16-oec-va.ibyteimg.com/tos-alisg-i-aphluv4xwc-sg/12721a61810b49698444e71ff5b6a9cd~tplv-o3syd03w52-resize-jpeg:1000:1000.image?,https://shop.tiktok.com/view/product/1732438757313909505?region=US&locale=en,黄依婷,3.8
2026/8/23,US,US,爆款,1729501077800392188,S260307065555,Hi anan,非SKM商家,标码女装,女士针织衫,毛衣马甲,标码女装+女士针织衫,"(100,500]",12.82,"(100,+∞)",52.94%,"(50%, 100%]","(10,30]",2026/3/11,165,非JIT商品,105,0,"Jet black,Medium wash,White,Black,Cloud white,Apricot,Copper brown",7,"M,S,XL,L",4,Summer,https://p16-oec-va.ibyteimg.com/tos-maliva-i-o3syd03w52-us/bd8e4252fd1149a28d130b9cf64713d4~tplv-o3syd03w52-resize-jpeg:1000:1000.image?,https://shop.tiktok.com/view/product/1729501077800392188?region=US&locale=en,沈亦莎,4.4
2026/8/23,US,US,爆款,1729476083041867688,S260127007651,Chic Weaves,非SKM商家,标码女装,女士针织衫,毛衣连衣裙,标码女装+女士针织衫,"(5000,10000]",17.38,"(100,+∞)",-17.14%,负增长,"(10,30]",2026/1/30,205,JIT商品,477,0,"Blue,Coffee brown,Royal blue,Pink,Lemon yellow,Yellow,Black,Green",8,"M,S,L,XL,XXL",5,Spring&Fall,https://p16-oec-va.ibyteimg.com/tos-maliva-i-o3syd03w52-us/1086432d74a94ebc874c21fbcdcc6542~tplv-o3syd03w52-resize-jpeg:1000:1000.image?,https://shop.tiktok.com/view/product/1729476083041867688?region=US&locale=en,王可心,4.7
2026/8/23,US,US,爆款,1732390494870409303,S260508014217,Novelife,非SKM商家,标码女装,女士套装及西服,长裤套装,标码女装+女士套装及西服,"(500,1000]",17.15,"(100,+∞)",76.60%,"(50%, 100%]","(10,30]",2026/5/24,91,非JIT商品,130,0,"Brown-black,Dark brown,Apricot",3,"M,S,L,XS,XL",5,Summer,https://p16-oec-va.ibyteimg.com/tos-maliva-i-o3syd03w52-us/db787fddff1f4b4981a5d5cd7dbe0b43~tplv-o3syd03w52-resize-jpeg:1000:1000.image?,https://shop.tiktok.com/view/product/1732390494870409303?region=US&locale=en,黄依婷,4.7
2026/8/23,US,US,爆款,1732492247180349479,S260713014821,Finjani-Fashion,非SKM商家,大码女装,女士连衣裙,休闲连衣裙,大码女装+女士连衣裙,"(500,1000]",14.97,"(100,+∞)",-44.74%,负增长,"(10,30]",2026/7/25,29,JIT商品,157,9,"Green,Pink,Blue",3,"4XL,1XL,0XL,3XL,2XL",5,Spring&Fall,https://p16-oec-va.ibyteimg.com/tos-maliva-i-o3syd03w52-us/c4758e97bbf64a63b599cede7842ccb9~tplv-o3syd03w52-resize-jpeg:1000:1000.image?,https://shop.tiktok.com/view/product/1732492247180349479?region=US&locale=en,郑川粤,2.8
2026/8/23,US,US,爆款,1732304864506646608,S260325010992,chic angel,非SKM商家,标码女装,女士套装及西服,长裤套装,标码女装+女士套装及西服,"(1000,2000]",10.58,"(100,+∞)",18.97%,"(0%, 50%]","(10,30]",2026/4/12,133,非JIT商品,"2,133",0,"Ochre brown,Iron gray,Brown leopard print,Khaki,Light blue,Yellow,Coral pink,Ocean blue,Apricot,Pale green,Green",11,"M,S,L,XL",4,Summer,https://p16-oec-ttp.tiktokcdn-us.com/tos-useast5-i-omjb5zjo8w-tx/e420c9a681b24ea1b3efc2a2e7aafcfa~tplv-omjb5zjo8w-resize-jpeg:1000:1000.image?,https://shop.tiktok.com/view/product/1732304864506646608?region=US&locale=en,王谍,3.7
2026/8/23,US,US,爆款,1732284603879166720,S260227008657,FashionNove,非SKM商家,标码女装,女士下装,短裤,标码女装+女士下装,"(2000,5000]",13.77,"(100,+∞)",45.65%,"(0%, 50%]","(10,30]",2026/3/3,173,非JIT商品,269,0,"Orange,Army green,Black Panther,Gray,Grayish white",5,"M,S,L,XL,XXL",5,Summer,https://p16-oec-ttp.tiktokcdn-us.com/tos-useast5-i-omjb5zjo8w-tx/b31186ce5c2e4b04b8cda39a32148a56~tplv-omjb5zjo8w-resize-jpeg:1000:1000.image?,https://shop.tiktok.com/view/product/1732284603879166720?region=US&locale=en,王谍,4.3
2026/8/23,US,US,爆款,1730315734984397253,S241209008478,Spoils Me,非SKM商家,标码女装,女士套装及西服,长裤套装,标码女装+女士套装及西服,"(5000,10000]",23.16,"(100,+∞)",90.91%,"(50%, 100%]","(10,30]",2024/12/20,611,非JIT商品,734,0,"Brown,Burgundy,Grey,Pink,Navy blue,Deep red,Chartreuse,Sky blue,Blue",9,"M,S,L,XL,XXL",5,Spring&Fall,https://p16-oec-ttp.tiktokcdn-us.com/tos-useast5-i-omjb5zjo8w-tx/118d5797d0794756908386a1bde6fcf7~tplv-omjb5zjo8w-resize-jpeg:1000:1000.image?,https://shop.tiktok.com/view/product/1730315734984397253?region=US&locale=en,刘雪莹,4.1
2026/8/23,US,US,爆款,1729700096646484210,S240924010600,Morrie Moon,非SKM商家,标码女装,女士针织衫,毛衣套头衫,标码女装+女士针织衫,"(10000,+∞)",15.6,"(100,+∞)",32.08%,"(0%, 50%]","(10,30]",2024/10/10,682,非JIT商品,995,0,"Orange,Army green,Reddish purple,Mocha brown,Black,Dark gray,Off white,Multicolor1,Blue,Coffee brown,Black and gray,Pink,Deep red,Beige,Brown",15,"M,S,L,XL,XXL",5,Spring&Fall,https://p16-oec-ttp.tiktokcdn-us.com/tos-useast5-i-omjb5zjo8w-tx/bbe7b44003804794bd8aae89b02f26e7~tplv-omjb5zjo8w-resize-jpeg:1000:1000.image?,https://shop.tiktok.com/view/product/1729700096646484210?region=US&locale=en,王可心,4.7
2026/8/23,US,US,爆款,1732472537355031464,S260703016498,Chic Weaves,非SKM商家,标码女装,女士针织衫,开衫,标码女装+女士针织衫,"(100,500]",24.64,"(100,+∞)",71.43%,"(50%, 100%]","(10,30]",2026/7/6,48,非JIT商品,119,0,"Medium wash,Lemon yellow,Green",3,"M,S,XL,L,XXL",5,Fall&Winter,https://p16-oec-va.ibyteimg.com/tos-alisg-i-aphluv4xwc-sg/59c429bcfd5b43adb056919bbe15b345~tplv-o3syd03w52-resize-jpeg:1000:1000.image?,https://shop.tiktok.com/view/product/1732472537355031464?region=US&locale=en,王可心,4.7
2026/8/23,US,US,爆款,1732382203202670607,S260501013498,CITY GIRL,非SKM商家,标码女装,女士下装,长裤,标码女装+女士下装,"(1000,2000]",13.98,"(100,+∞)",-9.23%,负增长,"(10,30]",2026/6/1,83,非JIT商品,293,0,"Brown,Army green,Gray Polka Dots,Gray,Stripes + Black,Black,Deep blue,Stripes + Gray,Black Polka Dots,Coffee brown,Medium wash,Pink,Brown polka dots,Yellow,White,Burgundy",16,"M,S,L,XL",4,Summer,https://p16-oec-va.ibyteimg.com/tos-maliva-i-o3syd03w52-us/04e81c4b99f7459da2cbb19906681260~tplv-o3syd03w52-resize-jpeg:1000:1000.image?,https://shop.tiktok.com/view/product/1732382203202670607?region=US&locale=en,王瑶,4.8
2026/8/23,US,US,爆款,1732236848379302653,S260118052565,Unique Finds Blouses,非SKM商家,标码女装,女士套装及西服,长裤套装,标码女装+女士套装及西服,"(2000,5000]",14.44,"(100,+∞)",63.27%,"(50%, 100%]","(10,30]",2026/1/18,217,JIT商品,195,16,"Light ivory,Pink,Multicolor2,Multicolor,Black,Dark brown,Multicolor1,Apricot",8,"M,S,L,XL",4,Spring&Fall,https://p16-oec-ttp.tiktokcdn-us.com/tos-useast5-i-omjb5zjo8w-tx/f5fea7c0dc8347f6ba9ee7401c6e18c6~tplv-omjb5zjo8w-resize-jpeg:1000:1000.image?,https://shop.tiktok.com/view/product/1732236848379302653?region=US&locale=en,游宇航,3.7
2026/8/23,US,US,爆款,1732316996706341713,S260402052662,Chic Price Cloaks,非SKM商家,标码女装,女士针织衫,毛衣套头衫,标码女装+女士针织衫,"(1000,2000]",15.96,"(100,+∞)",62.50%,"(50%, 100%]","(30,50]",2026/4/2,143,非JIT商品,48,0,Khaki,1,"M,S,XL,L,XXL",5,Summer,https://p16-oec-ttp.tiktokcdn-us.com/tos-useast5-i-omjb5zjo8w-tx/a4924afe5d6b4626bbdfb5aadbe99232~tplv-omjb5zjo8w-resize-jpeg:1000:1000.image?,https://shop.tiktok.com/view/product/1732316996706341713?region=US&locale=en,沈亦莎,4.3
2026/8/23,US,US,爆款,1732197188142075991,S260105062922,Novelife,非SKM商家,标码女装,女士下装,短裤,标码女装+女士下装,"(2000,5000]",7.34,"(100,+∞)",-6.25%,负增长,"(30,50]",2026/1/20,215,非JIT商品,980,0,"Royal blue,Red,Black,Apricot,Brown",5,"M,S,L,XL,XXL",5,Summer,https://p16-oec-va.ibyteimg.com/tos-maliva-i-o3syd03w52-us/9face7aa88b941088142ae4cc3f4218e~tplv-o3syd03w52-resize-jpeg:1000:1000.image?,https://shop.tiktok.com/view/product/1732197188142075991?region=US&locale=en,黄依婷,4.7
2026/8/23,US,US,爆款,1732357311623434842,S260421023074,Orgnvin,非SKM商家,标码女装,女士针织衫,毛织裙子套装,标码女装+女士针织衫,"(1000,2000]",16.52,"(100,+∞)",1.59%,"(0%, 50%]","(10,30]",2026/4/30,115,非JIT商品,760,0,"Pink,Yellow,Gray,White,Black,Dark wash,Burgundy",7,"M,S,L,XL",4,Summer,https://p16-oec-va.ibyteimg.com/tos-maliva-i-o3syd03w52-us/9961287428e545f69bcb8e0014ce65d8~tplv-o3syd03w52-resize-jpeg:1000:1000.image?,https://shop.tiktok.com/view/product/1732357311623434842?region=US&locale=en,王可心,4.7
2026/8/23,US,US,爆款,1732358979962180013,S260422031372,ZZSC jeans,非SKM商家,大码女装,牛仔,牛仔长裤,大码女装+牛仔,"(2000,5000]",25.29,"(100,+∞)",-17.14%,负增长,"(10,30]",2026/4/22,123,JIT商品,186,20,"Royal blue,Light blue,Dark gray,Sky blue,Pastel blue,Light wash,Blue",7,"4XL,1XL,0XL,3XL,2XL",5,Summer,https://p16-oec-va.ibyteimg.com/tos-maliva-i-o3syd03w52-us/7abcf11c5db042199bb04a6be1347694~tplv-o3syd03w52-resize-jpeg:1000:1000.image?,https://shop.tiktok.com/view/product/1732358979962180013?region=US&locale=en,郑川粤,4.3
2026/8/23,US,US,爆款,1732482849784828229,S260709039092,YouAnnn,非SKM商家,标码女装,女士针织衫,开衫,标码女装+女士针织衫,"(100,500]",13.42,"(100,+∞)",49.02%,"(0%, 50%]","(0,10]",2026/7/15,39,非JIT商品,332,0,"Cream,Clay brown,Yellow,Gray,Black",5,"M,S,L,XL,XXL",5,Summer,https://p16-oec-va.ibyteimg.com/tos-maliva-i-o3syd03w52-us/7853e7e66d434e49beb861d2f479f3b1~tplv-o3syd03w52-resize-jpeg:1000:1000.image?,https://shop.tiktok.com/view/product/1732482849784828229?region=US&locale=en,沈亦莎,4.3
2026/8/23,US,US,爆款,1732334041254957510,S260410024985,TY Trove,非SKM商家,标码女装,女士套装及西服,长裤套装,标码女装+女士套装及西服,"(1000,2000]",16.36,"(100,+∞)",81.82%,"(50%, 100%]","(10,30]",2026/4/16,129,非JIT商品,71,0,"Burgundy,Gray,Blue",3,"M,S,L,XL",4,All Seasons,https://p16-oec-ttp.tiktokcdn-us.com/tos-useast5-i-omjb5zjo8w-tx/4f512c4b9d934e3ca1203978a3af3d3d~tplv-omjb5zjo8w-resize-jpeg:1000:1000.image?,https://shop.tiktok.com/view/product/1732334041254957510?region=US&locale=en,黄依婷,3.8
2026/8/23,US,US,爆款,1732495502129271745,S260716031835,Modest Abayas,非SKM商家,标码女装,女士穆斯林服装,连衣裙,标码女装+女士穆斯林服装,"(100,500]",44.79,"(100,+∞)",162.16%,"(100%, 300%]","(10,30]",2026/7/26,28,JIT商品,0,832,"Coffee brown,Mint green,Pink,Black,Burgundy",5,"M,S,XL,L",4,All Seasons,https://p16-oec-va.ibyteimg.com/tos-maliva-i-o3syd03w52-us/174d4a3441b0454982f7f57207ca9f29~tplv-o3syd03w52-resize-jpeg:1000:1000.image?,https://shop.tiktok.com/view/product/1732495502129271745?region=US&locale=en,徐熙雅,4.7
2026/8/23,US,US,爆款,1732283441646179167,S260302041338,Chic Curves,SKM商家,大码女装,女士连衣裙,休闲连衣裙,大码女装+女士连衣裙,"(2000,5000]",16.34,"(100,+∞)",-29.17%,负增长,"(10,30]",2026/3/9,167,非JIT商品,"1,146",0,"Orange,Black,Turquoise green,Green",4,"4XL,1XL,0XL,3XL,2XL",5,Summer,https://p16-oec-ttp.tiktokcdn-us.com/tos-useast5-i-omjb5zjo8w-tx/f46a2b9664f54e738a912d4ce4d72662~tplv-omjb5zjo8w-resize-jpeg:1000:1000.image?,https://shop.tiktok.com/view/product/1732283441646179167?region=US&locale=en,张宇,4.2
2026/8/23,US,US,爆款,1732356534399570411,S260421002924,Finjani Plus,非SKM商家,大码女装,女士上装,女士背心&吊带衫,大码女装+女士上装,"(2000,5000]",11.38,"(100,+∞)",93.02%,"(50%, 100%]","(10,30]",2026/4/21,124,非JIT商品,44,0,"White,Black,Brown",3,"4XL,1XL,0XL,3XL,2XL",5,Summer,https://p16-oec-va.ibyteimg.com/tos-maliva-i-o3syd03w52-us/0ab2b532c6e74f9bb17f89078f77f3dc~tplv-o3syd03w52-resize-jpeg:1000:1000.image?,https://shop.tiktok.com/view/product/1732356534399570411?region=US&locale=en,张宇,4.5
2026/8/23,US,US,爆款,1729503308713399492,S260309044165,FACIO Direct,非SKM商家,标码女装,女士针织衫,毛衣套头衫,标码女装+女士针织衫,"(2000,5000]",9.51,"(100,+∞)",12.07%,"(0%, 50%]","(10,30]",2026/3/12,164,非JIT商品,248,0,"Blue,Hot pink,Yellow,White,Coral pink,Brown",6,"M,S,XS,L,XL",5,Summer,https://p16-oec-va.ibyteimg.com/tos-alisg-i-aphluv4xwc-sg/ba7628448fa14d19a8506b9790c6d3f9~tplv-o3syd03w52-resize-jpeg:1000:1000.image?,https://shop.tiktok.com/view/product/1729503308713399492?region=US&locale=en,沈亦莎,4.3
2026/8/23,US,US,爆款,1732375568701756009,S260428021578,Vanndochic,非SKM商家,标码女装,女士下装,长裤,标码女装+女士下装,"(1000,2000]",12.78,"(100,+∞)",13.11%,"(0%, 50%]","(10,30]",2026/5/13,102,非JIT商品,456,0,"Black,Pastel blue,Apricot",3,"M,S,XL,L",4,All Seasons,https://p16-oec-ttp.tiktokcdn-us.com/tos-useast5-i-omjb5zjo8w-tx/8072fb22cc6b40cca56eecc13656c375~tplv-omjb5zjo8w-resize-jpeg:1000:1000.image?,https://shop.tiktok.com/view/product/1732375568701756009?region=US&locale=en,黄依婷,4.4
2026/8/23,US,US,爆款,1729934709652951435,S241014010646,CYOUNCE,非SKM商家,标码女装,女士套装及西服,短裤套装,标码女装+女士套装及西服,"(10000,+∞)",11.52,"(100,+∞)",5.17%,"(0%, 50%]","(10,30]",2024/11/13,648,非JIT商品,968,0,"Blue,Pink,Yellow,Black,Green",5,"M,S,L,XL,XXL",5,Spring&Fall,https://p16-oec-va.ibyteimg.com/tos-maliva-i-o3syd03w52-us/ac0a5ac6488c41c98a289fd86b7b5ea9~tplv-o3syd03w52-resize-jpeg:1000:1000.image?,https://shop.tiktok.com/view/product/1729934709652951435?region=US&locale=en,黄依婷,4.7
2026/8/23,US,US,爆款,1732452313771577832,S260621010180,UREREM fashion,非SKM商家,标码女装,女士套装及西服,半裙套装,标码女装+女士套装及西服,"(100,500]",9.16,"(100,+∞)",42.86%,"(0%, 50%]","(10,30]",2026/7/1,53,非JIT商品,139,0,"Black and white stripes,White polka dots,Deep coffee color,Navy blue polka dots,Black stripes,Black polka dots,bright red",7,"M,S,XS,L,XXL,XL",6,Summer,https://p16-oec-va.ibyteimg.com/tos-maliva-i-o3syd03w52-us/581dd87b5bcc4a85b0110ce9c46bc9df~tplv-o3syd03w52-resize-jpeg:1000:1000.image?,https://shop.tiktok.com/view/product/1732452313771577832?region=US&locale=en,游宇航,3.3
2026/8/23,US,US,爆款,1730771234266911174,S241222003839,TY Trove,非SKM商家,标码女装,女士套装及西服,长裤套装,标码女装+女士套装及西服,"(10000,+∞)",20.47,"(100,+∞)",8.62%,"(0%, 50%]","(10,30]",2025/2/27,542,非JIT商品,955,0,"Polka Dot - White,Blue,Polka Dots - Yellow,Pink,Colorful - Blue,Polka Dots - Navy Blue,Navy blue,Yellow,Colorful - Green,Colorful - Brown,Apricot,Mulberry,Green",13,"M,S,L,XL,XXL",5,Summer,https://p16-oec-ttp.tiktokcdn-us.com/tos-useast5-i-omjb5zjo8w-tx/28ae0176ea30496487c82a44662c62d5~tplv-omjb5zjo8w-resize-jpeg:1000:1000.image?,https://shop.tiktok.com/view/product/1730771234266911174?region=US&locale=en,黄依婷,3.8
2026/8/23,US,US,爆款,1729495949872960743,S260304045511,NovaMode.,非SKM商家,标码女装,女士下装,长裤,标码女装+女士下装,"(1000,2000]",17.98,"(100,+∞)",57.45%,"(50%, 100%]","(10,30]",2026/3/11,165,非JIT商品,484,0,"Black,Dark brown,Apricot",3,"M,S,L,XL,XS",5,Spring&Fall,https://p16-oec-va.ibyteimg.com/tos-maliva-i-o3syd03w52-us/2100d562baec49da8b073d38c5fd3151~tplv-o3syd03w52-resize-jpeg:1000:1000.image?,https://shop.tiktok.com/view/product/1729495949872960743?region=US&locale=en,王谍,4.4
2026/8/23,US,US,爆款,1732527192460530686,S260731031181,Ailyak knit,非SKM商家,标码女装,女士针织衫,毛织裙子套装,标码女装+女士针织衫,"(100,500]",19.78,"(100,+∞)",-46.34%,负增长,"(0,10]",2026/8/6,17,非JIT商品,320,0,"Ochre brown,Wine red,White,Black,Maroon,Green",6,"M,S,XL,L",4,Spring&Fall,https://p16-oec-va.ibyteimg.com/tos-alisg-i-aphluv4xwc-sg/af4f661f2acd4eaeb8f4107ab5605875~tplv-o3syd03w52-resize-jpeg:1000:1000.image?,https://shop.tiktok.com/view/product/1732527192460530686?region=US&locale=en,沈亦莎,3.8
2026/8/23,US,US,爆款,1731867598595199729,S251003027819,MO Threads,非SKM商家,大码女装,女士套装及西服,长裤套装,大码女装+女士套装及西服,"(5000,10000]",13.28,"(100,+∞)",-10.00%,负增长,"(10,30]",2025/10/10,317,非JIT商品,488,0,"Pink,Khaki,Army green,Navy blue,Black,Light wash,Burgundy",7,"5XL,4XL,1XL,3XL,2XL",5,Summer,https://p16-oec-ttp.tiktokcdn-us.com/tos-useast5-i-omjb5zjo8w-tx/97265794454b44dbb8fe55791275de6a~tplv-omjb5zjo8w-resize-jpeg:1000:1000.image?,https://shop.tiktok.com/view/product/1731867598595199729?region=US&locale=en,张宇,3.8
2026/8/23,US,US,爆款,1729429844171330160,S231221002649,IMILY BELA Boutique,SKM商家,标码女装,女士套装及西服,女士西装,标码女装+女士套装及西服,"(10000,+∞)",48.89,"(100,+∞)",-14.52%,负增长,"(10,30]",2024/1/2,964,非JIT商品,"2,100",0,"Royal blue,Khaki,White*1 pc+Khaki*1 pc,Light green,Black*1 pc+Khaki*1 pc,Pebble lime,Black,Dark gray,Off white,White*1 pc+Black*1 pc,Apricot,White*1 pc+Black*1 pc+Khaki*1 pc,Grey,Hot pink,Burgundy",15,"M,S,XS,L,XXL,XL",6,Spring&Fall,https://p16-oec-ttp.tiktokcdn-us.com/tos-useast5-i-omjb5zjo8w-tx/ba4d448103184600b2aaa62abcf585e2~tplv-omjb5zjo8w-resize-jpeg:1000:1000.image?,https://shop.tiktok.com/view/product/1729429844171330160?region=US&locale=en,游宇航,4
2026/8/23,US,US,爆款,1731938324798345968,S251015044956,Pretty PL,非SKM商家,标码女装,女士套装及西服,长裤套装,标码女装+女士套装及西服,"(10000,+∞)",7.38,"(100,+∞)",107.69%,"(100%, 300%]","(10,30]",2025/10/31,296,非JIT商品,127,0,"Multicolor5,Multicolor2,Multicolor7,Multicolor3,Multicolor6,Multicolor9,Multicolor,Multicolor1,Multicolor4,Multicolor8",10,"M,S,L,XL,XXL",5,Spring&Fall,https://p16-oec-ttp.tiktokcdn-us.com/tos-useast5-i-omjb5zjo8w-tx/ac013ad900594593ab546cd4de546ed9~tplv-omjb5zjo8w-resize-jpeg:1000:1000.image?,https://shop.tiktok.com/view/product/1731938324798345968?region=US&locale=en,刘雪莹,4.3
2026/8/23,US,US,爆款,1729451601321824302,S231106003590,Tuo Go,非SKM商家,标码女装,女士下装,半身裙,标码女装+女士下装,"(10000,+∞)",6.97,"(100,+∞)",40.00%,"(0%, 50%]","(10,30]",2024/3/19,887,JIT商品,239,"1,556","Burgundy,Khaki flower,Royal blue,Orange blossom,Army green,Navy blue,Yellow flowers,Black,Light wash,Multicolor1,Grey,Mint green,Pink,Multicolor5,Multicolor2,Multicolor3,Mauve purple,Multicolor4,Bright yellow",19,"M,S,L,XL",4,Spring&Fall,https://p16-oec-ttp.tiktokcdn-us.com/tos-useast5-i-omjb5zjo8w-tx/6217d9ff39d84167a3d0bdfba035397c~tplv-omjb5zjo8w-resize-jpeg:1000:1000.image?,https://shop.tiktok.com/view/product/1729451601321824302?region=US&locale=en,王瑶,4.4
2026/8/23,US,US,爆款,1732487753759232043,S260711011323,Yinos Fashion,SKM商家,标码女装,女士套装及西服,长裤套装,标码女装+女士套装及西服,"(100,500]",8.41,"(100,+∞)",15.79%,"(0%, 50%]","(10,30]",2026/7/16,38,非JIT商品,138,0,"Brown base with polka dots,Black base, white wave,Dark blue base with white polka dots",4,"M,S,XL,XS,L",5,All Seasons,https://p16-oec-va.ibyteimg.com/tos-maliva-i-o3syd03w52-us/001d45fbe75d417f98b7a2ea300d06e4~tplv-o3syd03w52-resize-jpeg:1000:1000.image?,https://shop.tiktok.com/view/product/1732487753759232043?region=US&locale=en,游宇航,4.8
2026/8/23,US,US,爆款,1732199215754810193,S260106023990,Chic Price Cloaks,非SKM商家,标码女装,女士针织衫,毛衣套头衫,标码女装+女士针织衫,"(100,500]",13.47,"(100,+∞)",16.98%,"(0%, 50%]","(10,30]",2026/1/6,229,非JIT商品,66,0,Multicolor,1,"M,S,L,XL,XXL",5,Summer,https://p16-oec-ttp.tiktokcdn-us.com/tos-useast5-i-omjb5zjo8w-tx/b7f90fe04be449789204fc6f037932be~tplv-omjb5zjo8w-resize-jpeg:1000:1000.image?,https://shop.tiktok.com/view/product/1732199215754810193?region=US&locale=en,沈亦莎,4.3
2026/8/23,US,US,爆款,1732153973628833955,S251217171519,Yz Sweaters,非SKM商家,标码女装,女士针织衫,毛织短裤套装,标码女装+女士针织衫,"(5000,10000]",14.71,"(100,+∞)",-21.67%,负增长,"(10,30]",2025/12/29,237,非JIT商品,"1,846",0,"Pink,Yellow,White,Black,Beige",5,"M,S,XL,L",4,Spring&Fall,https://p16-oec-va.ibyteimg.com/tos-maliva-i-o3syd03w52-us/a66fedb5d9f241b796c54a49032280c3~tplv-o3syd03w52-resize-jpeg:1000:1000.image?,https://shop.tiktok.com/view/product/1732153973628833955?region=US&locale=en,沈亦莎,4.4
2026/8/23,US,US,爆款,1729455646294971115,S240315002917,Bettlity,非SKM商家,标码女装,女士针织衫,开衫,标码女装+女士针织衫,"(10000,+∞)",20.3,"(100,+∞)",193.55%,"(100%, 300%]","(10,30]",2024/3/27,879,非JIT商品,248,0,"Pink,Khaki,Cream,Orange,Black,Turquoise blue",6,"M,S,XL,L,XXL",5,Fall&Winter,https://p16-oec-ttp.tiktokcdn-us.com/tos-useast5-i-omjb5zjo8w-tx/2ad34867e26b4aec8cd17c2275c382ab~tplv-omjb5zjo8w-resize-jpeg:1000:1000.image?,https://shop.tiktok.com/view/product/1729455646294971115?region=US&locale=en,沈亦莎,4.7
2026/8/23,US,US,爆款,1732357274325520986,S260421020463,Orgnvin,非SKM商家,标码女装,女士针织衫,毛衣套头衫,标码女装+女士针织衫,"(500,1000]",12.3,"(100,+∞)",44.90%,"(0%, 50%]","(10,30]",2026/4/21,124,JIT商品,258,469,"Burgundy,Golden,Hot pink,White,Black,Dark brown,Bright orange,Green",8,"M,S,XL,L",4,Spring&Fall,https://p16-oec-va.ibyteimg.com/tos-maliva-i-o3syd03w52-us/8e302d4570ba4929b496db7924c2a76f~tplv-o3syd03w52-resize-jpeg:1000:1000.image?,https://shop.tiktok.com/view/product/1732357274325520986?region=US&locale=en,王可心,4.7
2026/8/23,US,US,爆款,1731311236312502583,S250606012091,EVANDAL,非SKM商家,标码女装,女士套装及西服,长裤套装,标码女装+女士套装及西服,"(2000,5000]",17.8,"(100,+∞)",134.29%,"(100%, 300%]","(10,30]",2025/6/15,434,非JIT商品,155,0,"Pink,Navy blue,Black,Apricot,Green",5,"M,S,XL,L,XXL",5,Spring&Fall,https://p16-oec-ttp.tiktokcdn-us.com/tos-useast5-i-omjb5zjo8w-tx/fd1b7bec25e544f09f604308dce11f34~tplv-omjb5zjo8w-resize-jpeg:1000:1000.image?,https://shop.tiktok.com/view/product/1731311236312502583?region=US&locale=en,黄依婷,4.7
2026/8/23,US,US,爆款,1732300316171407730,S260321025357,Bargain Chic Fashion,非SKM商家,大码女装,女士连衣裙,休闲连衣裙,大码女装+女士连衣裙,"(5000,10000]",9.24,"(100,+∞)",-6.78%,负增长,"(10,30]",2026/3/21,155,非JIT商品,729,0,"Blue,Pink,Black,Green",4,"5XL,4XL,1XL,0XL,3XL,2XL",6,Summer,https://p16-oec-va.ibyteimg.com/tos-maliva-i-o3syd03w52-us/a4e6bfaf125f4bd4adda9e76742dbe50~tplv-o3syd03w52-resize-jpeg:1000:1000.image?,https://shop.tiktok.com/view/product/1732300316171407730?region=US&locale=en,张宇,3.9
2026/8/23,US,US,爆款,1732441292987535967,S260613024623,Vanshee Show,非SKM商家,标码女装,女士下装,长裤,标码女装+女士下装,"(100,500]",7.41,"(100,+∞)",-35.71%,负增长,"(10,30]",2026/6/13,71,非JIT商品,48,0,Black,1,"M,S,L,XL",4,All Seasons,https://p16-oec-va.ibyteimg.com/tos-maliva-i-o3syd03w52-us/abb2fef0812d4d2c8d42f28b84784cb9~tplv-o3syd03w52-resize-jpeg:1000:1000.image?,https://shop.tiktok.com/view/product/1732441292987535967?region=US&locale=en,游宇航,4.9
2026/8/23,US,US,爆款,1732435187874173298,S260609035777,Bargain Chic Fashion,非SKM商家,大码女装,女士连衣裙,休闲连衣裙,大码女装+女士连衣裙,"(500,1000]",8.27,"(100,+∞)",38.78%,"(0%, 50%]","(10,30]",2026/6/10,74,非JIT商品,200,0,"Pink,Yellow,Turquoise blue,Blue",4,"5XL,4XL,1XL,0XL,3XL,2XL",6,Summer,https://p16-oec-va.ibyteimg.com/tos-maliva-i-o3syd03w52-us/491b2255f0eb48f0b8c96244f1100f51~tplv-o3syd03w52-resize-jpeg:1000:1000.image?,https://shop.tiktok.com/view/product/1732435187874173298?region=US&locale=en,张宇,3.9
2026/8/23,US,US,爆款,1730691668108153493,S250210009304,Lusmay,非SKM商家,标码女装,女士针织衫,毛衣套头衫,标码女装+女士针织衫,"(2000,5000]",14.07,"(100,+∞)",-18.52%,负增长,"(0,10]",2025/2/17,552,非JIT商品,468,0,"Khaki,Ivory,Black,Off white",4,"M,S,L,XL",4,Spring&Fall,https://p16-oec-va.ibyteimg.com/tos-maliva-i-o3syd03w52-us/ffb851a53f2e4f008d992a0951a385d3~tplv-o3syd03w52-resize-jpeg:1000:1000.image?,https://shop.tiktok.com/view/product/1730691668108153493?region=US&locale=en,王可心,4.7
2026/8/23,US,US,爆款,1729481684232933650,S240508006159,Hiying,非SKM商家,标码女装,女士针织衫,毛衣套头衫,标码女装+女士针织衫,"(10000,+∞)",14.61,"(100,+∞)",174.19%,"(100%, 300%]","(30,50]",2024/5/17,828,非JIT商品,282,0,"Khaki&Navy Blue&Light Gray*1 pc,Baby pink,Army Green*1 pc+Rust Red*1 pc,Khaki,Army green,Rust orange,Navy blue,Pebble lime,Navy Blue*1 pc+Light Gray*1 pc,Bright yellow,Rust red",11,"M,S,L,XL,XXL",5,Spring&Fall,https://p16-oec-ttp.tiktokcdn-us.com/tos-useast5-i-omjb5zjo8w-tx/d48afb8e1e5546b7bb2ff29b21e43634~tplv-omjb5zjo8w-resize-jpeg:1000:1000.image?,https://shop.tiktok.com/view/product/1729481684232933650?region=US&locale=en,沈亦莎,3.5
2026/8/23,US,US,爆款,1731579646185607486,S250726016881,Sleek Nova,非SKM商家,标码女装,女士套装及西服,半裙套装,标码女装+女士套装及西服,"(2000,5000]",8.91,"(100,+∞)",30.61%,"(0%, 50%]","(10,30]",2025/8/7,381,非JIT商品,277,0,"Black,Chartreuse,Apricot",3,"M,S,XL,L,XXL",5,Spring&Fall,https://p16-oec-ttp.tiktokcdn-us.com/tos-useast5-i-omjb5zjo8w-tx/0993031da40b4a9e8abe0f21277000b7~tplv-omjb5zjo8w-resize-jpeg:1000:1000.image?,https://shop.tiktok.com/view/product/1731579646185607486?region=US&locale=en,刘雪莹,3.9
2026/8/23,US,US,爆款,1732354971406209106,S260412027486,Hermosear,非SKM商家,标码女装,女士下装,短裤,标码女装+女士下装,"(500,1000]",9.89,"(100,+∞)",9.80%,"(0%, 50%]","(10,30]",2026/4/20,125,非JIT商品,232,0,"White,Black",2,"M,S,XL,L,XXL",5,Summer,https://p16-oec-ttp.tiktokcdn-us.com/tos-useast5-i-omjb5zjo8w-tx/9498e820354c4ed9a1b33b74879783dc~tplv-omjb5zjo8w-resize-jpeg:1000:1000.image?,https://shop.tiktok.com/view/product/1732354971406209106?region=US&locale=en,王谍,4.2
2026/8/23,US,US,爆款,1732480477943993092,S260708023088,SML Sweaters,非SKM商家,标码女装,女士针织衫,毛衣套头衫,标码女装+女士针织衫,"(100,500]",14.35,"(100,+∞)",53.49%,"(50%, 100%]","(10,30]",2026/7/13,41,非JIT商品,415,0,"Pink,Khaki,Cream,Orange,Light blue,Black,Green",7,"M,S,XL,L,XS",5,Spring&Fall,https://p16-oec-va.ibyteimg.com/tos-maliva-i-o3syd03w52-us/1464547d94e24690a5ef476421f4de4c~tplv-o3syd03w52-resize-jpeg:1000:1000.image?,https://shop.tiktok.com/view/product/1732480477943993092?region=US&locale=en,王可心,4.2
2026/8/23,US,US,爆款,1732358124748640295,S260422005114,Finjani-VV,非SKM商家,大码女装,女士连衣裙,休闲连衣裙,大码女装+女士连衣裙,"(2000,5000]",12.48,"(100,+∞)",11.11%,"(0%, 50%]","(10,30]",2026/4/26,119,非JIT商品,398,0,"Blue,Red,Black and white,Green",4,"4XL,1XL,0XL,3XL,2XL",5,Summer,https://p16-oec-ttp.tiktokcdn-us.com/tos-useast5-i-omjb5zjo8w-tx/b5110f6f0f8a4768b243f6616fb88839~tplv-omjb5zjo8w-resize-jpeg:1000:1000.image?,https://shop.tiktok.com/view/product/1732358124748640295?region=US&locale=en,张宇,3.1
2026/8/23,US,US,爆款,1732461191625740798,S260626031696,Wangsiting clothes,非SKM商家,标码女装,女士穆斯林服装,衬衣及女上衣,标码女装+女士穆斯林服装,"(100,500]",22.74,"(100,+∞)",-35.82%,负增长,"(10,30]",2026/6/26,58,JIT商品,130,913,"Khaki,Black,Blue",3,"M,S,L,XS,XL",5,All Seasons,https://p16-oec-va.ibyteimg.com/tos-maliva-i-o3syd03w52-us/1cbc1358fbe2423e8bd8c963d5df88ed~tplv-o3syd03w52-resize-jpeg:1000:1000.image?,https://shop.tiktok.com/view/product/1732461191625740798?region=US&locale=en,王瑶,4.4
2026/8/23,US,US,爆款,1731561891582219008,S250701013286,FashionNove,非SKM商家,标码女装,女士下装,长裤,标码女装+女士下装,"(2000,5000]",40.25,"(100,+∞)",-5.17%,负增长,"(10,30]",2025/8/3,385,非JIT商品,293,0,"Orange,Army green,Black Panther,Yellow Leopard,Gray-white,Dark gray",6,"M,S,XL,L,XXL",5,Spring&Fall,https://p16-oec-ttp.tiktokcdn-us.com/tos-useast5-i-omjb5zjo8w-tx/3510c1266d8a47328a77beafc8bc619c~tplv-omjb5zjo8w-resize-jpeg:1000:1000.image?,https://shop.tiktok.com/view/product/1731561891582219008?region=US&locale=en,王谍,4.3
2026/8/23,US,US,爆款,1732172183044395857,S251224070902,Chic Price Cloaks,非SKM商家,标码女装,女士针织衫,毛衣马甲,标码女装+女士针织衫,"(2000,5000]",13.23,"(100,+∞)",29.17%,"(0%, 50%]","(10,30]",2026/3/6,170,非JIT商品,73,0,"Multicolor5,Multicolor2,Multicolor3,Multicolor,Multicolor4",5,"M,S,XL,L,XXL",5,Spring&Fall,https://p16-oec-ttp.tiktokcdn-us.com/tos-useast5-i-omjb5zjo8w-tx/2d6af9924157498ea5db3b641d2f75b8~tplv-omjb5zjo8w-resize-jpeg:1000:1000.image?,https://shop.tiktok.com/view/product/1732172183044395857?region=US&locale=en,沈亦莎,4.3
2026/8/23,US,US,爆款,1729448380989674074,S240224002234,Orgnvin,非SKM商家,标码女装,女士针织衫,开衫,标码女装+女士针织衫,"(10000,+∞)",9.4,"(100,+∞)",22.22%,"(0%, 50%]","(10,30]",2024/3/11,895,非JIT商品,"6,034",0,"Baby pink,Royal blue,Khaki,Red,Orange,Army green,Lilac,Black,Off white,Apricot,Copper brown,Coffee brown,Purple,Mint green,Turquoise,Hot pink,Yellow,Sky blue,Burgundy",19,"M,S,XL,L",4,Spring&Fall,https://p16-oec-va.ibyteimg.com/tos-maliva-i-o3syd03w52-us/adfdd41e1e244e78be0485bbd81a1f1e~tplv-o3syd03w52-resize-jpeg:1000:1000.image?,https://shop.tiktok.com/view/product/1729448380989674074?region=US&locale=en,王可心,4.7
2026/8/23,US,US,爆款,1730114483665409018,S241113011085,Lira Maison,非SKM商家,标码女装,女士套装及西服,短裤套装,标码女装+女士套装及西服,"(10000,+∞)",16.63,"(100,+∞)",38.30%,"(0%, 50%]","(10,30]",2024/12/1,630,非JIT商品,588,0,"Blue,Grey,Pink,Yellow,Brown",5,"M,S,L,XL,XXL",5,Spring&Fall,https://p16-oec-ttp.tiktokcdn-us.com/tos-useast5-i-omjb5zjo8w-tx/9204a9812cdc402aa50081216c2574cc~tplv-omjb5zjo8w-resize-jpeg:1000:1000.image?,https://shop.tiktok.com/view/product/1730114483665409018?region=US&locale=en,黄依婷,4
2026/8/23,US,US,爆款,1732168531536810917,S251223065919,"Cansheng Fushi Co.,",非SKM商家,大码女装,女士连衣裙,休闲连衣裙,大码女装+女士连衣裙,"(1000,2000]",11.22,"(100,+∞)",58.54%,"(50%, 100%]","(10,30]",2025/12/23,243,非JIT商品,125,0,"Pink,Turquoise blue",2,"5XL,4XL,6XL,1XL,3XL,2XL",6,Spring&Fall,https://p16-oec-ttp.tiktokcdn-us.com/tos-useast5-i-omjb5zjo8w-tx/50ad4af90c1744ff96534a74dfe73c36~tplv-omjb5zjo8w-resize-jpeg:1000:1000.image?,https://shop.tiktok.com/view/product/1732168531536810917?region=US&locale=en,郑川粤,4.3
2026/8/23,US,US,爆款,1732521731500511357,S260727034399,SS VARAH,非SKM商家,大码女装,女士针织衫,毛衣开衫,大码女装+女士针织衫,"(100,500]",27.01,"(100,+∞)",-60.27%,负增长,"(0,10]",2026/7/30,24,JIT商品,53,525,"Khaki,Gray,White,Black",4,"4XL,1XL,3XL,2XL",4,Spring&Fall,https://p16-oec-va.ibyteimg.com/tos-alisg-i-aphluv4xwc-sg/5ceb709926874e75bafdf1c07355fa6a~tplv-o3syd03w52-resize-jpeg:1000:1000.image?,https://shop.tiktok.com/view/product/1732521731500511357?region=US&locale=en,郑川粤,4.6
2026/8/23,US,US,爆款,1730875833358520846,S250219015229,YunShine,非SKM商家,标码女装,女士针织衫,开衫,标码女装+女士针织衫,"(5000,10000]",13.06,"(100,+∞)",-22.41%,负增长,"(10,30]",2025/3/16,525,非JIT商品,"1,083",0,"Coffee brown,Khaki,Hot pink,Light blue,Navy blue,Yellow,Black,Coral pink,Off white,Apricot",10,"M,S,L,XL",4,Summer,https://p16-oec-ttp.tiktokcdn-us.com/tos-useast5-i-omjb5zjo8w-tx/6e69b7e5c65a474aa9a9e4ebb301567d~tplv-omjb5zjo8w-resize-jpeg:1000:1000.image?,https://shop.tiktok.com/view/product/1730875833358520846?region=US&locale=en,王可心,4.7
2026/8/23,US,US,爆款,1732502460690371349,S260720026412,Lllumi,非SKM商家,大码女装,女士连衣裙,休闲连衣裙,大码女装+女士连衣裙,"(100,500]",11.61,"(100,+∞)",76.32%,"(50%, 100%]","(30,50]",2026/7/20,34,JIT商品,59,792,"Jet black,Ochre brown,Clay brown,Rose gold,Flame red,Yellow,Black,Dark blue,Sky blue,Golden",10,One-size,1,Summer,https://p16-oec-va.ibyteimg.com/tos-maliva-i-o3syd03w52-us/d922c325f1914a55908281b0cbc541aa~tplv-o3syd03w52-resize-jpeg:1000:1000.image?,https://shop.tiktok.com/view/product/1732502460690371349?region=US&locale=en,张宇,4.3
2026/8/23,US,US,爆款,1729495145290371563,S240604000479,Finjani Plus,非SKM商家,大码女装,女士连衣裙,休闲连衣裙,大码女装+女士连衣裙,"(10000,+∞)",17.99,"(100,+∞)",14.89%,"(0%, 50%]","(10,30]",2024/6/11,803,非JIT商品,"2,000",0,"Multicolor7,Multicolor6,Multicolor9,Multicolor12,Set3,Multicolor1,Multicolor8,Set2,Pink,Set4,Turquoise,Multicolor2,Set1,Multicolor5,Multicolor11,Multicolor3,Yellow,Multicolor10,Multicolor4",19,"5XL,4XL,1XL,0XL,3XL,2XL",6,Summer,https://p16-oec-ttp.tiktokcdn-us.com/tos-useast5-i-omjb5zjo8w-tx/cc860a6b2bbc41a8ad52d577c2777d2f~tplv-omjb5zjo8w-resize-jpeg:1000:1000.image?,https://shop.tiktok.com/view/product/1729495145290371563?region=US&locale=en,张宇,4.5
2026/8/23,US,US,爆款,1731629807293010249,S250808014899,XL Sweat,非SKM商家,大码女装,女士针织衫,毛衣套头衫,大码女装+女士针织衫,"(2000,5000]",23.54,"(100,+∞)",-29.23%,负增长,"(10,30]",2025/8/17,371,非JIT商品,687,0,"Coffee brown,Khaki,Hot pink,Army green,Lemon yellow,Gray,Black,Blue",8,"5XL,4XL,1XL,3XL,2XL",5,Fall&Winter,https://p16-oec-ttp.tiktokcdn-us.com/tos-useast5-i-omjb5zjo8w-tx/f7da68a4c38d4687b76840f3a5fb667b~tplv-omjb5zjo8w-resize-jpeg:1000:1000.image?,https://shop.tiktok.com/view/product/1731629807293010249?region=US&locale=en,张宇,4.6
2026/8/23,US,US,爆款,1730454807148663292,S241223005227,Hi anan,非SKM商家,标码女装,女士针织衫,开衫,标码女装+女士针织衫,"(10000,+∞)",17.55,"(100,+∞)",12.00%,"(0%, 50%]","(10,30]",2025/1/8,592,非JIT商品,242,0,"Yellow,White,Black,Chartreuse,Apricot",5,"M,S,XL,L",4,Summer,https://p16-oec-va.ibyteimg.com/tos-maliva-i-o3syd03w52-us/8fe28eb9311640f086903c0bee059bb2~tplv-o3syd03w52-resize-jpeg:1000:1000.image?,https://shop.tiktok.com/view/product/1730454807148663292?region=US&locale=en,沈亦莎,4.4
2026/8/23,US,US,爆款,1730257253418701074,S241209006510,Hiying,非SKM商家,标码女装,女士针织衫,开衫,标码女装+女士针织衫,"(2000,5000]",20.09,"(100,+∞)",14.58%,"(0%, 50%]","(10,30]",2024/12/14,617,非JIT商品,180,0,"Daffodil yellow,Pink,Gray,Multicolor",4,"M,S,L,XL,XXL",5,Fall&Winter,https://p16-oec-ttp.tiktokcdn-us.com/tos-useast5-i-omjb5zjo8w-tx/89c029cb1dcd4d98889703494680e4af~tplv-omjb5zjo8w-resize-jpeg:1000:1000.image?,https://shop.tiktok.com/view/product/1730257253418701074?region=US&locale=en,沈亦莎,3.5
2026/8/23,US,US,爆款,1730809269060211657,S250304003352,Verve Fashion,非SKM商家,标码女装,女士套装及西服,短裤套装,标码女装+女士套装及西服,"(10000,+∞)",10.75,"(100,+∞)",1.96%,"(0%, 50%]","(10,30]",2025/3/5,536,非JIT商品,533,1,"Light green,Army green,Pebble lime,Black,Coral pink,Off white,Light wash,Apricot,Grey,Mint green,Pink,Deep red,Yellow,Violet,Brown",15,"M,S,L,XL,XXL",5,Summer,https://p16-oec-va.ibyteimg.com/tos-maliva-i-o3syd03w52-us/9b1745ef01bc496d839273ac4aaba6dd~tplv-o3syd03w52-resize-jpeg:1000:1000.image?,https://shop.tiktok.com/view/product/1730809269060211657?region=US&locale=en,刘雪莹,4.7
2026/8/23,US,US,爆款,1731177770383938149,S250509003234,Chic Size,非SKM商家,大码女装,女士连衣裙,休闲连衣裙,大码女装+女士连衣裙,"(1000,2000]",8.64,"(100,+∞)",26.67%,"(0%, 50%]","(10,30]",2025/5/16,464,非JIT商品,532,0,"Blue,Khaki,Multi-color,Multicolor,Bright orange,Multicolor1,Brown",7,"5XL,4XL,1XL,3XL,2XL",5,Summer,https://p16-oec-ttp.tiktokcdn-us.com/tos-useast5-i-omjb5zjo8w-tx/3b55652ebaf844c4ac719f6bd7c62e75~tplv-omjb5zjo8w-resize-jpeg:1000:1000.image?,https://shop.tiktok.com/view/product/1731177770383938149?region=US&locale=en,张宇,4
2026/8/23,US,US,爆款,1729536279275279125,S240613006803,AOMR,非SKM商家,标码女装,女士下装,长裤,标码女装+女士下装,"(10000,+∞)",9.5,"(100,+∞)",6.12%,"(0%, 50%]","(30,50]",2024/6/30,784,非JIT商品,314,0,"Pink,Deep red,Black,Blue",4,"M,S,L",3,All Seasons,https://p16-oec-va.ibyteimg.com/tos-maliva-i-o3syd03w52-us/dd4f8d8322e94d72860188d84d7e30e2~tplv-o3syd03w52-resize-jpeg:1000:1000.image?,https://shop.tiktok.com/view/product/1729536279275279125?region=US&locale=en,王谍,4.3
2026/8/23,US,US,爆款,1731096639864803669,S250328015148,TTsprint,非SKM商家,标码女装,女士下装,紧身裤,标码女装+女士下装,"(5000,10000]",9.44,"(100,+∞)",-7.55%,负增长,"(10,30]",2025/4/28,482,非JIT商品,574,0,"Camel,Royal blue,Dusty blue,Black,Dark blue,Grey,Medium wash,Purple,Pink,Coffee brown,Hot pink,Pine green,Maroon,Burgundy",14,"M,S,L",3,All Seasons,https://p16-oec-ttp.tiktokcdn-us.com/tos-useast5-i-omjb5zjo8w-tx/912238a0b71a4a59a936ad07dd25e5cb~tplv-omjb5zjo8w-resize-jpeg:1000:1000.image?,https://shop.tiktok.com/view/product/1731096639864803669?region=US&locale=en,王瑶,4.1
2026/8/23,US,US,爆款,1732491183110066794,S260714010094,Chic Savvy Codes,非SKM商家,标码女装,女士针织衫,毛衣套头衫,标码女装+女士针织衫,"(100,500]",15.55,"(100,+∞)",40.91%,"(0%, 50%]","(10,30]",2026/7/27,27,非JIT商品,623,0,"Coffee brown,Pink,Camel,Light blue,Gray,light yellow,Black,Deep blue,Mauve purple,Burgundy",10,"M,S,L,XL,XXL",5,Spring&Fall,https://p16-oec-va.ibyteimg.com/tos-maliva-i-o3syd03w52-us/9529943f50a3465398c58e7e6250dc66~tplv-o3syd03w52-resize-jpeg:1000:1000.image?,https://shop.tiktok.com/view/product/1732491183110066794?region=US&locale=en,王可心,4
2026/8/23,US,US,爆款,1729454530684490502,S240312005034,Knit Mix,非SKM商家,标码女装,女士针织衫,毛衣套头衫,标码女装+女士针织衫,"(10000,+∞)",10.68,"(100,+∞)",-23.21%,负增长,"(10,30]",2024/3/25,881,非JIT商品,460,0,"Lavender,Light green,Orange,Light blue,Leaf green,Reddish orange,Lilac,Dark violet,Black and white and burgundy and gray,Black,Lime yellow,Multicolor,Multicolor1,Copper brown,Apricot,Blue,Green,Grey,Purple,Pink,Hot pink,Multicolor2,Fawn Brown,Multicolor3,Deep red,Violet,Lime red",27,"M,S,XL,XS,L",5,All Seasons,https://p16-oec-ttp.tiktokcdn-us.com/tos-useast5-i-omjb5zjo8w-tx/e61b5ced9244422c9d6695344fb563b1~tplv-omjb5zjo8w-resize-jpeg:1000:1000.image?,https://shop.tiktok.com/view/product/1729454530684490502?region=US&locale=en,沈亦莎,4.3
2026/8/23,US,US,爆款,1732475794574839998,S260702020223,Wake Seasons,非SKM商家,标码女装,女士下装,短裤,标码女装+女士下装,"(100,500]",18.13,"(100,+∞)",9.09%,"(0%, 50%]","(10,30]",2026/7/6,48,JIT商品,77,"248,783","Multicolor4,Multicolor5,Multicolor7,Multicolor3,Multicolor6,Multicolor1,Multicolor8,Colorful 19",8,"M,S,XL,L",4,Summer,https://p16-oec-va.ibyteimg.com/tos-maliva-i-o3syd03w52-us/3db92649ef49443598a8bf6d6ceb65b6~tplv-o3syd03w52-resize-jpeg:1000:1000.image?,https://shop.tiktok.com/view/product/1732475794574839998?region=US&locale=en,张健,4.1
2026/8/23,US,US,爆款,1732283460825224031,S260302044256,Chic Curves,SKM商家,大码女装,女士连衣裙,休闲连衣裙,大码女装+女士连衣裙,"(2000,5000]",12.57,"(100,+∞)",-37.50%,负增长,"(10,30]",2026/3/11,165,非JIT商品,"1,072",0,"Purple Taro,Orange,Yellow,Black background with white polka dots,White,Black,Foundation in rose red with polka dots,Light blue-green",8,"1XL,0XL,3XL,2XL",4,Summer,https://p16-oec-va.ibyteimg.com/tos-maliva-i-o3syd03w52-us/ba636a849f15421fa50d074a0180a68c~tplv-o3syd03w52-resize-jpeg:1000:1000.image?,https://shop.tiktok.com/view/product/1732283460825224031?region=US&locale=en,张宇,4.2
2026/8/23,US,US,爆款,1729463937444385111,S240402000555,FOXCLAW Curve,非SKM商家,大码女装,女士上装,女士 T 恤,大码女装+女士上装,"(10000,+∞)",9.67,"(100,+∞)",26.53%,"(0%, 50%]","(10,30]",2024/4/12,863,非JIT商品,"1,907",0,"Blue,Grey,Khaki,Hot pink,Deep pink,Lime green,Black,Dark blue,Apricot,Green",10,"5XL,4XL,1XL,3XL,2XL",5,Summer,https://p16-oec-ttp.tiktokcdn-us.com/tos-useast5-i-omjb5zjo8w-tx/246e0db128834f93b88c1b85f66e479a~tplv-omjb5zjo8w-resize-jpeg:1000:1000.image?,https://shop.tiktok.com/view/product/1729463937444385111?region=US&locale=en,郑川粤,4.1
2026/8/23,US,US,爆款,1731190049934774696,S250515004515,YMW,非SKM商家,标码女装,女士套装及西服,短裤套装,标码女装+女士套装及西服,"(10000,+∞)",15.27,"(100,+∞)",0.00%,持平,"(10,30]",2025/5/19,461,非JIT商品,397,0,"Blue,Pink,Hot pink,Orange,Light blue,Yellow,White,Green",8,"M,S,L,XL,XXL",5,Spring&Fall,https://p16-oec-ttp.tiktokcdn-us.com/tos-useast5-i-omjb5zjo8w-tx/c45ff66c518e4595a04b296f01f661e9~tplv-omjb5zjo8w-resize-jpeg:1000:1000.image?,https://shop.tiktok.com/view/product/1731190049934774696?region=US&locale=en,黄依婷,3.8
2026/8/23,US,US,爆款,1729607648339529747,S240813003834,ZC-fashion,非SKM商家,大码女装,女士套装及西服,长裤套装,大码女装+女士套装及西服,"(2000,5000]",19.24,"(100,+∞)",20.45%,"(0%, 50%]","(0,10]",2024/8/26,727,非JIT商品,635,0,"Pink,Orange,Red,White,Multicolor,Brown",6,"5XL,4XL,1XL,0XL,3XL,2XL",6,Spring&Fall,https://p16-oec-ttp.tiktokcdn-us.com/tos-useast5-i-omjb5zjo8w-tx/a9755d79a373442ab53e2935f208d006~tplv-omjb5zjo8w-resize-jpeg:1000:1000.image?,https://shop.tiktok.com/view/product/1729607648339529747?region=US&locale=en,张宇,4
2026/8/23,US,US,爆款,1729422540225286605,S231029001199,Wear Alliance,非SKM商家,标码女装,女士针织衫,开衫,标码女装+女士针织衫,"(10000,+∞)",21.59,"(100,+∞)",64.10%,"(50%, 100%]","(10,30]",2023/12/15,982,非JIT商品,349,0,"Dusty gray,Pink,Black,Dark gray,Off white,Ocean blue,Apricot",7,"M,S,L,XL,XXL",5,Spring&Fall,https://p16-oec-ttp.tiktokcdn-us.com/tos-useast5-i-omjb5zjo8w-tx/68173fb8b3f049549bb70358c19dbd74~tplv-omjb5zjo8w-resize-jpeg:1000:1000.image?,https://shop.tiktok.com/view/product/1729422540225286605?region=US&locale=en,沈亦莎,3.3
2026/8/23,US,US,爆款,1729609323388572265,S240731005954,Vanndochic,非SKM商家,标码女装,女士套装及西服,长裤套装,标码女装+女士套装及西服,"(10000,+∞)",15.33,"(100,+∞)",72.97%,"(50%, 100%]","(10,30]",2024/8/27,726,非JIT商品,"1,382",0,"Jet black,Multicolor3*1 pc+Multicolor4*1 pc,Multicolor2,Multicolor2*1 pc+Multicolor3*1 pc,Navy blue,Multicolor3,Deep red,Gray,Black,Blue and white,Multicolor1*1 pc+Multicolor2*1 pc,Multicolor1,Multicolor4*1 pc+Multicolor1*1 pc",13,"M,S,XL,L,XXL",5,Summer,https://p16-oec-ttp.tiktokcdn-us.com/tos-useast5-i-omjb5zjo8w-tx/bb154ce000ca4c90a661f7b8fe3b7d0d~tplv-omjb5zjo8w-resize-jpeg:1000:1000.image?,https://shop.tiktok.com/view/product/1729609323388572265?region=US&locale=en,黄依婷,4.4
2026/8/23,US,US,爆款,1732296023297986903,S260318030549,FOXCLAW Curve,非SKM商家,大码女装,女士下装,长裤,大码女装+女士下装,"(1000,2000]",11.4,"(100,+∞)",63.16%,"(50%, 100%]","(10,30]",2026/4/18,127,非JIT商品,"1,015",0,"Black,Fawn brown,Apricot",3,"5XL,4XL,1XL,3XL,2XL",5,Summer,https://p16-oec-va.ibyteimg.com/tos-maliva-i-o3syd03w52-us/c30ff0ef4d4d4bb88bb5a7422534bb92~tplv-o3syd03w52-resize-jpeg:1000:1000.image?,https://shop.tiktok.com/view/product/1732296023297986903?region=US&locale=en,郑川粤,4.1
2026/8/23,US,US,爆款,1730905796011331927,S250311012713,FOXCLAW Curve,非SKM商家,大码女装,女士上装,女士 T 恤,大码女装+女士上装,"(10000,+∞)",8.92,"(100,+∞)",17.02%,"(0%, 50%]","(10,30]",2025/3/21,520,非JIT商品,517,0,"Grey,Royal blue,Black,Coral pink,Burgundy",5,"5XL,4XL,1XL,3XL,2XL",5,Summer,https://p16-oec-va.ibyteimg.com/tos-maliva-i-o3syd03w52-us/678823bda8c04bb5b5605260a5c12783~tplv-o3syd03w52-resize-jpeg:1000:1000.image?,https://shop.tiktok.com/view/product/1730905796011331927?region=US&locale=en,郑川粤,4.1
2026/8/23,US,US,爆款,1731890038700412971,S250906013635,Yinos Fashion,SKM商家,标码女装,女士套装及西服,短裤套装,标码女装+女士套装及西服,"(5000,10000]",17.15,"(100,+∞)",-5.88%,负增长,"(0,10]",2025/10/8,319,非JIT商品,556,0,"Brown,Blue,Pink,Light green,Navy blue,Black,Burgundy",7,"M,S,XXS,XS,L",5,All Seasons,https://p16-oec-va.ibyteimg.com/tos-maliva-i-o3syd03w52-us/82421d92213d4a01a32666cb8022d84f~tplv-o3syd03w52-resize-jpeg:1000:1000.image?,https://shop.tiktok.com/view/product/1731890038700412971?region=US&locale=en,游宇航,4.8
2026/8/23,US,US,爆款,1732452277809222421,S260621007423,AOMR,非SKM商家,标码女装,女士套装及西服,长裤套装,标码女装+女士套装及西服,"(100,500]",12.49,"(100,+∞)",67.50%,"(50%, 100%]","(10,30]",2026/6/23,61,非JIT商品,165,0,"Orange,Gray,Green",3,"M,S,L",3,Summer,https://p16-oec-va.ibyteimg.com/tos-alisg-i-aphluv4xwc-sg/458d465d9eb5488580e626365e4a3ff0~tplv-o3syd03w52-resize-jpeg:1000:1000.image?,https://shop.tiktok.com/view/product/1732452277809222421?region=US&locale=en,王谍,4.3
2026/8/23,US,US,爆款,1729495808431067834,S240517001130,MIXIFashion,非SKM商家,标码女装,女士下装,长裤,标码女装+女士下装,"(10000,+∞)",11.32,"(100,+∞)",31.11%,"(0%, 50%]","(10,30]",2024/6/12,802,非JIT商品,"2,194",0,"Rose Red,Multicolor5,Multicolor2,Multicolor3,Multicolor6,Multicolor,Multicolor1,Multicolor4,Blue",9,"M,S,L,XL,XXL",5,Spring&Fall,https://p16-oec-va.ibyteimg.com/tos-maliva-i-o3syd03w52-us/45fc6e061ead440f8f6a143c7593276a~tplv-o3syd03w52-resize-jpeg:1000:1000.image?,https://shop.tiktok.com/view/product/1729495808431067834?region=US&locale=en,黄依婷,4.2
2026/8/23,US,US,爆款,1729550760230162940,S240704006317,Hi anan,非SKM商家,标码女装,女士针织衫,毛衣套头衫,标码女装+女士针织衫,"(10000,+∞)",16.26,"(100,+∞)",174.07%,"(100%, 300%]","(10,30]",2024/7/15,769,非JIT商品,358,0,"Curry,Reed green,Navy blue,Deep red,Black,Apricot",6,"M,S,XL,L",4,Fall&Winter,https://p16-oec-ttp.tiktokcdn-us.com/tos-useast5-i-omjb5zjo8w-tx/7889722602b742538989d856b9de711d~tplv-omjb5zjo8w-resize-jpeg:1000:1000.image?,https://shop.tiktok.com/view/product/1729550760230162940?region=US&locale=en,沈亦莎,4.4
2026/8/23,US,US,爆款,1730875020099883596,S250303009980,XGZ Clothing Stores,非SKM商家,大码女装,女士连衣裙,休闲连衣裙,大码女装+女士连衣裙,"(5000,10000]",7.93,"(100,+∞)",39.02%,"(0%, 50%]","(10,30]",2025/3/15,526,非JIT商品,"1,037",0,"Coffee brown,Purple,Multicolor5,Multicolor2,Multicolor6,Multicolor3,Navy blue,Yellow,Black,Multicolor1,Multicolor8,Multicolor4",12,"4XL,1XL,0XL,3XL,2XL",5,Summer,https://p16-oec-ttp.tiktokcdn-us.com/tos-useast5-i-omjb5zjo8w-tx/beec47c9b0914d5d8ae0dec0337832c3~tplv-omjb5zjo8w-resize-jpeg:1000:1000.image?,https://shop.tiktok.com/view/product/1730875020099883596?region=US&locale=en,张宇,3.2
2026/8/23,US,US,爆款,1731237552990950032,S250418014953,LILI.AN.SHOP,非SKM商家,大码女装,连体衣,连体裤,大码女装+连体衣,"(10000,+∞)",19.83,"(100,+∞)",32.56%,"(0%, 50%]","(10,30]",2025/5/30,450,非JIT商品,637,0,"Cream,Reddish orange,Reddish purple,Black and white,Black,Ocean blue,Pale green",7,"5XL,4XL,1XL,3XL,2XL",5,Summer,https://p16-oec-ttp.tiktokcdn-us.com/tos-useast5-i-omjb5zjo8w-tx/d5307b80d3f5410e981e99be066fb095~tplv-omjb5zjo8w-resize-jpeg:1000:1000.image?,https://shop.tiktok.com/view/product/1731237552990950032?region=US&locale=en,张宇,4.2
2026/8/23,US,US,爆款,1732416567890972733,S260528006508,Modish Moo,SKM商家,大码女装,牛仔,牛仔长裤,大码女装+牛仔,"(500,1000]",24.41,"(100,+∞)",-46.55%,负增长,"(0,10]",2026/5/28,87,非JIT商品,634,0,"Black,Light wash,Blue",3,"4XL,1XL,0XL,3XL,2XL",5,Fall&Winter,https://p16-oec-va.ibyteimg.com/tos-alisg-i-aphluv4xwc-sg/f62f37e07f5647a399d51cbb8ef3860d~tplv-o3syd03w52-resize-jpeg:1000:1000.image?,https://shop.tiktok.com/view/product/1732416567890972733?region=US&locale=en,郑川粤,3.3
2026/8/23,US,US,爆款,1732403426288112479,S260518029498,SaltWhite,非SKM商家,标码女装,女士下装,长裤,标码女装+女士下装,"(100,500]",12.08,"(100,+∞)",3433.33%,"(500%, +∞)","(100,200]",2026/5/21,94,非JIT商品,239,0,"Small floral print in apricot color,Yellow,Pink floral apricot color,Dark blue,Mauve purple,Small floral white,Green",7,"M,S,L,XL,XXL",5,Spring&Fall,https://p16-oec-ttp.tiktokcdn-us.com/tos-useast5-i-omjb5zjo8w-tx/fc464ef8653748b2b73843b529474f7c~tplv-omjb5zjo8w-resize-jpeg:1000:1000.image?,https://shop.tiktok.com/view/product/1732403426288112479?region=US&locale=en,王谍,3.7
2026/8/23,US,US,爆款,1732357110520909934,S260421012237,Soft Frame,非SKM商家,标码女装,女士下装,长裤,标码女装+女士下装,"(1000,2000]",16.83,"(100,+∞)",82.86%,"(50%, 100%]","(10,30]",2026/4/24,121,非JIT商品,323,0,"Pink,Mauve purple,Pale green",3,"M,S,L,XL",4,Summer,https://p16-oec-va.ibyteimg.com/tos-alisg-i-aphluv4xwc-sg/3b00c99f20274221a253b9452aa98dc2~tplv-o3syd03w52-resize-jpeg:1000:1000.image?,https://shop.tiktok.com/view/product/1732357110520909934?region=US&locale=en,王谍,3.8
2026/8/23,US,US,爆款,1729432769714360663,S240102000482,FOXCLAW Curve,非SKM商家,大码女装,女士下装,长裤,大码女装+女士下装,"(5000,10000]",12.38,"(100,+∞)",116.67%,"(100%, 300%]","(10,30]",2024/1/9,957,非JIT商品,400,0,"Baby pink,Turquoise,Red,Navy blue,Deep red,Black,Bean paste pink",7,"5XL,4XL,1XL,3XL,2XL",5,Spring&Fall,https://p16-oec-ttp.tiktokcdn-us.com/tos-useast5-i-omjb5zjo8w-tx/51a040f398b54540afbd23156622eef6~tplv-omjb5zjo8w-resize-jpeg:1000:1000.image?,https://shop.tiktok.com/view/product/1729432769714360663?region=US&locale=en,郑川粤,4.1
2026/8/23,US,US,爆款,1732412552008209006,S260525035194,LINGliang Fashion,非SKM商家,标码女装,女士针织衫,毛衣套头衫,标码女装+女士针织衫,"(100,500]",14.49,"(100,+∞)",8.51%,"(0%, 50%]","(10,30]",2026/5/25,90,JIT商品,142,"68,894","Blue,Green,Coffee brown,Purple,Black and gray,Pink,Hot pink,Flame red,White,Black,Apricot,Brown",12,"M,XXXL,S,XL,L,XXL,XS",7,Summer,https://p16-oec-va.ibyteimg.com/tos-maliva-i-o3syd03w52-us/1cc87faf83b94858ade7f809e5f9e8d4~tplv-o3syd03w52-resize-jpeg:1000:1000.image?,https://shop.tiktok.com/view/product/1732412552008209006?region=US&locale=en,沈亦莎,4.5
2026/8/23,US,US,爆款,1730804938015674822,S250102007824,TY Trove,非SKM商家,标码女装,女士套装及西服,长裤套装,标码女装+女士套装及西服,"(5000,10000]",15.31,"(100,+∞)",6.98%,"(0%, 50%]","(10,30]",2025/3/5,536,非JIT商品,699,0,"Army green,Navy blue,Black,Off white,Bright yellow",5,"M,S,XL,L,XXL",5,Summer,https://p16-oec-va.ibyteimg.com/tos-maliva-i-o3syd03w52-us/03dfe75721694e1a973dff56cf82a6f7~tplv-o3syd03w52-resize-jpeg:1000:1000.image?,https://shop.tiktok.com/view/product/1730804938015674822?region=US&locale=en,黄依婷,3.8
2026/8/23,US,US,爆款,1732457337386602925,S260624024994,ZZSC jeans,非SKM商家,大码女装,牛仔,牛仔长裤,大码女装+牛仔,"(100,500]",17.94,"(100,+∞)",56.41%,"(50%, 100%]","(10,30]",2026/6/24,60,JIT商品,94,22,"Medium wash,Royal blue,Light blue,White,Dark blue,Dark gray,Blue",7,"4XL,1XL,0XL,3XL,2XL",5,Fall&Winter,https://p16-oec-va.ibyteimg.com/tos-alisg-i-aphluv4xwc-sg/6204550df75b4b55b8cbb77a3167054f~tplv-o3syd03w52-resize-jpeg:1000:1000.image?,https://shop.tiktok.com/view/product/1732457337386602925?region=US&locale=en,郑川粤,4.3
2026/8/23,US,US,爆款,1732350157817877266,S260415026361,Youman Clothing,非SKM商家,标码女装,女士套装及西服,长裤套装,标码女装+女士套装及西服,"(100,500]",13.33,"(100,+∞)",22.73%,"(0%, 50%]","(10,30]",2026/4/24,121,非JIT商品,330,0,"Purple,Wine red,Navy blue,Gray,Black,Brown",6,"M,S,XL,L",4,Summer,https://p16-oec-ttp.tiktokcdn-us.com/tos-useast5-i-omjb5zjo8w-tx/67b78ff5717142d3b7615c8a57340856~tplv-omjb5zjo8w-resize-jpeg:1000:1000.image?,https://shop.tiktok.com/view/product/1732350157817877266?region=US&locale=en,黄依婷,4.9
2026/8/23,US,US,爆款,1731739733524844826,S250901024365,LILYTREE,非SKM商家,标码女装,女士针织衫,开衫,标码女装+女士针织衫,"(2000,5000]",22.3,"(100,+∞)",119.35%,"(100%, 300%]","(10,30]",2025/9/9,348,非JIT商品,358,0,"Khaki,Red,Gray,Black",4,"M,S,L,XL",4,Fall&Winter,https://p16-oec-va.ibyteimg.com/tos-maliva-i-o3syd03w52-us/a4c6c0086c7146f6ab1ef78a488a4cda~tplv-o3syd03w52-resize-jpeg:1000:1000.image?,https://shop.tiktok.com/view/product/1731739733524844826?region=US&locale=en,沈亦莎,4.4
2026/8/23,US,US,爆款,1732464677086925407,S260629018452,Vanshee Show,非SKM商家,标码女装,女士套装及西服,短裤套装,标码女装+女士套装及西服,"(100,500]",10.96,"(100,+∞)",26.83%,"(0%, 50%]","(10,30]",2026/7/1,53,非JIT商品,471,0,"Coffee brown,Yellow,Light wash",3,"M,S,L,XL",4,Summer,https://p16-oec-va.ibyteimg.com/tos-maliva-i-o3syd03w52-us/05cdf2ef52894c5a84f77d96a5ca4ef8~tplv-o3syd03w52-resize-jpeg:1000:1000.image?,https://shop.tiktok.com/view/product/1732464677086925407?region=US&locale=en,游宇航,4.9
2026/8/23,US,US,爆款,1731673073859334541,S250822005304,Rusttydustty Curve,非SKM商家,大码女装,女士连衣裙,休闲连衣裙,大码女装+女士连衣裙,"(1000,2000]",17.05,"(100,+∞)",-22.64%,负增长,"(10,30]",2025/8/25,363,非JIT商品,333,0,"Baby pink,Multicolor11,Blue",3,"4XL,1XL,0XL,3XL,2XL",5,Summer,https://p16-oec-va.ibyteimg.com/tos-maliva-i-o3syd03w52-us/1a79f3022edb4094a33c1b57bd7e895f~tplv-o3syd03w52-resize-jpeg:1000:1000.image?,https://shop.tiktok.com/view/product/1731673073859334541?region=US&locale=en,张宇,4.8
2026/8/23,US,US,爆款,1731627443485970767,S250610008101,Ku Girl,非SKM商家,标码女装,女士下装,长裤,标码女装+女士下装,"(5000,10000]",11.17,"(100,+∞)",53.13%,"(50%, 100%]","(10,30]",2025/8/16,372,非JIT商品,237,0,"Daffodil yellow,Olive green,Black",3,"M,S,XL,L,XXL,XS",6,Spring&Fall,https://p16-oec-ttp.tiktokcdn-us.com/tos-useast5-i-omjb5zjo8w-tx/6b7a1e19498d47df861eddae7a7772e1~tplv-omjb5zjo8w-resize-jpeg:1000:1000.image?,https://shop.tiktok.com/view/product/1731627443485970767?region=US&locale=en,王谍,3.4
2026/8/23,US,US,爆款,1732184463891206341,S251229049134,TOKLIKEY,非SKM商家,标码女装,女士套装及西服,长裤套装,标码女装+女士套装及西服,"(2000,5000]",22.56,"(100,+∞)",17.39%,"(0%, 50%]","(10,30]",2025/12/30,236,非JIT商品,349,0,"Pink,Red,Clay brown,Black",4,"M,S,L,XL,XXL",5,All Seasons,https://p16-oec-ttp.tiktokcdn-us.com/tos-useast5-i-omjb5zjo8w-tx/1432f98da76e4f509d2fd25235cef28f~tplv-omjb5zjo8w-resize-jpeg:1000:1000.image?,https://shop.tiktok.com/view/product/1732184463891206341?region=US&locale=en,游宇航,3.7
2026/8/23,US,US,爆款,1732354445869224279,S260419009221,FOXCLAW Curve,非SKM商家,大码女装,牛仔,牛仔长裤,大码女装+牛仔,"(5000,10000]",23.42,"(100,+∞)",11.63%,"(0%, 50%]","(10,30]",2026/5/5,110,非JIT商品,746,0,"Black,Blue",2,"5XL,4XL,1XL,3XL,2XL",5,Summer,https://p16-oec-va.ibyteimg.com/tos-alisg-i-aphluv4xwc-sg/d34eed3fec0741d48c07559e2a5abf88~tplv-o3syd03w52-resize-jpeg:1000:1000.image?,https://shop.tiktok.com/view/product/1732354445869224279?region=US&locale=en,郑川粤,4.1
2026/8/23,US,US,爆款,1731588801084690602,S250809004948,Wu Family Courtyard,非SKM商家,标码女装,女士套装及西服,短裤套装,标码女装+女士套装及西服,"(1000,2000]",9.24,"(100,+∞)",0.00%,持平,"(10,30]",2025/8/9,379,JIT商品,215,"4,920","Black, Red,Black powder,Black and white,Black,Orange and white,White Powder,Red and white",7,"M,S,XL,L,XXL",5,Summer,https://p16-oec-ttp.tiktokcdn-us.com/tos-useast5-i-omjb5zjo8w-tx/05ace340b86b4307baba9147bb5b0585~tplv-omjb5zjo8w-resize-jpeg:1000:1000.image?,https://shop.tiktok.com/view/product/1731588801084690602?region=US&locale=en,刘雪莹,3.9
2026/8/23,US,US,爆款,1732466511209206336,S260630021902,JYLINN Cruve,非SKM商家,大码女装,连体衣,连体裤,大码女装+连体衣,"(100,500]",19.93,"(100,+∞)",2.13%,"(0%, 50%]","(10,30]",2026/7/4,50,JIT商品,144,0,"Khaki,Army green,Black,Brown",4,"4XL,1XL,0XL,3XL,2XL",5,Summer,https://p16-oec-va.ibyteimg.com/tos-maliva-i-o3syd03w52-us/2666ea392fe44409b1192093afc72bc2~tplv-o3syd03w52-resize-jpeg:1000:1000.image?,https://shop.tiktok.com/view/product/1732466511209206336?region=US&locale=en,张宇,4.1
2026/8/23,US,US,爆款,1732290939656180692,S260313037553,fashion iconn,非SKM商家,标码女装,女士针织衫,开衫,标码女装+女士针织衫,"(2000,5000]",17.91,"(100,+∞)",61.11%,"(50%, 100%]","(10,30]",2026/3/16,160,非JIT商品,311,0,"Light Blue,Pink,Khaki,White,Black,Light Yellow,Brown",7,"M,S,XL,XS,XXL,L",6,Summer,https://p16-oec-va.ibyteimg.com/tos-maliva-i-o3syd03w52-us/f83733328c4b443f8925526116a8a232~tplv-o3syd03w52-resize-jpeg:1000:1000.image?,https://shop.tiktok.com/view/product/1732290939656180692?region=US&locale=en,王可心,4.3
2026/8/23,US,US,爆款,1732396499125703244,S260425010172,XGZ Clothing Stores,非SKM商家,大码女装,女士套装及西服,长裤套装,大码女装+女士套装及西服,"(100,500]",13.02,"(100,+∞)",2.08%,"(0%, 50%]","(10,30]",2026/5/13,102,非JIT商品,386,0,"Light green,Army green,Yellow,Fawn brown,Blue",5,"1XL,0XL,3XL,2XL",4,Spring&Fall,https://p16-oec-ttp.tiktokcdn-us.com/tos-useast5-i-omjb5zjo8w-tx/88182de0fe53476487c14be424ca42d6~tplv-omjb5zjo8w-resize-jpeg:1000:1000.image?,https://shop.tiktok.com/view/product/1732396499125703244?region=US&locale=en,张宇,3.2
2026/8/23,US,US,爆款,1731658135202337641,S250822010604,Hijab Haven,非SKM商家,标码女装,女士穆斯林服装,长头巾,标码女装+女士穆斯林服装,"(10000,+∞)",5.19,"(100,+∞)",-20.59%,负增长,"(0,10]",2025/8/22,366,非JIT商品,492,0,"Royal blue,Cream,Red,Multicolor7,Light blue,Multicolor6,Multicolor9,Multicolor,Black,Set3,Multicolor8,Blue,Set2,Set1,Set4,Multicolor5,Multicolor11,Pink,Multicolor2,Multicolor3,White,Sky blue,Beige,Bright orange,Multicolor10,Mulberry,Multicolor4",27,One-size,1,All Seasons,https://p16-oec-ttp.tiktokcdn-us.com/tos-useast5-i-omjb5zjo8w-tx/23fe2a288ac64e9f980053ea609e87ba~tplv-omjb5zjo8w-resize-jpeg:1000:1000.image?,https://shop.tiktok.com/view/product/1731658135202337641?region=US&locale=en,徐熙雅,4.6
2026/8/23,US,US,爆款,1732414047367827481,S260526028047,NS Dress,非SKM商家,大码女装,女士连衣裙,休闲连衣裙,大码女装+女士连衣裙,"(100,500]",18.58,"(100,+∞)",146.43%,"(100%, 300%]","(10,30]",2026/5/26,89,JIT商品,123,11,"Green,Purple,Red,Yellow,White,Black,Blue",7,"4XL,1XL,0XL,3XL,2XL",5,Spring&Fall,https://p16-oec-va.ibyteimg.com/tos-maliva-i-o3syd03w52-us/dd21c54ca52a4a3bb0396e580ba2531b~tplv-o3syd03w52-resize-jpeg:1000:1000.image?,https://shop.tiktok.com/view/product/1732414047367827481?region=US&locale=en,张宇,4.3
2026/8/23,US,US,爆款,1731115161050517535,S250315014390,Slick Trends,非SKM商家,标码女装,女士下装,紧身裤,标码女装+女士下装,"(2000,5000]",4.8,"(100,+∞)",174.07%,"(100%, 300%]","(10,30]",2025/5/3,477,非JIT商品,322,0,"Navy blue,Black",2,"M,S,L,XL",4,Summer,https://p16-oec-ttp.tiktokcdn-us.com/tos-useast5-i-omjb5zjo8w-tx/53452845064e49f7bf4f37f5473c7d9b~tplv-omjb5zjo8w-resize-jpeg:1000:1000.image?,https://shop.tiktok.com/view/product/1731115161050517535?region=US&locale=en,王谍,4.8
2026/8/23,US,US,爆款,1732417205240632110,S260528031821,Einsamw,非SKM商家,标码女装,女士套装及西服,半裙套装,标码女装+女士套装及西服,"(500,1000]",14.85,"(100,+∞)",4.26%,"(0%, 50%]","(10,30]",2026/6/19,65,非JIT商品,269,0,"Baby pink,Orange",2,"M,S,L,XL",4,Summer,https://p16-oec-va.ibyteimg.com/tos-maliva-i-o3syd03w52-us/635cae5e0c524c07a45db244db3c8004~tplv-o3syd03w52-resize-jpeg:1000:1000.image?,https://shop.tiktok.com/view/product/1732417205240632110?region=US&locale=en,黄依婷,4.6
2026/8/23,US,US,爆款,1732322637953012575,S260407055806,Chic Curves,SKM商家,大码女装,女士下装,长裤,大码女装+女士下装,"(5000,10000]",17.96,"(100,+∞)",43.59%,"(0%, 50%]","(10,30]",2026/4/10,135,非JIT商品,229,0,"Black and white,Dark Coffee Color,Brown",3,"4XL,1XL,0XL,3XL,2XL",5,Spring&Fall,https://p16-oec-ttp.tiktokcdn-us.com/tos-useast5-i-omjb5zjo8w-tx/e1bd42e799aa49b390ac3220aa3d53bc~tplv-omjb5zjo8w-resize-jpeg:1000:1000.image?,https://shop.tiktok.com/view/product/1732322637953012575?region=US&locale=en,张宇,4.2
2026/8/23,US,US,爆款,1731232472344138584,S250517012082,AYIMZ,非SKM商家,大码女装,女士连衣裙,休闲连衣裙,大码女装+女士连衣裙,"(10000,+∞)",7.68,"(100,+∞)",54.29%,"(50%, 100%]","(10,30]",2025/5/28,452,非JIT商品,"1,364",0,"Burgundy,Coral red,Purple,Khaki,Yellow,Black,Green",7,"5XL,4XL,8XL,6XL,1XL,7XL,3XL,2XL",8,Summer,https://p16-oec-va.ibyteimg.com/tos-maliva-i-o3syd03w52-us/2a33dd97e69b4acf92214cc50a4cae5d~tplv-o3syd03w52-resize-jpeg:1000:1000.image?,https://shop.tiktok.com/view/product/1731232472344138584?region=US&locale=en,郑川粤,4.4
2026/8/23,US,US,爆款,1732026371899166793,S251106023102,Dragons Kaoru,非SKM商家,大码女装,女士下装,长裤,大码女装+女士下装,"(2000,5000]",14.74,"(100,+∞)",57.89%,"(50%, 100%]","(10,30]",2025/11/12,284,非JIT商品,"1,331",0,"Silver,Dark gray,Dark brown,Pale blue,Brown",5,"4XL,1XL,0XL,3XL,2XL",5,Spring&Fall,https://p16-oec-ttp.tiktokcdn-us.com/tos-useast5-i-omjb5zjo8w-tx/99de012d15184749a4797ec81e1f676b~tplv-omjb5zjo8w-resize-jpeg:1000:1000.image?,https://shop.tiktok.com/view/product/1732026371899166793?region=US&locale=en,张宇,3.3
2026/8/23,US,US,爆款,1732418621766865086,S260529021062,Wake Seasons,非SKM商家,标码女装,女士下装,短裤,标码女装+女士下装,"(100,500]",14.36,"(100,+∞)",82.35%,"(50%, 100%]","(10,30]",2026/5/29,86,JIT商品,26,"319,902","Multicolor5,Multicolor2,Multicolor7,Multicolor3,Multicolor6,Multicolor9,Multicolor,Multicolor1,Multicolor4,Multicolor8",10,"M,S,XL,L",4,Summer,https://p16-oec-ttp.tiktokcdn-us.com/tos-useast5-i-omjb5zjo8w-tx/8286a1dcf2ef4b9abb807d2504f48a61~tplv-omjb5zjo8w-resize-jpeg:1000:1000.image?,https://shop.tiktok.com/view/product/1732418621766865086?region=US&locale=en,张健,4.1
2026/8/23,US,US,爆款,1731286974563455632,S250527008435,LILI.AN.SHOP,非SKM商家,大码女装,女士套装及西服,短裤套装,大码女装+女士套装及西服,"(2000,5000]",12.31,"(100,+∞)",208.33%,"(100%, 300%]","(10,30]",2025/6/10,439,非JIT商品,375,0,"Cream,Salmon orange,Black,Off white,Pale green,Dark wash",6,"5XL,4XL,1XL,3XL,2XL",5,Summer,https://p16-oec-va.ibyteimg.com/tos-maliva-i-o3syd03w52-us/e1ce578f68b940d98878ad4054647a82~tplv-o3syd03w52-resize-jpeg:1000:1000.image?,https://shop.tiktok.com/view/product/1731286974563455632?region=US&locale=en,张宇,4.2
2026/8/23,US,US,爆款,1731836235214721339,S250923038069,Hotgrils clothes,非SKM商家,标码女装,女士套装及西服,短裤套装,标码女装+女士套装及西服,"(2000,5000]",21.55,"(100,+∞)",15.00%,"(0%, 50%]","(0,10]",2025/9/27,330,非JIT商品,169,0,Black,1,"M,S,L",3,Spring&Fall,https://p16-oec-ttp.tiktokcdn-us.com/tos-useast5-i-omjb5zjo8w-tx/ff60d4abc226490196d707c4ec5a2e92~tplv-omjb5zjo8w-resize-jpeg:1000:1000.image?,https://shop.tiktok.com/view/product/1731836235214721339?region=US&locale=en,张健,4.6
2026/8/23,US,US,爆款,1730727005944583017,S250220003883,Hijab Haven,非SKM商家,标码女装,女士穆斯林服装,长头巾,标码女装+女士穆斯林服装,"(5000,10000]",14.68,"(100,+∞)",-6.67%,负增长,"(0,10]",2025/2/21,548,非JIT商品,218,0,"Set4,Multicolor2,Set8,Multicolor3,Set6,Set7,Set5,Multicolor1",8,One-size,1,All Seasons,https://p16-oec-ttp.tiktokcdn-us.com/tos-useast5-i-omjb5zjo8w-tx/c5bdf0bca85741ad947f5f4ac2a200fb~tplv-omjb5zjo8w-resize-jpeg:1000:1000.image?,https://shop.tiktok.com/view/product/1730727005944583017?region=US&locale=en,徐熙雅,4.6
2026/8/23,US,US,爆款,1732168362720727792,S251223081690,Pretty PL,非SKM商家,标码女装,女士套装及西服,长裤套装,标码女装+女士套装及西服,"(5000,10000]",13.34,"(100,+∞)",-29.09%,负增长,"(10,30]",2025/12/23,243,非JIT商品,498,0,"Baby pink,Royal blue,Red,Reed green,Black",5,"M,S,L,XL,XXL",5,All Seasons,https://p16-oec-ttp.tiktokcdn-us.com/tos-useast5-i-omjb5zjo8w-tx/204d26273daf47e19ce0daf323f6fc52~tplv-omjb5zjo8w-resize-jpeg:1000:1000.image?,https://shop.tiktok.com/view/product/1732168362720727792?region=US&locale=en,刘雪莹,4.3
2026/8/23,US,US,爆款,1732309866127790929,S260328029257,Chic Price Cloaks,非SKM商家,标码女装,女士针织衫,毛衣套头衫,标码女装+女士针织衫,"(1000,2000]",13.57,"(100,+∞)",38.46%,"(0%, 50%]","(10,30]",2026/3/28,148,非JIT商品,53,0,Khaki,1,"M,S,XL,L,XXL",5,Spring&Fall,https://p16-oec-ttp.tiktokcdn-us.com/tos-useast5-i-omjb5zjo8w-tx/812e1a1c1d944a16b0adc0ad6ab9b56f~tplv-omjb5zjo8w-resize-jpeg:1000:1000.image?,https://shop.tiktok.com/view/product/1732309866127790929?region=US&locale=en,沈亦莎,4.3
2026/8/23,US,US,爆款,1729487080506233533,S240514002434,Minimalism style one,非SKM商家,标码女装,女士套装及西服,半裙套装,标码女装+女士套装及西服,"(10000,+∞)",13.9,"(100,+∞)",25.64%,"(0%, 50%]","(10,30]",2024/5/27,818,非JIT商品,"1,503",0,"Purple,Black,Chartreuse,Off white,Apricot,Mauve purple",6,"M,S,XL,L,XXL",5,All Seasons,https://p16-oec-ttp.tiktokcdn-us.com/tos-useast5-i-omjb5zjo8w-tx/6827e19a3236475daff8969ef952f8e3~tplv-omjb5zjo8w-resize-jpeg:1000:1000.image?,https://shop.tiktok.com/view/product/1729487080506233533?region=US&locale=en,游宇航,3.5
2026/8/23,DE,EU4,高潜,1729509603055016178,S241213008988,Morrie Moon,非SKM商家,标码女装,女士针织衫,开衫,标码女装+女士针织衫,"(500,1000]",37.17,"(30,50]",100.00%,"(50%, 100%]","(10,30]",2025/5/17,463,非JIT商品,"1,461",0,"Army green,Burgundy,Brown,Navy blue,Black,Orange,Royal blue,Mocha brown,Light green,Grey,Khaki,Baby pink,Cream",13,"XL,L,M,XXL,S",5,All Seasons,https://p16-oec-va.ibyteimg.com/tos-maliva-i-o3syd03w52-us/d40b4dd2e505486d818e79b813f1aa27~tplv-o3syd03w52-resize-jpeg:1000:1000.image?,https://shop.tiktok.com/view/product/1729509603055016178?region=DE&locale=de,王可心,
2026/8/23,DE,EU4,高潜,1729878941840742865,S260722039435,Bargain Stylish,非SKM商家,标码女装,女士针织衫,开衫,标码女装+女士针织衫,"(0,100]",36.07,"(30,50]",333.33%,"(300%, 500%]","(10,30]",2026/7/22,32,JIT商品,9,"5,454","Royal blue,Brown,Gray,Green,Black,Purple,Sky blue,Khaki gray,Orange,Pink,Red,Lilac,Burgundy,Cream",14,"S,XL,L,M,XS",5,Spring&Fall,https://p16-oec-va.ibyteimg.com/tos-alisg-i-aphluv4xwc-sg/ea6e39be95244504aa7ea4d1c141d9cf~tplv-o3syd03w52-resize-jpeg:1000:1000.image?,https://shop.tiktok.com/view/product/1729878941840742865?region=DE&locale=de,沈亦莎,
2026/8/23,DE,EU4,高潜,1729640609167219561,S250919025715,Hijab Haven,非SKM商家,标码女装,女士穆斯林服装,方便头巾,标码女装+女士穆斯林服装,"(500,1000]",11.08,"(10,30]",733.33%,"(500%, +∞)","(0,10]",2025/9/20,337,JIT商品,357,414,"215 Black,01#234 Coffee,03#234 Pink,207 Black 1,Orange,207 Red 2,03#124 Camel,Black and Red,01#229 Blue,Beige,Red,Pink 192,Blue,02#229 Green,215 Red,Green,Polka Dots 158,Burgundy,216 Pink,216 Black,02#234 Light camel,Light Coffee,Blue 211,Navy blue,Light blue,Bright orange,Pink",27,One-size,1,Summer,https://p16-oec-eu-common-no.tiktokcdn-eu.com/tos-no1a-i-t5fjg24jzw-no/7d96c842d9a2419aaa0609862deef9f2~tplv-t5fjg24jzw-resize-jpeg:1000:1000.image?,https://shop.tiktok.com/view/product/1729640609167219561?region=DE&locale=de,徐熙雅,4.3
2026/8/23,DE,EU4,高潜,1729744074009123838,S260105038071,Ailyak knit,非SKM商家,标码女装,女士针织衫,毛衣套头衫,标码女装+女士针织衫,"(2000,5000]",26,"(10,30]",633.33%,"(500%, +∞)","(0,10]",2026/1/5,230,非JIT商品,"1,857",0,"Light blue,Yellow,Hot pink,White,Medium wash,Strong white,Black Silver,Orange,Pink,Blue,Baby pink,Purple,Black,Green,Red,Light green,Golden,Apricot,Cloud white",19,"XXL,XS,XL,M,L,S",6,Summer,https://p16-oec-va.ibyteimg.com/tos-alisg-i-aphluv4xwc-sg/821987d9a96d41839c30a6a413046dd7~tplv-o3syd03w52-resize-jpeg:1000:1000.image?,https://shop.tiktok.com/view/product/1729744074009123838?region=DE&locale=de,沈亦莎,4.9
2026/8/23,DE,EU4,高潜,1729793790212741560,S260403034925,ZY PLUS JEANS,非SKM商家,大码女装,牛仔,牛仔长裤,大码女装+牛仔,"(100,500]",34.69,"(10,30]",75.00%,"(50%, 100%]","(0,10]",2026/4/11,134,非JIT商品,289,0,"Navy blue,Dark gray,Black,Pastel blue",4,"3XL,2XL,1XL,0XL,4XL",5,Spring&Fall,https://p16-oec-eu-common-no.tiktokcdn-eu.com/tos-no1a-i-t5fjg24jzw-no/1315602a1cd14bb7aa5b663fdcac71ae~tplv-t5fjg24jzw-resize-jpeg:1000:1000.image?,https://shop.tiktok.com/view/product/1729793790212741560?region=DE&locale=de,郑川粤,4.1
2026/8/23,FR,EU4,高潜,1729480616555486012,S240528003106,AIWEIEN Plus Size,非SKM商家,大码女装,女士连衣裙,休闲连衣裙,大码女装+女士连衣裙,"(1000,2000]",31.07,"(10,30]",62.50%,"(50%, 100%]","(0,10]",2025/4/7,503,非JIT商品,"2,083",0,"Colorful 3,Black,Deep red,Yellow,Multicolor1,Burgundy,Green,Multicolor2,Navy blue",9,"4XL,1XL,8XL,6XL,2XL,7XL,5XL,3XL",8,Summer,https://p16-oec-va.ibyteimg.com/tos-alisg-i-aphluv4xwc-sg/11ce82b104064befa2e6b833ab8e34a0~tplv-o3syd03w52-resize-jpeg:1000:1000.image?,https://shop.tiktok.com/view/product/1729480616555486012?region=FR&locale=fr,张宇,4.1
2026/8/23,DE,EU4,高潜,1729782140085246295,S260318030549,FOXCLAW Curve,非SKM商家,大码女装,女士下装,长裤,大码女装+女士下装,"(100,500]",23.22,"(10,30]",71.43%,"(50%, 100%]","(0,10]",2026/4/18,127,非JIT商品,"1,015",0,"Fawn brown,Black,Apricot",3,"4XL,5XL,1XL,3XL,2XL",5,Spring&Fall,https://p16-oec-va.ibyteimg.com/tos-alisg-i-aphluv4xwc-sg/c30ff0ef4d4d4bb88bb5a7422534bb92~tplv-o3syd03w52-resize-jpeg:1000:1000.image?,https://shop.tiktok.com/view/product/1729782140085246295?region=DE&locale=de,郑川粤,4.3
2026/8/23,DE,EU4,高潜,1729855986554673643,S260610011073,DolceAmara,非SKM商家,标码女装,女士套装及西服,长裤套装,标码女装+女士套装及西服,"(0,100]",30.27,"(10,30]",100.00%,"(50%, 100%]","(0,10]",2026/6/18,66,非JIT商品,691,0,"Blue,Red,Khaki & Brown,Coffee brown,Khaki & Green",5,"XXL,XL,M,L,S",5,未知/未配置,https://p16-oec-va.ibyteimg.com/tos-alisg-i-aphluv4xwc-sg/75cc9e6bf4894eb38487e6490066a9b6~tplv-o3syd03w52-resize-jpeg:1000:1000.image?,https://shop.tiktok.com/view/product/1729855986554673643?region=DE&locale=de,黄依婷,4.4
2026/8/23,MX,MX,高潜,1732229877512505507,S250317018578,Yz Sweaters,非SKM商家,标码女装,女士针织衫,开衫,标码女装+女士针织衫,"(10000,+∞)",15.27,"(30,50]",71.43%,"(50%, 100%]","(10,30]",2025/4/1,509,非JIT商品,"2,900",0,"Off white,Royal blue,Yellow,Pink,Black,Beige,Light blue,Grey,Maroon",9,"S,M,L,XL",4,Spring&Fall,https://p16-oec-va.ibyteimg.com/tos-alisg-i-aphluv4xwc-sg/4f25117dff574738b5cf7db20c882b6f~tplv-o3syd03w52-resize-jpeg:1000:1000.image?,https://shop.tiktok.com/view/product/1732229877512505507?region=MX&locale=es,沈亦莎,4.6
2026/8/23,MX,MX,高潜,1734501844418660125,S260303024612,ONETHREEZERO,非SKM商家,大码女装,女士下装,长裤,大码女装+女士下装,"(100,500]",13.31,"(30,50]",92.86%,"(50%, 100%]","(10,30]",2026/3/7,169,非JIT商品,111,0,"Dark gray,Navy blue,Black,Gray",4,"4XL,1XL,2XL,3XL,5XL",5,Spring&Fall,https://p16-oec-va.ibyteimg.com/tos-alisg-i-aphluv4xwc-sg/35cb20f9baf14bdc8abc176ba5f0f651~tplv-o3syd03w52-resize-jpeg:1000:1000.image?,https://shop.tiktok.com/view/product/1734501844418660125?region=MX&locale=es,郑川粤,4.3
2026/8/23,MX,MX,高潜,1734312406741714784,S260111072617,HeartShine,非SKM商家,标码女装,女士特殊服饰,女士制服,标码女装+女士特殊服饰,"(1000,2000]",16.89,"(30,50]",157.14%,"(100%, 300%]","(0,10]",2026/2/4,200,非JIT商品,197,0,"Black,Pink,Royal blue,Burgundy,Apricot,Navy blue,Mauve purple,Pine green,White",9,"L,M,XL,XXL,S",5,All Seasons,https://p16-oec-va.ibyteimg.com/tos-alisg-i-aphluv4xwc-sg/af5cc7e2c06e4adeafa6c0b692c6195d~tplv-o3syd03w52-resize-jpeg:1000:1000.image?,https://shop.tiktok.com/view/product/1734312406741714784?region=MX&locale=es,徐熙雅,3.5
2026/8/23,MX,MX,高潜,1731467693344785942,S240621005831,SheLoveStyle,非SKM商家,标码女装,女士下装,长裤,标码女装+女士下装,"(5000,10000]",14.73,"(30,50]",91.67%,"(50%, 100%]","(10,30]",2025/5/20,460,非JIT商品,525,0,"Navy blue,Black,Grey,Coffee brown,Burgundy,Purple,Yellow,Pink,Army green,Cyan,Off white,Deep red,Blue,Khaki",14,"XXXL,XL,L,M,S,XXL",6,Fall&Winter,https://p16-oec-va.ibyteimg.com/tos-maliva-i-o3syd03w52-us/a14528cfa9e843e789d72914322ce440~tplv-o3syd03w52-resize-jpeg:1000:1000.image?,https://shop.tiktok.com/view/product/1731467693344785942?region=MX&locale=es,张健,2.6
2026/8/23,MX,MX,高潜,1736129131718477146,S260617022347,LADY THEME,非SKM商家,标码女装,女士套装及西服,长裤套装,标码女装+女士套装及西服,"(0,100]",33.87,"(30,50]",57.14%,"(50%, 100%]","(0,10]",2026/6/28,56,非JIT商品,134,0,"Strong white,Black,Light wash",3,"L,M,S,XL,XXL",5,Spring&Fall,https://p16-oec-va.ibyteimg.com/tos-alisg-i-aphluv4xwc-sg/7e7eddb8ac284d35a004287747c991f8~tplv-o3syd03w52-resize-jpeg:1000:1000.image?,https://shop.tiktok.com/view/product/1736129131718477146?region=MX&locale=es,刘雪莹,4.5
2026/8/23,MX,MX,高潜,1732571756096882526,S250908019507,Mayins,非SKM商家,标码女装,女士套装及西服,短裤套装,标码女装+女士套装及西服,"(2000,5000]",14.24,"(30,50]",257.14%,"(100%, 300%]","(0,10]",2025/9/18,339,非JIT商品,"1,911",0,"Multicolor,Multicolor3,White,Pink,Multicolor2,Brown - Polka Dot,Red - Polka Dot,Black - Polka Dot,Brown",9,"M,XL,L,S,XXL",5,Spring&Fall,https://p16-oec-va.ibyteimg.com/tos-alisg-i-aphluv4xwc-sg/0fb514c491b04ce4a60cc1980447b60f~tplv-o3syd03w52-resize-jpeg:1000:1000.image?,https://shop.tiktok.com/view/product/1732571756096882526?region=MX&locale=es,黄依婷,5
2026/8/23,MX,MX,高潜,1736018075625162231,S260610007849,Aliling CurvyGlam,非SKM商家,大码女装,女士连衣裙,休闲连衣裙,大码女装+女士连衣裙,"(100,500]",23.49,"(30,50]",81.82%,"(50%, 100%]","(10,30]",2026/6/12,72,非JIT商品,187,0,"Dark Blue,Black,Apricot,Coffee brown",4,"4XL,2XL,0XL,3XL,1XL",5,Spring&Fall,https://p16-oec-va.ibyteimg.com/tos-alisg-i-aphluv4xwc-sg/3c78d333c16945f4ad632be1110238d8~tplv-o3syd03w52-resize-jpeg:1000:1000.image?,https://shop.tiktok.com/view/product/1736018075625162231?region=MX&locale=es,张宇,4.6
2026/8/23,MX,MX,高潜,1735181941197670075,S260417029331,FormeFemme fashion,非SKM商家,标码女装,女士套装及西服,长裤套装,标码女装+女士套装及西服,"(500,1000]",28.17,"(30,50]",66.67%,"(50%, 100%]","(0,10]",2026/4/19,126,非JIT商品,"2,461",0,"Bright yellow,White,Dark brown,Apricot,Red,Dark wash,Black,Ochre brown",8,"XXL,XL,M,L,S",5,未知/未配置,https://p16-oec-va.ibyteimg.com/tos-alisg-i-aphluv4xwc-sg/cc740d27449e427a961162720d2d4532~tplv-o3syd03w52-resize-jpeg:1000:1000.image?,https://shop.tiktok.com/view/product/1735181941197670075?region=MX&locale=es,张宇,3.9
2026/8/23,MX,MX,高潜,1736381451322951020,S260704001982,YPC ONE,非SKM商家,标码女装,女士套装及西服,长裤套装,标码女装+女士套装及西服,"(0,100]",36.05,"(30,50]",1250.00%,"(500%, +∞)","(10,30]",2026/7/19,35,非JIT商品,70,0,"White,Blue,Black",3,"M,S,XL,L",4,未知/未配置,https://p16-oec-va.ibyteimg.com/tos-alisg-i-aphluv4xwc-sg/549b6bac078c4955b3af9c4d23eb667f~tplv-o3syd03w52-resize-jpeg:1000:1000.image?,https://shop.tiktok.com/view/product/1736381451322951020?region=MX&locale=es,刘雪莹,
2026/8/23,MX,MX,高潜,1735563315274286833,S260513008317,MO Threads,非SKM商家,大码女装,女士上装,女士衬衫,大码女装+女士上装,"(100,500]",10.9,"(30,50]",110.00%,"(100%, 300%]","(0,10]",2026/5/21,94,非JIT商品,112,0,"Stripe,Multicolor",2,"4XL,2XL,1XL,0XL,3XL",5,Spring&Fall,https://p16-oec-va.ibyteimg.com/tos-alisg-i-aphluv4xwc-sg/c46d0ccc3d8d4e77a165b25af0503d0c~tplv-o3syd03w52-resize-jpeg:1000:1000.image?,https://shop.tiktok.com/view/product/1735563315274286833?region=MX&locale=es,张宇,4.7
2026/8/23,MX,MX,高潜,1731467598007010891,S240905000268,StreetWeat Outfits,非SKM商家,标码女装,女士下装,半身裙,标码女装+女士下装,"(500,1000]",13.16,"(10,30]",216.67%,"(100%, 300%]","(0,10]",2025/5/20,460,非JIT商品,"1,085",0,"Yellow,Grey,Blue,Green,Light brown,Flame red,Coral pink,Purple,Rust red,Deep red,Brown,Champagne,Coffee brown,White,Copper brown",15,"L,M,XS,XXL,S,XL",6,Spring&Fall,https://p16-oec-va.ibyteimg.com/tos-alisg-i-aphluv4xwc-sg/c54f1523cee54d0eb20be0bf7916da47~tplv-o3syd03w52-resize-jpeg:1000:1000.image?,https://shop.tiktok.com/view/product/1731467598007010891?region=MX&locale=es,张健,4.4
2026/8/23,MX,MX,高潜,1736854022708954903,S260802004212,Quick Fit Fashion,非SKM商家,标码女装,女士下装,长裤,标码女装+女士下装,"(0,100]",11.14,"(10,30]",1250.00%,"(500%, +∞)","(10,30]",2026/8/6,17,JIT商品,87,900,"Gray,Beige,Deep blue,Khaki,Black,Military green",6,"L,S,M",3,Spring&Fall,https://p16-oec-va.ibyteimg.com/tos-alisg-i-aphluv4xwc-sg/b2559c7690a64f8490baf4a104459c6e~tplv-o3syd03w52-resize-jpeg:1000:1000.image?,https://shop.tiktok.com/view/product/1736854022708954903?region=MX&locale=es,王瑶,
2026/8/23,MX,MX,高潜,1734085587905512530,S260111052216,Hermosear,非SKM商家,标码女装,女士下装,短裤,标码女装+女士下装,"(1000,2000]",10.31,"(10,30]",66.67%,"(50%, 100%]","(0,10]",2026/1/20,215,非JIT商品,274,0,"Apricot,Army green,Black",3,"XL,S,L,M,XXL",5,Summer,https://p16-oec-va.ibyteimg.com/tos-alisg-i-aphluv4xwc-sg/3fd5079b053148389d15e2adcff992be~tplv-o3syd03w52-resize-jpeg:1000:1000.image?,https://shop.tiktok.com/view/product/1734085587905512530?region=MX&locale=es,王谍,4.8
2026/8/23,MX,MX,高潜,1733468665709430004,S251127078975,GleamStyle,非SKM商家,标码女装,女士下装,长裤,标码女装+女士下装,"(2000,5000]",12.59,"(10,30]",433.33%,"(300%, 500%]","(0,10]",2025/12/4,262,JIT商品,76,0,"Gray,Cream,Maroon,Burgundy,Black,Wine red",6,"S,XS,M,L,XL",5,Spring&Fall,https://p16-oec-va.ibyteimg.com/tos-alisg-i-aphluv4xwc-sg/cf151849cc2143c78a78a2f71634bee7~tplv-o3syd03w52-resize-jpeg:1000:1000.image?,https://shop.tiktok.com/view/product/1733468665709430004?region=MX&locale=es,王谍,4.5
2026/8/23,MX,MX,高潜,1735563178337666889,S260513008117,SiniuOne,非SKM商家,标码女装,女士特殊服饰,女士制服,标码女装+女士特殊服饰,"(0,100]",24.74,"(10,30]",75.00%,"(50%, 100%]","(0,10]",2026/5/13,102,JIT商品,24,"4,886","42108-Brown,42108-turquoise,42108-dark blue,42108-dark burgundy,42108-Light purple",5,"XL,S,L,XXL,M",5,All Seasons,https://p16-oec-va.ibyteimg.com/tos-alisg-i-aphluv4xwc-sg/99839ebfd9b94443b06ed9b86c8e8007~tplv-o3syd03w52-resize-jpeg:1000:1000.image?,https://shop.tiktok.com/view/product/1735563178337666889?region=MX&locale=es,徐熙雅,3.2
2026/8/23,MX,MX,高潜,1731533449789474012,S240412005858,ZOHRA,非SKM商家,大码女装,女士下装,紧身裤,大码女装+女士下装,"(1000,2000]",9.57,"(10,30]",150.00%,"(100%, 300%]","(0,10]",2025/5/28,452,非JIT商品,212,0,"Multicolor7,Black*3 pcs,Dark gray,Multicolor4,Navy blue,Black,Blue,Navy Blue*1 pc+Black*1 pc+Dark Gray*1 pc,Burgundy,Army green,Multicolor2,Black*2 pcs,Multicolor1,Multicolor5,Multicolor3,Multicolor6",16,"1XL,5XL,2XL,3XL,4XL",5,Spring&Fall,https://p16-oec-va.ibyteimg.com/tos-alisg-i-aphluv4xwc-sg/acaa615f059b4549b029b89ebf1dc0c3~tplv-o3syd03w52-resize-jpeg:1000:1000.image?,https://shop.tiktok.com/view/product/1731533449789474012?region=MX&locale=es,郑川粤,4.4
2026/8/23,MX,MX,高潜,1736453284375922007,S260708021395,FOXCLAW Curve,非SKM商家,大码女装,女士下装,长裤,大码女装+女士下装,"(0,100]",23.84,"(10,30]",2200.00%,"(500%, +∞)","(0,10]",2026/7/20,34,非JIT商品,112,0,"Gray,Black,Dark wash",3,"1XL,5XL,4XL,3XL,2XL",5,Spring&Fall,https://p16-oec-va.ibyteimg.com/tos-alisg-i-aphluv4xwc-sg/7f04a7fa6f204c9ba1441b08bbe734b2~tplv-o3syd03w52-resize-jpeg:1000:1000.image?,https://shop.tiktok.com/view/product/1736453284375922007?region=MX&locale=es,郑川粤,4.4
2026/8/23,MX,MX,高潜,1731821968426895703,S240414000805,FOXCLAW Curve,非SKM商家,大码女装,女士下装,长裤,大码女装+女士下装,"(500,1000]",11.43,"(10,30]",150.00%,"(100%, 300%]","(10,30]",2025/2/12,557,非JIT商品,45,0,"Blue,Dark blue,Green,Grey,Black",5,"1XL,2XL,4XL,5XL,3XL",5,Summer,https://p16-oec-va.ibyteimg.com/tos-maliva-i-o3syd03w52-us/fcd381593fe04ed9b4860378a0cfe117~tplv-o3syd03w52-resize-jpeg:1000:1000.image?,https://shop.tiktok.com/view/product/1731821968426895703?region=MX&locale=es,郑川粤,4.4
2026/8/23,MX,MX,高潜,1736450772558513740,S260709008092,XGZ Clothing Stores,非SKM商家,大码女装,女士上装,女士休闲夹克和外套,大码女装+女士上装,"(0,100]",17.03,"(10,30]",533.33%,"(500%, +∞)","(0,10]",2026/7/13,41,非JIT商品,46,0,"Black,Khaki",2,"1XL,2XL,4XL,0XL,3XL",5,Spring&Fall,https://p16-oec-va.ibyteimg.com/tos-alisg-i-aphluv4xwc-sg/b81eefc342914f5499fb69ff187de83f~tplv-o3syd03w52-resize-jpeg:1000:1000.image?,https://shop.tiktok.com/view/product/1736450772558513740?region=MX&locale=es,张宇,4.6
2026/8/23,GB,UK,高潜,1729490084240268126,S250405005806,Mayins,非SKM商家,标码女装,女士下装,长裤,标码女装+女士下装,"(10000,+∞)",12.91,"(50,100]",63.33%,"(50%, 100%]","(10,30]",2025/4/19,491,非JIT商品,"3,992",0,"Navy blue,Yellow,Black and White,Pale green,Fawn brown,Blue,Red",7,"XL,M,S,XXL,L",5,Summer,https://p16-oec-va.ibyteimg.com/tos-alisg-i-aphluv4xwc-sg/aaf0d32406ca4030925797a3320fd92f~tplv-o3syd03w52-resize-jpeg:1000:1000.image?,https://shop.tiktok.com/view/product/1729490084240268126?region=GB&locale=en,黄依婷,4.6
2026/8/23,GB,UK,高潜,1729867821221255317,S260707005980,Sanuuchic,非SKM商家,标码女装,女士套装及西服,长裤套装,标码女装+女士套装及西服,"(100,500]",20.83,"(50,100]",61.76%,"(50%, 100%]","(10,30]",2026/7/10,44,JIT商品,73,0,"Black,Khaki,Jet black,Burgundy,Reddish brown",5,"L,XL,S,M",4,Spring&Fall,https://p16-oec-va.ibyteimg.com/tos-alisg-i-aphluv4xwc-sg/37ad383c6988409888b3853a3571f232~tplv-o3syd03w52-resize-jpeg:1000:1000.image?,https://shop.tiktok.com/view/product/1729867821221255317?region=GB&locale=en,黄依婷,4.7
2026/8/23,GB,UK,高潜,1729421629371944462,S240629004604,YunShine,非SKM商家,标码女装,女士针织衫,毛衣连衣裙,标码女装+女士针织衫,"(10000,+∞)",18.65,"(50,100]",1100.00%,"(500%, +∞)","(10,30]",2024/7/16,768,非JIT商品,463,0,"Khaki,Lilac,Dark Green*1 pc+Burgundy*1 pc,Black,Fawn brown,Navy blue,Khaki*1 pc+Black*1 pc,Pink,White,Burgundy,Yellow,Dark green,Coffee brown,Grey,Lilac*1 pc+Gray*1 pc",15,"S,M,L,XL",4,Fall&Winter,https://p16-oec-eu-common-no.tiktokcdn-eu.com/tos-no1a-i-t5fjg24jzw-no/8a5627266ad54ca99323beef84910772~tplv-t5fjg24jzw-resize-jpeg:1000:1000.image?,https://shop.tiktok.com/view/product/1729421629371944462?region=GB&locale=en,王可心,4.5
2026/8/23,GB,UK,高潜,1729431864406347499,S241017008142,Bettlity,非SKM商家,标码女装,女士针织衫,开衫,标码女装+女士针织衫,"(10000,+∞)",27.2,"(50,100]",140.00%,"(100%, 300%]","(10,30]",2024/11/2,659,非JIT商品,523,0,"Olive brown,Black,Apricot,Grey,Khaki,Mauve purple",6,"L,XL,M,XXL,S",5,Fall&Winter,https://p16-oec-eu-common-no.tiktokcdn-eu.com/tos-no1a-i-t5fjg24jzw-no/943757822e1d4799bd5bec447916d3db~tplv-t5fjg24jzw-resize-jpeg:1000:1000.image?,https://shop.tiktok.com/view/product/1729431864406347499?region=GB&locale=en,沈亦莎,4.8
2026/8/23,GB,UK,高潜,1729800657826650261,S260416029603,Sanuuchic,非SKM商家,标码女装,女士套装及西服,长裤套装,标码女装+女士套装及西服,"(500,1000]",22.74,"(50,100]",108.70%,"(100%, 300%]","(10,30]",2026/4/20,125,非JIT商品,285,0,"Brown,Black and white",2,"XL,XXL,L,S,M",5,Summer,https://p16-oec-va.ibyteimg.com/tos-alisg-i-aphluv4xwc-sg/75776ebfe515479591f2d13592119316~tplv-o3syd03w52-resize-jpeg:1000:1000.image?,https://shop.tiktok.com/view/product/1729800657826650261?region=GB&locale=en,黄依婷,4.7
2026/8/23,GB,UK,高潜,1729736206198544479,S251224009714,Muslim Cloaks,非SKM商家,标码女装,女士穆斯林服装,连衣裙,标码女装+女士穆斯林服装,"(100,500]",46.2,"(50,100]",51.52%,"(50%, 100%]","(0,10]",2026/1/1,234,非JIT商品,144,0,"Black,Light green,Apricot",3,"XL,M,XXL,L",4,All Seasons,https://p16-oec-eu-common-no.tiktokcdn-eu.com/tos-no1a-i-t5fjg24jzw-no/e28d2970e9134a5ba144b6492b25b93e~tplv-t5fjg24jzw-resize-jpeg:1000:1000.image?,https://shop.tiktok.com/view/product/1729736206198544479?region=GB&locale=en,徐熙雅,4.6
2026/8/23,GB,UK,高潜,1729753907886332785,S260118059961,Nova Fashion,非SKM商家,标码女装,女士下装,短裤,标码女装+女士下装,"(1000,2000]",15.06,"(50,100]",475.00%,"(300%, 500%]","(50,100]",2026/1/20,215,非JIT商品,201,0,"Brown,Black,Dark gray,Apricot",4,"XS,XL,L,M,S",5,Summer,https://p16-oec-eu-common-no.tiktokcdn-eu.com/tos-no1a-i-t5fjg24jzw-no/9901e9aa32e94e33b6721e0519a1a648~tplv-t5fjg24jzw-resize-jpeg:1000:1000.image?,https://shop.tiktok.com/view/product/1729753907886332785?region=GB&locale=en,王谍,4.5
2026/8/23,GB,UK,高潜,1729437073441656602,S241124000496,FASHION DOLA,非SKM商家,标码女装,女士针织衫,毛衣套头衫,标码女装+女士针织衫,"(10000,+∞)",15.63,"(50,100]",163.64%,"(100%, 300%]","(10,30]",2024/11/27,634,非JIT商品,241,0,"Yellow,Pink,Multicolor1,Grey,Cloud white,Multicolor2,Black,Multicolor3,Baby pink",9,"XXL,L,M,XL,S,XS",6,Fall&Winter,https://p16-oec-va.ibyteimg.com/tos-alisg-i-aphluv4xwc-sg/bb86a1abcc3740cf8adc81b79bf68bbf~tplv-o3syd03w52-resize-jpeg:1000:1000.image?,https://shop.tiktok.com/view/product/1729437073441656602?region=GB&locale=en,沈亦莎,4.9
2026/8/23,GB,UK,高潜,1729867787822274903,S260707003947,FOXCLAW Curve,非SKM商家,大码女装,女士上装,女士连帽卫衣,大码女装+女士上装,"(100,500]",12.51,"(50,100]",117.86%,"(100%, 300%]","(10,30]",2026/7/22,32,非JIT商品,771,0,"Burgundy,Dark gray,Black,Khaki,Light blue",5,"4XL,5XL,1XL,3XL,2XL",5,Spring&Fall,https://p16-oec-va.ibyteimg.com/tos-alisg-i-aphluv4xwc-sg/216b33d81f214faba86798ef6b4b3a9b~tplv-o3syd03w52-resize-jpeg:1000:1000.image?,https://shop.tiktok.com/view/product/1729867787822274903?region=GB&locale=en,郑川粤,4.2
2026/8/23,GB,UK,高潜,1729514389133564067,S250515011003,Yz Sweaters,非SKM商家,标码女装,女士针织衫,开衫,标码女装+女士针织衫,"(500,1000]",13.83,"(50,100]",171.43%,"(100%, 300%]","(10,30]",2025/5/23,457,非JIT商品,315,0,"Yellow,Pink,Apricot",3,"L,S,XL,M",4,Spring&Fall,https://p16-oec-va.ibyteimg.com/tos-alisg-i-aphluv4xwc-sg/16360948ac6744e8b3171756e702228a~tplv-o3syd03w52-resize-jpeg:1000:1000.image?,https://shop.tiktok.com/view/product/1729514389133564067?region=GB&locale=en,沈亦莎,4.9
2026/8/23,GB,UK,高潜,1729639727745506153,S250919025715,Hijab Haven,非SKM商家,标码女装,女士穆斯林服装,方便头巾,标码女装+女士穆斯林服装,"(2000,5000]",4.44,"(50,100]",51.61%,"(50%, 100%]","(10,30]",2025/9/19,338,JIT商品,357,414,"215 Black,01#234 Coffee,03#234 Pink,207 Black 1,Orange,207 Red 2,03#124 Camel,Black and Red,01#229 Blue,Beige,Red,Pink 192,Blue,02#229 Green,215 Red,Green,Polka Dots 158,Burgundy,216 Pink,216 Black,02#234 Light camel,Light Coffee,Blue 211,Navy blue,Light blue,Bright orange,Pink",27,One-size,1,All Seasons,https://p16-oec-eu-common-no.tiktokcdn-eu.com/tos-no1a-i-t5fjg24jzw-no/7d96c842d9a2419aaa0609862deef9f2~tplv-t5fjg24jzw-resize-jpeg:1000:1000.image?,https://shop.tiktok.com/view/product/1729639727745506153?region=GB&locale=en,徐熙雅,4.3
2026/8/23,GB,UK,高潜,1729595017733773792,S250724020036,Clear Chic,非SKM商家,标码女装,女士下装,裤裙,标码女装+女士下装,"(10000,+∞)",14.09,"(50,100]",133.33%,"(100%, 300%]","(10,30]",2025/8/2,386,JIT商品,"1,925","60,000","Brown plaid,Army green,Burgundy,Khaki,Cream,Black Birdseye Pattern,Black,Royal blue,White,Gray 1,Coffee brown,Gray",12,"L,XXL,M,XL,S,XS",6,All Seasons,https://p16-oec-eu-common-no.tiktokcdn-eu.com/tos-no1a-i-t5fjg24jzw-no/35719999195b46b384ab582410b273a1~tplv-t5fjg24jzw-resize-jpeg:1000:1000.image?,https://shop.tiktok.com/view/product/1729595017733773792?region=GB&locale=en,张健,4.3
2026/8/23,GB,UK,高潜,1729422224249884495,S240705001676,URBANECHIC Sweater,非SKM商家,大码女装,女士针织衫,毛衣套头衫,大码女装+女士针织衫,"(10000,+∞)",13.99,"(50,100]",266.67%,"(100%, 300%]","(10,30]",2024/7/22,762,非JIT商品,459,0,"Burgundy,Navy blue,Black,Olive green,Coffee brown,Apricot,Camel",7,"0XL,4XL,1XL,3XL,5XL,2XL",6,Fall&Winter,https://p16-oec-eu-common-no.tiktokcdn-eu.com/tos-no1a-i-t5fjg24jzw-no/9c68978bd960405f91bf78c8d9a3c6d1~tplv-t5fjg24jzw-resize-jpeg:1000:1000.image?,https://shop.tiktok.com/view/product/1729422224249884495?region=GB&locale=en,张宇,4.5
2026/8/23,GB,UK,高潜,1729596217477077238,S250723007450,ASTYR,非SKM商家,标码女装,女士套装及西服,半裙套装,标码女装+女士套装及西服,"(5000,10000]",20.75,"(50,100]",82.14%,"(50%, 100%]","(10,30]",2025/8/3,385,非JIT商品,966,0,"Khaki gray,Black,Silver,Khaki,Gray,Army green",6,"XL,L,S,XXL,M",5,Spring&Fall,https://p16-oec-eu-common-no.tiktokcdn-eu.com/tos-no1a-i-t5fjg24jzw-no/6ef281d02b744629a0fea2125b22f749~tplv-t5fjg24jzw-resize-jpeg:1000:1000.image?,https://shop.tiktok.com/view/product/1729596217477077238?region=GB&locale=en,刘雪莹,4.6
2026/8/23,GB,UK,高潜,1729835738925537367,S260525011889,Inwely,非SKM商家,标码女装,女士套装及西服,长裤套装,标码女装+女士套装及西服,"(100,500]",26.41,"(50,100]",60.71%,"(50%, 100%]","(10,30]",2026/6/9,75,非JIT商品,348,0,"Gray,Khaki,Brown",3,"S,L,XL,M",4,Spring&Fall,https://p16-oec-va.ibyteimg.com/tos-alisg-i-aphluv4xwc-sg/eccc1ac83bed4d7786f707368fa4c732~tplv-o3syd03w52-resize-jpeg:1000:1000.image?,https://shop.tiktok.com/view/product/1729835738925537367?region=GB&locale=en,黄依婷,4.6
2026/8/23,GB,UK,高潜,1729788555400616553,S260330040546,Vanndochic,非SKM商家,标码女装,女士套装及西服,女士西服马甲,标码女装+女士套装及西服,"(100,500]",14.39,"(50,100]",328.57%,"(300%, 500%]","(10,30]",2026/4/18,127,非JIT商品,"1,127",0,"Baby pink,Champagne,White,Black",4,"M,XL,L,S",4,Spring&Fall,https://p16-oec-va.ibyteimg.com/tos-alisg-i-aphluv4xwc-sg/88bb185c95274ba7ba338d02bef21a61~tplv-o3syd03w52-resize-jpeg:1000:1000.image?,https://shop.tiktok.com/view/product/1729788555400616553?region=GB&locale=en,黄依婷,4.7
2026/8/23,GB,UK,高潜,1729864638924823502,S260701030315,Red Desert Rose,非SKM商家,标码女装,女士下装,长裤,标码女装+女士下装,"(100,500]",13.97,"(50,100]",3550.00%,"(500%, +∞)","(10,30]",2026/7/3,51,非JIT商品,108,0,"Dark beige,Black,Fawn brown",3,"XXL,S,XS,M,L,XL",6,Spring&Fall,https://p16-oec-va.ibyteimg.com/tos-alisg-i-aphluv4xwc-sg/76c0d2944cc649a1aaa4329e9d64186a~tplv-o3syd03w52-resize-jpeg:1000:1000.image?,https://shop.tiktok.com/view/product/1729864638924823502?region=GB&locale=en,王谍,4.6
2026/8/23,GB,UK,高潜,1729839163924388713,S260511022357,Hijab Haven,非SKM商家,标码女装,女士穆斯林服装,方便头巾,标码女装+女士穆斯林服装,"(100,500]",9.05,"(50,100]",76.92%,"(50%, 100%]","(10,30]",2026/6/1,83,JIT商品,70,72,"Khaki,Black,White",3,One-size,1,All Seasons,https://p16-oec-eu-common-no.tiktokcdn-eu.com/tos-no1a-i-t5fjg24jzw-no/9266b7ecc67246a899d7a2d2aa1364b0~tplv-t5fjg24jzw-resize-jpeg:1000:1000.image?,https://shop.tiktok.com/view/product/1729839163924388713?region=GB&locale=en,徐熙雅,4.3
2026/8/23,GB,UK,高潜,1729452368853437765,S250104005261,YouAnnn,非SKM商家,标码女装,女士针织衫,毛衣套头衫,标码女装+女士针织衫,"(5000,10000]",15.89,"(50,100]",217.65%,"(100%, 300%]","(10,30]",2025/1/11,589,非JIT商品,718,0,"Off white,Purple,pink_1,Pink,Rust orange,Black,Grey,Deep red",8,"S,XL,M,XXL,L",5,Spring&Fall,https://p16-oec-va.ibyteimg.com/tos-alisg-i-aphluv4xwc-sg/8d716890f0b2431499bc5fed522a6f61~tplv-o3syd03w52-resize-jpeg:1000:1000.image?,https://shop.tiktok.com/view/product/1729452368853437765?region=GB&locale=en,沈亦莎,4.7
2026/8/23,GB,UK,高潜,1729567108584609795,S250628002450,Eyvonne,非SKM商家,标码女装,女士套装及西服,长裤套装,标码女装+女士套装及西服,"(10000,+∞)",18.9,"(50,100]",62.96%,"(50%, 100%]","(10,30]",2025/7/7,412,非JIT商品,578,0,"Multicolor1,Dark gray,Navy blue,Black,Curry,Gray,Purple,Coffee brown,Apricot,Black and white",10,"S,M,XL,XXL,L",5,Spring&Fall,https://p16-oec-eu-common-no.tiktokcdn-eu.com/tos-no1a-i-t5fjg24jzw-no/95311d9eb5d640948ce41bbfb72f10e3~tplv-t5fjg24jzw-resize-jpeg:1000:1000.image?,https://shop.tiktok.com/view/product/1729567108584609795?region=GB&locale=en,刘雪莹,4.7
2026/8/23,GB,UK,高潜,1729636899029686805,S250916036654,Chic Materialist,非SKM商家,标码女装,女士下装,长裤,标码女装+女士下装,"(2000,5000]",12.55,"(50,100]",77.27%,"(50%, 100%]","(10,30]",2025/9/16,341,非JIT商品,616,0,"Dark gray,Bright yellow,White,Blue,Coffee brown,Pink,Sky blue",7,"M,S,L,XL",4,Spring&Fall,https://p16-oec-eu-common-no.tiktokcdn-eu.com/tos-no1a-i-t5fjg24jzw-no/534339b111734e62af81102de50861f5~tplv-t5fjg24jzw-resize-jpeg:1000:1000.image?,https://shop.tiktok.com/view/product/1729636899029686805?region=GB&locale=en,张健,4.4
2026/8/23,GB,UK,高潜,1729612192276716514,S250715007688,Mingsheng Clothing,非SKM商家,标码女装,女士套装及西服,女士西装外套,标码女装+女士套装及西服,"(2000,5000]",25.74,"(50,100]",84.62%,"(50%, 100%]","(10,30]",2025/8/18,370,非JIT商品,233,0,Brown,1,"M,S,XL,L,XXL",5,Fall&Winter,https://p16-oec-eu-common-no.tiktokcdn-eu.com/tos-no1a-i-t5fjg24jzw-no/1c7aaa59b84b49a58cf5535a48e82919~tplv-t5fjg24jzw-resize-jpeg:1000:1000.image?,https://shop.tiktok.com/view/product/1729612192276716514?region=GB&locale=en,黄依婷,4.2
2026/8/23,GB,UK,高潜,1729754207147039045,S260119043503,YouAnnn,非SKM商家,标码女装,女士针织衫,毛衣套头衫,标码女装+女士针织衫,"(2000,5000]",13.78,"(50,100]",59.09%,"(50%, 100%]","(0,10]",2026/1/25,210,非JIT商品,424,0,"White,Lime yellow,Red,Pink,Lime green,Black",6,"M,S,XXL,L,XL",5,Spring&Fall,https://p16-oec-eu-common-no.tiktokcdn-eu.com/tos-no1a-i-t5fjg24jzw-no/1152666749e744ad98b329830bb91678~tplv-t5fjg24jzw-resize-jpeg:1000:1000.image?,https://shop.tiktok.com/view/product/1729754207147039045?region=GB&locale=en,沈亦莎,4.7
2026/8/23,GB,UK,高潜,1729511228133710686,S250507011364,Mayins,非SKM商家,标码女装,女士下装,长裤,标码女装+女士下装,"(10000,+∞)",14.72,"(50,100]",82.61%,"(50%, 100%]","(10,30]",2025/5/19,461,非JIT商品,"1,496",0,"Multicolor4,Blue,Multicolor2,Multicolor1,Multicolor5,Multicolor3,Jet black",7,"M,XXL,XL,S,L",5,Summer,https://p16-oec-eu-common-no.tiktokcdn-eu.com/tos-no1a-i-t5fjg24jzw-no/73d451e2d8f040a09422c2f1fb60aed0~tplv-t5fjg24jzw-resize-jpeg:1000:1000.image?,https://shop.tiktok.com/view/product/1729511228133710686?region=GB&locale=en,黄依婷,4.6
2026/8/23,GB,UK,高潜,1729677621679987179,S251029040123,DolceAmara,非SKM商家,标码女装,女士套装及西服,长裤套装,标码女装+女士套装及西服,"(5000,10000]",24.66,"(50,100]",79.17%,"(50%, 100%]","(10,30]",2025/11/11,285,非JIT商品,191,0,"Multicolor,Black and white,Khaki",3,"M,XL,L,S",4,Spring&Fall,https://p16-oec-eu-common-no.tiktokcdn-eu.com/tos-no1a-i-t5fjg24jzw-no/6e22546fcf1b4722b48c2336af2fecf3~tplv-t5fjg24jzw-resize-jpeg:1000:1000.image?,https://shop.tiktok.com/view/product/1729677621679987179?region=GB&locale=en,黄依婷,4.8
2026/8/23,GB,UK,高潜,1729791246427986360,S260403034925,ZY PLUS JEANS,非SKM商家,大码女装,牛仔,牛仔长裤,大码女装+牛仔,"(500,1000]",21.87,"(50,100]",119.05%,"(100%, 300%]","(10,30]",2026/4/11,134,非JIT商品,289,0,"Navy blue,Dark gray,Black,Pastel blue",4,"3XL,2XL,1XL,0XL,4XL",5,Spring&Fall,https://p16-oec-eu-common-no.tiktokcdn-eu.com/tos-no1a-i-t5fjg24jzw-no/5918d083b15642bdbfca5a4d6de214c0~tplv-t5fjg24jzw-resize-jpeg:1000:1000.image?,https://shop.tiktok.com/view/product/1729791246427986360?region=GB&locale=en,郑川粤,4.1
2026/8/23,GB,UK,高潜,1729428493585517799,S240913009120,NovaMode.,非SKM商家,标码女装,女士下装,长裤,标码女装+女士下装,"(10000,+∞)",23.92,"(50,100]",54.17%,"(50%, 100%]","(10,30]",2024/9/30,692,非JIT商品,"2,551",0,"Grey,Multicolor,Off-white,Dark brown,Deep red,Black*1 pc+Off White*1 pc,Black,Purple,Blue,Multicolor1,Dark gray,Black*1 pc+Dark Brown*1 pc,Khaki gray,Off White*1 pc+Dark Brown*1 pc,Pebble lime",15,"XL,M,L,XS,S,XXL",6,Spring&Fall,https://p16-oec-va.ibyteimg.com/tos-alisg-i-aphluv4xwc-sg/095ccbd945bb4b519875fcc0670489df~tplv-o3syd03w52-resize-jpeg:1000:1000.image?,https://shop.tiktok.com/view/product/1729428493585517799?region=GB&locale=en,王谍,4.7
2026/8/23,GB,UK,高潜,1729885126768434174,S260731031181,Ailyak knit,非SKM商家,标码女装,女士针织衫,毛织裙子套装,标码女装+女士针织衫,"(0,100]",15.12,"(50,100]",6700.00%,"(500%, +∞)","(30,50]",2026/8/6,17,非JIT商品,320,0,"Ochre brown,Black,Wine red,Maroon,Green,White",6,"S,M,L,XL",4,Spring&Fall,https://p16-oec-va.ibyteimg.com/tos-alisg-i-aphluv4xwc-sg/af4f661f2acd4eaeb8f4107ab5605875~tplv-o3syd03w52-resize-jpeg:1000:1000.image?,https://shop.tiktok.com/view/product/1729885126768434174?region=GB&locale=en,沈亦莎,4.5
2026/8/23,GB,UK,高潜,1729463020131028293,S250218002732,YouAnnn,非SKM商家,标码女装,女士针织衫,毛衣套头衫,标码女装+女士针织衫,"(10000,+∞)",10.14,"(50,100]",69.57%,"(50%, 100%]","(0,10]",2025/2/24,545,非JIT商品,"1,416",0,"Royal blue,Black,Off white,Blue,Yellow,Grey,Brown and white,Pebble lime,Light Gray,Mauve purple,Burgundy,Lime green,Hot pink,Black and white,Green,Pink,Bright orange",17,"S,XXL,M,XL,L",5,Summer,https://p16-oec-eu-common-no.tiktokcdn-eu.com/tos-no1a-i-t5fjg24jzw-no/1619845fe64848078a78b85c95806fa3~tplv-t5fjg24jzw-resize-jpeg:1000:1000.image?,https://shop.tiktok.com/view/product/1729463020131028293?region=GB&locale=en,沈亦莎,4.7
2026/8/23,GB,UK,高潜,1729408836464512661,S240502001902,Lusmay,非SKM商家,标码女装,女士针织衫,开衫,标码女装+女士针织衫,"(10000,+∞)",12.45,"(50,100]",56.52%,"(50%, 100%]","(10,30]",2024/5/13,832,非JIT商品,668,0,"Black,Cream,Bright orange,Khaki,Pink,Burgundy,Off white,Coffee brown,Deep red,Orange",10,"XXL,S,XL,L,M",5,Summer,https://p16-oec-va.ibyteimg.com/tos-alisg-i-aphluv4xwc-sg/da874324456d491eb8078a4629d1c771~tplv-o3syd03w52-resize-jpeg:1000:1000.image?,https://shop.tiktok.com/view/product/1729408836464512661?region=GB&locale=en,王可心,4.6
2026/8/23,GB,UK,高潜,1729868656147602180,S260708023088,SML Sweaters,非SKM商家,标码女装,女士针织衫,毛衣套头衫,标码女装+女士针织衫,"(100,500]",17.36,"(50,100]",176.47%,"(100%, 300%]","(10,30]",2026/7/13,41,非JIT商品,415,0,"Green,Cream,Orange,Khaki,Pink,Light blue,Black",7,"L,M,XS,S,XL",5,Spring&Fall,https://p16-oec-va.ibyteimg.com/tos-alisg-i-aphluv4xwc-sg/1464547d94e24690a5ef476421f4de4c~tplv-o3syd03w52-resize-jpeg:1000:1000.image?,https://shop.tiktok.com/view/product/1729868656147602180?region=GB&locale=en,王可心,3.9
2026/8/23,GB,UK,高潜,1729873388218587315,S260708017446,ZOVINRIA,非SKM商家,标码女装,女士针织衫,开衫,标码女装+女士针织衫,"(100,500]",17.9,"(50,100]",742.86%,"(500%, +∞)","(30,50]",2026/7/17,37,非JIT商品,91,0,"Black,White,Light gray,Oats",4,"S,L,M",3,Spring&Fall,https://p16-oec-va.ibyteimg.com/tos-alisg-i-aphluv4xwc-sg/0a43c136494344018c887e0f9c4044a6~tplv-o3syd03w52-resize-jpeg:1000:1000.image?,https://shop.tiktok.com/view/product/1729873388218587315?region=GB&locale=en,王可心,4.6
2026/8/23,GB,UK,高潜,1729562968836184833,S250627001912,Keechic,非SKM商家,标码女装,女士套装及西服,长裤套装,标码女装+女士套装及西服,"(10000,+∞)",21.15,"(50,100]",141.18%,"(100%, 300%]","(10,30]",2025/7/3,416,非JIT商品,238,0,"Gray,Apricot,Black,Brown,Green",5,"S,XXL,XL,M,L",5,All Seasons,https://p16-oec-eu-common-no.tiktokcdn-eu.com/tos-no1a-i-t5fjg24jzw-no/cde0592e4c7a4019ba40dd2fc72040c3~tplv-t5fjg24jzw-resize-jpeg:1000:1000.image?,https://shop.tiktok.com/view/product/1729562968836184833?region=GB&locale=en,黄依婷,4.7
2026/8/23,GB,UK,高潜,1729431302529387845,S241010010646,YouAnnn,非SKM商家,标码女装,女士针织衫,开衫,标码女装+女士针织衫,"(5000,10000]",14.2,"(50,100]",200.00%,"(100%, 300%]","(0,10]",2024/10/29,663,非JIT商品,92,0,Black and white,1,"XL,M,S,L,XXL",5,Spring&Fall,https://p16-oec-eu-common-no.tiktokcdn-eu.com/tos-no1a-i-t5fjg24jzw-no/cc9b2e10230544beafe6c4d900f044de~tplv-t5fjg24jzw-resize-jpeg:1000:1000.image?,https://shop.tiktok.com/view/product/1729431302529387845?region=GB&locale=en,沈亦莎,4.7
2026/8/23,GB,UK,高潜,1729880297341032958,S260719014660,Wangsiting clothes,非SKM商家,标码女装,女士针织衫,开衫,标码女装+女士针织衫,"(100,500]",15,"(50,100]",160.00%,"(100%, 300%]","(10,30]",2026/7/24,30,JIT商品,47,"1,370","Black,White,Coffee brown",3,"XS,L,M,S,XL",5,Spring&Fall,https://p16-oec-va.ibyteimg.com/tos-alisg-i-aphluv4xwc-sg/39063abb101c4cac877336ee73dc329a~tplv-o3syd03w52-resize-jpeg:1000:1000.image?,https://shop.tiktok.com/view/product/1729880297341032958?region=GB&locale=en,王瑶,4.3
2026/8/23,GB,UK,高潜,1729553724459620518,S250610017201,Agivvia,非SKM商家,标码女装,女士针织衫,毛织长裤套装,标码女装+女士针织衫,"(2000,5000]",25.54,"(50,100]",66.67%,"(50%, 100%]","(0,10]",2025/6/25,424,非JIT商品,627,0,"Black,White,Brown,Khaki,Royal blue,Gray,Army green",7,"S,M,L,XL",4,Spring&Fall,https://p16-oec-va.ibyteimg.com/tos-alisg-i-aphluv4xwc-sg/16b8080b6a974eabac75b6ba1e41f6b7~tplv-o3syd03w52-resize-jpeg:1000:1000.image?,https://shop.tiktok.com/view/product/1729553724459620518?region=GB&locale=en,王可心,3.5
2026/8/23,GB,UK,高潜,1729872791148927594,S260714010094,Chic Savvy Codes,非SKM商家,标码女装,女士针织衫,毛衣套头衫,标码女装+女士针织衫,"(0,100]",13.58,"(50,100]",146.67%,"(100%, 300%]","(10,30]",2026/7/27,27,非JIT商品,623,0,"light yellow,Gray,Camel,Black,Mauve purple,Coffee brown,Deep blue,Burgundy,Pink,Light blue",10,"XXL,L,XL,M,S",5,Spring&Fall,https://p16-oec-va.ibyteimg.com/tos-alisg-i-aphluv4xwc-sg/9529943f50a3465398c58e7e6250dc66~tplv-o3syd03w52-resize-jpeg:1000:1000.image?,https://shop.tiktok.com/view/product/1729872791148927594?region=GB&locale=en,王可心,4.5
2026/8/23,GB,UK,高潜,1729651722888518142,S251002026864,Wangsiting clothes,非SKM商家,标码女装,女士针织衫,毛织长裤套装,标码女装+女士针织衫,"(100,500]",31.2,"(50,100]",657.14%,"(500%, +∞)","(10,30]",2025/10/5,322,JIT商品,0,393,"Fawn brown,Dark brown",2,"M,XS,S,XL,L",5,Fall&Winter,https://p16-oec-va.ibyteimg.com/tos-alisg-i-aphluv4xwc-sg/2df7b556222d452a81ee8f884a975be6~tplv-o3syd03w52-resize-jpeg:1000:1000.image?,https://shop.tiktok.com/view/product/1729651722888518142?region=GB&locale=en,王瑶,4.3
2026/8/23,GB,UK,高潜,1729861678738676319,S260625018668,Vanshee Show,非SKM商家,标码女装,女士套装及西服,长裤套装,标码女装+女士套装及西服,"(100,500]",18.4,"(50,100]",207.69%,"(100%, 300%]","(10,30]",2026/6/27,57,JIT商品,0,465,"Black,Burgundy,Gray,Fawn brown",4,"L,XL,M,S",4,Fall&Winter,https://p16-oec-va.ibyteimg.com/tos-alisg-i-aphluv4xwc-sg/ef0dece1f347465ba26632e16fc7bc35~tplv-o3syd03w52-resize-jpeg:1000:1000.image?,https://shop.tiktok.com/view/product/1729861678738676319?region=GB&locale=en,游宇航,4.6
2026/8/23,GB,UK,高潜,1729878942673836497,S260722039435,Bargain Stylish,非SKM商家,标码女装,女士针织衫,开衫,标码女装+女士针织衫,"(100,500]",33.47,"(50,100]",73.68%,"(50%, 100%]","(10,30]",2026/7/22,32,JIT商品,9,"5,454","Royal blue,Brown,Gray,Green,Black,Purple,Sky blue,Khaki gray,Orange,Pink,Red,Lilac,Burgundy,Cream",14,"S,XL,L,M,XS",5,Spring&Fall,https://p16-oec-va.ibyteimg.com/tos-alisg-i-aphluv4xwc-sg/bff225645a544ebd8c0ab683b90dadca~tplv-o3syd03w52-resize-jpeg:1000:1000.image?,https://shop.tiktok.com/view/product/1729878942673836497?region=GB&locale=en,沈亦莎,4.6
2026/8/23,GB,UK,高潜,1729468355503886081,S250225017752,Keechic,非SKM商家,标码女装,女士套装及西服,长裤套装,标码女装+女士套装及西服,"(1000,2000]",12.59,"(50,100]",70.00%,"(50%, 100%]","(0,10]",2025/3/11,530,非JIT商品,794,0,"Black,Green,Apricot,Reddish orange,Blue",5,"XXL,M,XL,L,S",5,Summer,https://p16-oec-va.ibyteimg.com/tos-alisg-i-aphluv4xwc-sg/b33b7683191646ec97b36d6abfb639e1~tplv-o3syd03w52-resize-jpeg:1000:1000.image?,https://shop.tiktok.com/view/product/1729468355503886081?region=GB&locale=en,黄依婷,4.7
2026/8/23,GB,UK,高潜,1729426451656970190,S240825000469,Red Desert Rose,非SKM商家,标码女装,女士下装,长裤,标码女装+女士下装,"(10000,+∞)",12.59,"(50,100]",216.67%,"(100%, 300%]","(10,30]",2024/9/4,718,非JIT商品,"1,059",0,"Blue,Navy blue,Burgundy,Black,Dark green,Off white,Pink and black,Signal black,Dark blue,Grey",10,"S,XL,L,M,XXL",5,Spring&Fall,https://p16-oec-va.ibyteimg.com/tos-alisg-i-aphluv4xwc-sg/2b532cebdcac439c803806822b590f5e~tplv-o3syd03w52-resize-jpeg:1000:1000.image?,https://shop.tiktok.com/view/product/1729426451656970190?region=GB&locale=en,王谍,4.6
2026/8/23,GB,UK,高潜,1729464999507496847,S250214011112,FianiVibe,非SKM商家,标码女装,女士套装及西服,短裤套装,标码女装+女士套装及西服,"(10000,+∞)",9.16,"(50,100]",146.67%,"(100%, 300%]","(10,30]",2025/3/1,540,非JIT商品,"1,512",0,"Pink,Brown,Black and white,Yellow,Green,Multicolor2,Deep red,Multicolor,Multicolor3,Blue,Light blue",11,"XXL,L,XL,S,M",5,Summer,https://p16-oec-eu-common-no.tiktokcdn-eu.com/tos-no1a-i-t5fjg24jzw-no/67b36049c0f140d5b416e15a70796bf8~tplv-t5fjg24jzw-resize-jpeg:1000:1000.image?,https://shop.tiktok.com/view/product/1729464999507496847?region=GB&locale=en,黄依婷,4.7
2026/8/23,GB,UK,高潜,1729475354782505303,S250318012203,FOXCLAW Curve,非SKM商家,大码女装,女士上装,女士 T 恤,大码女装+女士上装,"(5000,10000]",9.09,"(50,100]",117.65%,"(100%, 300%]","(10,30]",2025/3/28,513,非JIT商品,347,0,"Red,Off white,Hot pink,Gray,Navy blue,Coffee brown,Army green,Black",8,"4XL,3XL,1XL,2XL,5XL",5,Summer,https://p16-oec-eu-common-no.tiktokcdn-eu.com/tos-no1a-i-t5fjg24jzw-no/e25cedd6c7544767b3bb0f529b2fe8e8~tplv-t5fjg24jzw-resize-jpeg:1000:1000.image?,https://shop.tiktok.com/view/product/1729475354782505303?region=GB&locale=en,郑川粤,4.2
2026/8/23,GB,UK,高潜,1729773211821251292,S260303033422,flux hoodies,非SKM商家,标码女装,女士套装及西服,长裤套装,标码女装+女士套装及西服,"(2000,5000]",17.56,"(50,100]",208.33%,"(100%, 300%]","(0,10]",2026/3/3,173,非JIT商品,246,0,"Black,White,Olive green,Dark blue,Dark brown,Hot pink",6,"L,M,S,XL",4,Spring&Fall,https://p16-oec-va.ibyteimg.com/tos-alisg-i-aphluv4xwc-sg/a2113af28f784776994ce06c42c26090~tplv-o3syd03w52-resize-jpeg:1000:1000.image?,https://shop.tiktok.com/view/product/1729773211821251292?region=GB&locale=en,刘雪莹,4.6
2026/8/23,GB,UK,高潜,1729895626697972148,S260814007865,Celesmeety,非SKM商家,标码女装,女士穆斯林服装,长袍,标码女装+女士穆斯林服装,"(0,100]",110.76,"(50,100]",131.25%,"(100%, 300%]","(10,30]",2026/8/14,9,JIT商品,0,45,"Purple gold,apricot gold,Black Gold",3,One-size,1,All Seasons,https://p16-oec-va.ibyteimg.com/tos-alisg-i-aphluv4xwc-sg/de54bb3db33345328d87d605ac8bead2~tplv-o3syd03w52-resize-jpeg:1000:1000.image?,https://shop.tiktok.com/view/product/1729895626697972148?region=GB&locale=en,徐熙雅,4
2026/8/23,GB,UK,高潜,1729790818620840795,S260402072445,FNZE Fashion,非SKM商家,大码女装,女士连衣裙,休闲连衣裙,大码女装+女士连衣裙,"(500,1000]",19.94,"(50,100]",150.00%,"(100%, 300%]","(10,30]",2026/4/2,143,JIT商品,168,158,"Blue,White,Black,Yellow,Pink,Orange,Green",7,One-size,1,All Seasons,https://p16-oec-eu-common-no.tiktokcdn-eu.com/tos-no1a-i-t5fjg24jzw-no/fb053a0ba3624830b0d73e7008e5079b~tplv-t5fjg24jzw-resize-jpeg:1000:1000.image?,https://shop.tiktok.com/view/product/1729790818620840795?region=GB&locale=en,张宇,4.3
2026/8/23,GB,UK,高潜,1729400991811145047,S230826002438,FOXCLAW Curve,非SKM商家,大码女装,女士上装,女士衬衫,大码女装+女士上装,"(10000,+∞)",11.11,"(50,100]",107.14%,"(100%, 300%]","(0,10]",2023/9/5,"1,083",非JIT商品,721,0,"Mauve purple,Off white,Yellow,Deep red,Pebble lime,Green,Light blue,Black,Fawn Brown,Purple*1+Light Blue*1+White*1+Blue*1+Light Gray*1,Navy blue",11,"5XL,2XL,4XL,0XL,1XL,3XL,1XL*1 pc+2XL*1 pc+5XL*1 pc,1XL*1 pc+3XL*1 pc,3XL*1 pc+4XL*1 pc,2XL*1 pc+3XL*1 pc,1XL*1 pc+2XL*1 pc+4XL*1 pc,1XL*1 pc+2XL*1 pc+3XL*1 pc,1XL*1 pc+2XL*1 pc",13,Spring&Fall,https://p16-oec-eu-common-no.tiktokcdn-eu.com/tos-no1a-i-t5fjg24jzw-no/c0e8e4ae7a8445f88de2b7fce7c7810a~tplv-t5fjg24jzw-resize-jpeg:1000:1000.image?,https://shop.tiktok.com/view/product/1729400991811145047?region=GB&locale=en,郑川粤,4.2
2026/8/23,GB,UK,高潜,1729410702561545707,S240604000479,Finjani Plus,非SKM商家,大码女装,女士连衣裙,休闲连衣裙,大码女装+女士连衣裙,"(10000,+∞)",20.37,"(50,100]",60.00%,"(50%, 100%]","(10,30]",2024/6/11,803,非JIT商品,"2,000",0,"Multicolor7,Multicolor1,Pink,Multicolor3,Yellow,Set3,Multicolor8,Multicolor5,Multicolor9,Multicolor10,Multicolor2,Set4,Multicolor11,Set1,Multicolor4,Set2,Multicolor12,Turquoise,Multicolor6",19,"2XL,5XL,1XL,3XL,0XL,4XL",6,Summer,https://p16-oec-eu-common-no.tiktokcdn-eu.com/tos-no1a-i-t5fjg24jzw-no/cc860a6b2bbc41a8ad52d577c2777d2f~tplv-t5fjg24jzw-resize-jpeg:1000:1000.image?,https://shop.tiktok.com/view/product/1729410702561545707?region=GB&locale=en,张宇,4.6
2026/8/23,GB,UK,高潜,1729771374918408358,S260226050759,Agivvia,非SKM商家,标码女装,女士针织衫,毛衣套头衫,标码女装+女士针织衫,"(500,1000]",12.79,"(50,100]",70.59%,"(50%, 100%]","(10,30]",2026/3/3,173,非JIT商品,422,0,"Pink,Khaki,White,Black,Navy blue,Silver",6,"S,L,XL,M",4,Spring&Fall,https://p16-oec-va.ibyteimg.com/tos-alisg-i-aphluv4xwc-sg/160d29e5449e4231899885a4659459ff~tplv-o3syd03w52-resize-jpeg:1000:1000.image?,https://shop.tiktok.com/view/product/1729771374918408358?region=GB&locale=en,王可心,3.5
2026/8/23,GB,UK,高潜,1729615118205426526,S250814011318,Mayins,非SKM商家,标码女装,女士套装及西服,长裤套装,标码女装+女士套装及西服,"(1000,2000]",19.02,"(50,100]",254.55%,"(100%, 300%]","(0,10]",2025/8/21,367,非JIT商品,180,0,"Curry,Pale green,Black",3,"M,XS,L,XL,S",5,Spring&Fall,https://p16-oec-eu-common-no.tiktokcdn-eu.com/tos-no1a-i-t5fjg24jzw-no/2475d0b131a44487a4a762f415d0fb07~tplv-t5fjg24jzw-resize-jpeg:1000:1000.image?,https://shop.tiktok.com/view/product/1729615118205426526?region=GB&locale=en,黄依婷,4.6
2026/8/23,GB,UK,高潜,1729778700093986982,S260312059006,Agivvia,非SKM商家,标码女装,女士针织衫,毛衣套头衫,标码女装+女士针织衫,"(100,500]",12.46,"(50,100]",72.22%,"(50%, 100%]","(10,30]",2026/3/22,154,非JIT商品,348,0,"Reed green,White,Khaki",3,"M,L,XS,XL,S",5,Spring&Fall,https://p16-oec-va.ibyteimg.com/tos-alisg-i-aphluv4xwc-sg/2bc5eb1c909849fbb17ab321a926dd91~tplv-o3syd03w52-resize-jpeg:1000:1000.image?,https://shop.tiktok.com/view/product/1729778700093986982?region=GB&locale=en,王可心,3.5
2026/8/23,GB,UK,高潜,1729444593678913434,S241218006778,Pretty girl520,非SKM商家,标码女装,女士下装,半身裙,标码女装+女士下装,"(10000,+∞)",8.47,"(30,50]",81.25%,"(50%, 100%]","(0,10]",2024/12/23,608,非JIT商品,619,0,"Silver,Burgundy,Olive green,Khaki,Brown,Jet black,Black,Fawn brown,White",9,"M,S,XL,L",4,Fall&Winter,https://p16-oec-eu-common-no.tiktokcdn-eu.com/tos-no1a-i-t5fjg24jzw-no/7d5dc3483eb541b2b604173757421dba~tplv-t5fjg24jzw-resize-jpeg:1000:1000.image?,https://shop.tiktok.com/view/product/1729444593678913434?region=GB&locale=en,张健,4.5
2026/8/23,GB,UK,高潜,1729475263932045868,S250322009473,Lefter Shorts,非SKM商家,标码女装,女士下装,短裤,标码女装+女士下装,"(1000,2000]",20.91,"(30,50]",60.00%,"(50%, 100%]","(0,10]",2025/3/28,513,非JIT商品,"1,054",0,"Multicolor6,Multicolor2,Multicolor5,Multicolor1,Multicolor4,Multicolor3",6,"XS,L,XL,XXL,S,M",6,Summer,https://p16-oec-va.ibyteimg.com/tos-alisg-i-aphluv4xwc-sg/ce497c48479148769cdd494d513f1b51~tplv-o3syd03w52-resize-jpeg:1000:1000.image?,https://shop.tiktok.com/view/product/1729475263932045868?region=GB&locale=en,王谍,4.8
2026/8/23,GB,UK,高潜,1729422861237915456,S240713003187,ZhiMore,非SKM商家,标码女装,女士套装及西服,长裤套装,标码女装+女士套装及西服,"(5000,10000]",18.22,"(30,50]",71.43%,"(50%, 100%]","(0,10]",2024/7/29,755,非JIT商品,231,0,"Hot pink,Blue,Burgundy,Royal blue,Multicolor12,Purple,Green,Coral pink,Khaki,Light green,Multicolor,Army green,Baby pink,Brown,Orange,Olive green,Deep red,Black,Navy blue,Turquoise,Blue and white",21,"XXL,M,S,XL,L",5,Spring&Fall,https://p16-oec-eu-common-no.tiktokcdn-eu.com/tos-no1a-i-t5fjg24jzw-no/363eb6e650a74da68e1414788e5ffd5b~tplv-t5fjg24jzw-resize-jpeg:1000:1000.image?,https://shop.tiktok.com/view/product/1729422861237915456?region=GB&locale=en,游宇航,4.1
2026/8/23,GB,UK,高潜,1729854475525134515,S260612034190,ZOVINRIA,非SKM商家,标码女装,女士针织衫,开衫,标码女装+女士针织衫,"(100,500]",20.24,"(30,50]",161.54%,"(100%, 300%]","(10,30]",2026/6/21,63,非JIT商品,236,0,"Light blue,Light Yellow,White",3,"L,M,S",3,Spring&Fall,https://p16-oec-va.ibyteimg.com/tos-alisg-i-aphluv4xwc-sg/dc93702f631647f78b015d77d2ce0d73~tplv-o3syd03w52-resize-jpeg:1000:1000.image?,https://shop.tiktok.com/view/product/1729854475525134515?region=GB&locale=en,王可心,4.6
2026/8/23,GB,UK,高潜,1729590365967653636,S250709016188,SML Sweaters,非SKM商家,标码女装,女士针织衫,毛织长裤套装,标码女装+女士针织衫,"(1000,2000]",28.28,"(30,50]",64.71%,"(50%, 100%]","(0,10]",2025/7/29,390,非JIT商品,216,0,"Burgundy,Khaki,Olive green,Dark wash",4,"M,XL,L,S",4,Spring&Fall,https://p16-oec-eu-common-no.tiktokcdn-eu.com/tos-no1a-i-t5fjg24jzw-no/a163d71fa1af464e8de904e91e896bfb~tplv-t5fjg24jzw-resize-jpeg:1000:1000.image?,https://shop.tiktok.com/view/product/1729590365967653636?region=GB&locale=en,王可心,3.9
2026/8/23,GB,UK,高潜,1729587199913990469,S250721023516,YouAnnn,非SKM商家,标码女装,女士针织衫,毛衣套头衫,标码女装+女士针织衫,"(5000,10000]",21.26,"(30,50]",91.67%,"(50%, 100%]","(0,10]",2025/7/26,393,非JIT商品,366,0,"Black,Blue,Pink,Red,Yellow,White,Bean paste pink",7,"S,XXL,L,M,XL",5,Spring&Fall,https://p16-oec-eu-common-no.tiktokcdn-eu.com/tos-no1a-i-t5fjg24jzw-no/e5032f2ca0114f3bac08e730c953e95e~tplv-t5fjg24jzw-resize-jpeg:1000:1000.image?,https://shop.tiktok.com/view/product/1729587199913990469?region=GB&locale=en,沈亦莎,4.7
2026/8/23,GB,UK,高潜,1729431839590485971,S241028004129,sky costume,非SKM商家,标码女装,女士套装及西服,长裤套装,标码女装+女士套装及西服,"(5000,10000]",16.72,"(30,50]",107.69%,"(100%, 300%]","(0,10]",2024/11/2,659,非JIT商品,"1,316",0,"Baby pink,Slate gray,Navy blue,Copper brown,Blue,Purple,Black,Burgundy,Daffodil yellow",9,"XXL,XXXL,S,L,M,XL",6,Spring&Fall,https://p16-oec-va.ibyteimg.com/tos-alisg-i-aphluv4xwc-sg/9dbeb91d62cd4f0cac6ed20031664b82~tplv-o3syd03w52-resize-jpeg:1000:1000.image?,https://shop.tiktok.com/view/product/1729431839590485971?region=GB&locale=en,游宇航,4.5
2026/8/23,GB,UK,高潜,1729871220345378835,S260712007420,ZC-fashion,非SKM商家,大码女装,女士连衣裙,休闲连衣裙,大码女装+女士连衣裙,"(0,100]",19.32,"(30,50]",428.57%,"(300%, 500%]","(10,30]",2026/7/24,30,非JIT商品,589,0,"Green,Black and white,Pink,Red",4,"0XL,2XL,4XL,1XL,3XL",5,Spring&Fall,https://p16-oec-va.ibyteimg.com/tos-alisg-i-aphluv4xwc-sg/153fc22523ac46eda46c9d7d0ab74392~tplv-o3syd03w52-resize-jpeg:1000:1000.image?,https://shop.tiktok.com/view/product/1729871220345378835?region=GB&locale=en,张宇,4.3
2026/8/23,GB,UK,高潜,1729610798981159881,S250817003090,Verve Fashion,非SKM商家,标码女装,女士套装及西服,长裤套装,标码女装+女士套装及西服,"(500,1000]",25.25,"(30,50]",52.94%,"(50%, 100%]","(0,10]",2025/8/17,371,JIT商品,2,"29,225","Silver,Hot pink,Apricot,Dark gray,Black,Rust orange",6,"XXL,M,S,XL,L",5,Spring&Fall,https://p16-oec-eu-common-no.tiktokcdn-eu.com/tos-no1a-i-t5fjg24jzw-no/bed6296d26ea4db0b65c250cdcbf3de2~tplv-t5fjg24jzw-resize-jpeg:1000:1000.image?,https://shop.tiktok.com/view/product/1729610798981159881?region=GB&locale=en,刘雪莹,4.5
2026/8/23,GB,UK,高潜,1729790338505283927,S260402004949,FOXCLAW Curve,非SKM商家,大码女装,女士下装,长裤,大码女装+女士下装,"(100,500]",12.67,"(30,50]",166.67%,"(100%, 300%]","(0,10]",2026/5/10,105,非JIT商品,201,0,"Coffee brown,Gray",2,"4XL,0XL,5XL,1XL,2XL,3XL",6,Spring&Fall,https://p16-oec-eu-common-no.tiktokcdn-eu.com/tos-no1a-i-t5fjg24jzw-no/81b4c335394a499986320a2c2bd07b10~tplv-t5fjg24jzw-resize-jpeg:1000:1000.image?,https://shop.tiktok.com/view/product/1729790338505283927?region=GB&locale=en,郑川粤,4.2
2026/8/23,GB,UK,高潜,1729820516055489213,S260422031619,Minimalism style one,非SKM商家,标码女装,女士套装及西服,短裤套装,标码女装+女士套装及西服,"(500,1000]",20.38,"(30,50]",76.92%,"(50%, 100%]","(10,30]",2026/5/22,93,JIT商品,506,64,"White,Hot pink,Black,Pink,Lime green",5,"L,M,XL,S,XXL",5,Summer,https://p16-oec-eu-common-no.tiktokcdn-eu.com/tos-no1a-i-t5fjg24jzw-no/583d59491d1041598f815278465614c0~tplv-t5fjg24jzw-resize-jpeg:1000:1000.image?,https://shop.tiktok.com/view/product/1729820516055489213?region=GB&locale=en,游宇航,3.3
2026/8/23,GB,UK,高潜,1729425526823554373,S240813004965,YouAnnn,非SKM商家,标码女装,女士针织衫,毛衣套头衫,标码女装+女士针织衫,"(10000,+∞)",17.38,"(30,50]",66.67%,"(50%, 100%]","(0,10]",2024/8/26,727,非JIT商品,395,0,"Lilac,Bright Yellow*1 pc+Gray*1 pc+Blue*1 pc,Deep red,Red*1 pc+Gray*1 pc+Blue*1 pc,Blue,Rust orange,Grey,Green,Bright yellow,Bright orange,Royal blue,Emerald green",12,"L,XL,M,XXL,S",5,Fall&Winter,https://p16-oec-va.ibyteimg.com/tos-alisg-i-aphluv4xwc-sg/86a0f57463dc4f2d9b3cd1249216cf93~tplv-o3syd03w52-resize-jpeg:1000:1000.image?,https://shop.tiktok.com/view/product/1729425526823554373?region=GB&locale=en,沈亦莎,4.7
2026/8/23,GB,UK,高潜,1729461729232195329,S250116006622,Keechic,非SKM商家,标码女装,女士套装及西服,长裤套装,标码女装+女士套装及西服,"(10000,+∞)",24.88,"(30,50]",56.25%,"(50%, 100%]","(0,10]",2025/2/20,549,非JIT商品,624,0,"Pink,Green,Blue,Grey,Black,Brown,Apricot",7,"XXL,L,XL,S,M",5,Summer,https://p16-oec-eu-common-no.tiktokcdn-eu.com/tos-no1a-i-t5fjg24jzw-no/3bae8e596c70482cb1b78ffb886f6c19~tplv-t5fjg24jzw-resize-jpeg:1000:1000.image?,https://shop.tiktok.com/view/product/1729461729232195329?region=GB&locale=en,黄依婷,4.7
2026/8/23,GB,UK,高潜,1729881634900056762,S260724035036,Cozy Boho,非SKM商家,标码女装,女士套装及西服,半裙套装,标码女装+女士套装及西服,"(0,100]",20.85,"(30,50]",181.82%,"(100%, 300%]","(0,10]",2026/7/30,24,非JIT商品,40,0,"Brown,Burgundy",2,"L,XL,XXL,S,M",5,Spring&Fall,https://p16-oec-va.ibyteimg.com/tos-alisg-i-aphluv4xwc-sg/78a617c7e7f044e68eb6144a37fbfbb3~tplv-o3syd03w52-resize-jpeg:1000:1000.image?,https://shop.tiktok.com/view/product/1729881634900056762?region=GB&locale=en,黄依婷,
2026/8/23,GB,UK,高潜,1729427915708731115,S240901001079,Bettlity,非SKM商家,标码女装,女士针织衫,毛织长裤套装,标码女装+女士针织衫,"(10000,+∞)",29.45,"(30,50]",107.69%,"(100%, 300%]","(10,30]",2024/9/23,699,非JIT商品,343,0,"Black,Khaki,Copper brown,Pebble lime",4,"L,XL,XXL,M,S",5,Fall&Winter,https://p16-oec-eu-common-no.tiktokcdn-eu.com/tos-no1a-i-t5fjg24jzw-no/3f03e21893944280af861552213a845e~tplv-t5fjg24jzw-resize-jpeg:1000:1000.image?,https://shop.tiktok.com/view/product/1729427915708731115?region=GB&locale=en,沈亦莎,4.8
2026/8/23,GB,UK,高潜,1729637413196241404,S250908043033,Hi anan,非SKM商家,标码女装,女士针织衫,毛织长裤套装,标码女装+女士针织衫,"(1000,2000]",30.42,"(30,50]",1850.00%,"(500%, +∞)","(10,30]",2025/9/17,340,非JIT商品,91,0,"Light brown,Black,Apricot",3,"L,S,M,XL",4,Spring&Fall,https://p16-oec-va.ibyteimg.com/tos-alisg-i-aphluv4xwc-sg/17d0791549ad4950ab96d7d0bb3b5ddc~tplv-o3syd03w52-resize-jpeg:1000:1000.image?,https://shop.tiktok.com/view/product/1729637413196241404?region=GB&locale=en,沈亦莎,4.9
2026/8/23,GB,UK,高潜,1729457293748833461,S250119000001,XUEYA CIOTHING,非SKM商家,标码女装,女士套装及西服,长裤套装,标码女装+女士套装及西服,"(5000,10000]",14.03,"(30,50]",71.43%,"(50%, 100%]","(0,10]",2025/2/5,564,JIT商品,41,"2,791","Hot pink,Black,Mauve purple,Gray,Green,Lime red,Purple,Apricot,Blue,Royal blue,Orange,Coffee brown",12,"L,XXL,XL,S,M",5,Spring&Fall,https://p16-oec-eu-common-no.tiktokcdn-eu.com/tos-no1a-i-t5fjg24jzw-no/ed2283b3ce4a4906993dc5dfc91a5cd1~tplv-t5fjg24jzw-resize-jpeg:1000:1000.image?,https://shop.tiktok.com/view/product/1729457293748833461?region=GB&locale=en,黄依婷,4.5
2026/8/23,GB,UK,高潜,1729788723848780093,S260330069649,LumosModesty,非SKM商家,标码女装,女士穆斯林服装,长袍,标码女装+女士穆斯林服装,"(500,1000]",24.57,"(30,50]",275.00%,"(100%, 300%]","(10,30]",2026/4/2,143,非JIT商品,275,0,"Dark brown,Baby pink,Burgundy,Black,Pale green,Pink,Coffee brown",7,"L,S,XL,M",4,All Seasons,https://p16-oec-va.ibyteimg.com/tos-alisg-i-aphluv4xwc-sg/15d055712476471cab5af942f90bbae4~tplv-o3syd03w52-resize-jpeg:1000:1000.image?,https://shop.tiktok.com/view/product/1729788723848780093?region=GB&locale=en,徐熙雅,4.4
2026/8/23,GB,UK,高潜,1729403631966718987,S231130002732,TYN women's pants,非SKM商家,标码女装,女士下装,长裤,标码女装+女士下装,"(10000,+∞)",9.74,"(30,50]",73.33%,"(50%, 100%]","(10,30]",2024/1/9,957,非JIT商品,256,0,"Black*2 pcs+Coral Pink*2 pcs,Gray*1 pc+Apricot*1 pc+Brown*2 pcs,Black*1 pc+Gray*2 pcs+Brown*1 pc,Brown,Coral pink,Apricot,Black*2 pcs+Brown*1 pc+Gray*1 pc,Grey,Black,Black*2 pcs+Gray*1 pc+Apricot*1 pc",10,"S,M,L,XL,XXL",5,All Seasons,https://p16-oec-va.ibyteimg.com/tos-maliva-i-o3syd03w52-us/e4fd27f1b5c04f719b596563675ea611~tplv-o3syd03w52-resize-jpeg:1000:1000.image?,https://shop.tiktok.com/view/product/1729403631966718987?region=GB&locale=en,张健,4.4
2026/8/23,GB,UK,高潜,1729889127977556311,S260806020251,FOXCLAW Curve,非SKM商家,大码女装,女士上装,女士套头卫衣,大码女装+女士上装,"(0,100]",11.84,"(30,50]",150.00%,"(100%, 300%]","(0,10]",2026/8/11,12,非JIT商品,40,0,"Black,White",2,"3XL,2XL,4XL,5XL,1XL",5,Spring&Fall,https://p16-oec-va.ibyteimg.com/tos-alisg-i-aphluv4xwc-sg/7a39acc0154c41169a340e7644067ef4~tplv-o3syd03w52-resize-jpeg:1000:1000.image?,https://shop.tiktok.com/view/product/1729889127977556311?region=GB&locale=en,郑川粤,4.2
2026/8/23,GB,UK,高潜,1729723533220157765,S251203111456,YouAnnn,非SKM商家,标码女装,女士针织衫,开衫,标码女装+女士针织衫,"(500,1000]",25.52,"(30,50]",154.55%,"(100%, 300%]","(0,10]",2025/12/11,255,非JIT商品,144,0,"Black,Apricot",2,"L,XL,S,XXL,M",5,Spring&Fall,https://p16-oec-eu-common-no.tiktokcdn-eu.com/tos-no1a-i-t5fjg24jzw-no/4ec1349d112a470894d9f1711aec1175~tplv-t5fjg24jzw-resize-jpeg:1000:1000.image?,https://shop.tiktok.com/view/product/1729723533220157765?region=GB&locale=en,沈亦莎,4.7
2026/8/23,GB,UK,高潜,1729431995105381701,S241022010386,YouAnnn,非SKM商家,标码女装,女士针织衫,开衫,标码女装+女士针织衫,"(5000,10000]",15.25,"(30,50]",85.71%,"(50%, 100%]","(0,10]",2024/11/3,658,非JIT商品,398,0,"Baby pink,Off white,Navy blue,Red and white,Pink,Beige,Deep red,Black",8,"XL,L,M,XXL,S",5,Spring&Fall,https://p16-oec-eu-common-no.tiktokcdn-eu.com/tos-no1a-i-t5fjg24jzw-no/808d2a1e0ea04a2bb7a6140d1f638c3c~tplv-t5fjg24jzw-resize-jpeg:1000:1000.image?,https://shop.tiktok.com/view/product/1729431995105381701?region=GB&locale=en,沈亦莎,4.7
2026/8/23,GB,UK,高潜,1729883602225698965,S260730010219,Sanuuchic,非SKM商家,标码女装,女士套装及西服,长裤套装,标码女装+女士套装及西服,"(0,100]",15.46,"(30,50]",83.33%,"(50%, 100%]","(0,10]",2026/8/5,18,JIT商品,0,566,"Black,Gray,Beige,Brown,Burgundy",5,"XL,S,L,M,XXL",5,Spring&Fall,https://p16-oec-va.ibyteimg.com/tos-alisg-i-aphluv4xwc-sg/2f2c1f9508074c918bc3c7fd18728b87~tplv-o3syd03w52-resize-jpeg:1000:1000.image?,https://shop.tiktok.com/view/product/1729883602225698965?region=GB&locale=en,黄依婷,4.7
2026/8/23,GB,UK,高潜,1729449197560830900,S250309007547,Sleek Fibres,非SKM商家,标码女装,女士下装,短裤,标码女装+女士下装,"(10000,+∞)",8.14,"(30,50]",92.31%,"(50%, 100%]","(0,10]",2025/3/19,522,非JIT商品,502,0,"Royal blue,Blue,Dark Blue,Green,Multicolor,Military green,Iron gray,Jet black",8,"L,M,S,XL",4,Summer,https://p16-oec-eu-common-no.tiktokcdn-eu.com/tos-no1a-i-t5fjg24jzw-no/4a36c01bc04944ab96bb50c0ff006a76~tplv-t5fjg24jzw-resize-jpeg:1000:1000.image?,https://shop.tiktok.com/view/product/1729449197560830900?region=GB&locale=en,张健,4.6
2026/8/23,GB,UK,高潜,1729694303605332293,S251117098050,YouAnnn,非SKM商家,标码女装,女士针织衫,开衫,标码女装+女士针织衫,"(2000,5000]",18.71,"(30,50]",125.00%,"(100%, 300%]","(10,30]",2025/11/24,272,非JIT商品,223,0,"Brown,Camel,Gray",3,"XXL,M,S,L,XL",5,Fall&Winter,https://p16-oec-va.ibyteimg.com/tos-alisg-i-aphluv4xwc-sg/4eb7cfc773c14e23a91685c660256c8e~tplv-o3syd03w52-resize-jpeg:1000:1000.image?,https://shop.tiktok.com/view/product/1729694303605332293?region=GB&locale=en,沈亦莎,4.7
2026/8/23,GB,UK,高潜,1729490974125497289,S250419014051,Verve Fashion,非SKM商家,标码女装,女士套装及西服,短裤套装,标码女装+女士套装及西服,"(2000,5000]",10.83,"(30,50]",84.62%,"(50%, 100%]","(0,10]",2025/4/21,489,JIT商品,166,"59,537","Rust orange,Light green,Baby pink,Pebble lime,Violet,Yellow,Black,Apricot,Grey,Mint green,Pink,Blue,Army green,Off white,Deep red",15,"XL,L,M,XXL,S",5,Summer,https://p16-oec-eu-common-no.tiktokcdn-eu.com/tos-no1a-i-t5fjg24jzw-no/ed29880f190d42fa8a4d33c2aad2f6e4~tplv-t5fjg24jzw-resize-jpeg:1000:1000.image?,https://shop.tiktok.com/view/product/1729490974125497289?region=GB&locale=en,刘雪莹,4.5
2026/8/23,GB,UK,高潜,1729779488012606420,S260313037102,fashion iconn,非SKM商家,标码女装,女士针织衫,毛衣套头衫,标码女装+女士针织衫,"(2000,5000]",14.62,"(30,50]",53.33%,"(50%, 100%]","(10,30]",2026/3/17,159,非JIT商品,765,0,"Khaki gray,Orange,Gray,Pink,Black,Yellow,Cream,Medium wash",8,"XXL,L,XL,S,XS,M",6,Summer,https://p16-oec-va.ibyteimg.com/tos-alisg-i-aphluv4xwc-sg/f5bc0f7b725a4bd992767ae4655845a5~tplv-o3syd03w52-resize-jpeg:1000:1000.image?,https://shop.tiktok.com/view/product/1729779488012606420?region=GB&locale=en,王可心,4.6
2026/8/23,GB,UK,高潜,1729729486152243691,S251216159833,DolceAmara,非SKM商家,标码女装,女士套装及西服,长裤套装,标码女装+女士套装及西服,"(2000,5000]",18.82,"(30,50]",81.82%,"(50%, 100%]","(0,10]",2025/12/26,240,非JIT商品,536,0,"Apricot,Green,Dark violet,Khaki,Brown",5,"XXL,M,XL,S,L",5,Spring&Fall,https://p16-oec-eu-common-no.tiktokcdn-eu.com/tos-no1a-i-t5fjg24jzw-no/31c15f04658b437fbfb6facc6488a770~tplv-t5fjg24jzw-resize-jpeg:1000:1000.image?,https://shop.tiktok.com/view/product/1729729486152243691?region=GB&locale=en,黄依婷,4.8
2026/8/23,GB,UK,高潜,1729597591334918469,S250730011868,YouAnnn,非SKM商家,标码女装,女士针织衫,开衫,标码女装+女士针织衫,"(2000,5000]",21.32,"(30,50]",91.67%,"(50%, 100%]","(0,10]",2025/8/5,383,非JIT商品,670,0,"Brown,Red,Yellow,Gray,Light wash,Pink,White,Green,Navy blue,Orange",10,"L,M,S,XXL,XL",5,Fall&Winter,https://p16-oec-va.ibyteimg.com/tos-alisg-i-aphluv4xwc-sg/d80854c83cf041efa5b0e998f8c7d2da~tplv-o3syd03w52-resize-jpeg:1000:1000.image?,https://shop.tiktok.com/view/product/1729597591334918469?region=GB&locale=en,沈亦莎,4.7
2026/8/23,GB,UK,高潜,1729505710699157830,S250424017904,Chic Luxe Fibers,非SKM商家,标码女装,女士下装,短裤,标码女装+女士下装,"(1000,2000]",12.25,"(30,50]",83.33%,"(50%, 100%]","(0,10]",2025/5/12,468,非JIT商品,138,0,"Off white,Black",2,"L,XL,S,M,XS",5,Summer,https://p16-oec-va.ibyteimg.com/tos-alisg-i-aphluv4xwc-sg/43f1c5279fde402b876bb3bba198ed73~tplv-o3syd03w52-resize-jpeg:1000:1000.image?,https://shop.tiktok.com/view/product/1729505710699157830?region=GB&locale=en,王瑶,4.4
2026/8/23,GB,UK,高潜,1729427390304915320,S240904002855,Wang Zekai Sweater,非SKM商家,大码女装,女士针织衫,毛衣开衫,大码女装+女士针织衫,"(2000,5000]",16.31,"(30,50]",61.54%,"(50%, 100%]","(0,10]",2024/9/13,709,非JIT商品,535,0,"Rust orange,Black,Yellow,Brown,Green,Reddish orange,Deep red,Burgundy,Light wash,Khaki,Gray,Lime red,Pink,Bright orange,Burgundy*1 pc+Green*1 pc,Apricot",16,"4XL,1XL,2XL,3XL",4,Fall&Winter,https://p16-oec-eu-common-no.tiktokcdn-eu.com/tos-no1a-i-t5fjg24jzw-no/622ab311367f4758a4a4c9c715fa2228~tplv-t5fjg24jzw-resize-jpeg:1000:1000.image?,https://shop.tiktok.com/view/product/1729427390304915320?region=GB&locale=en,张宇,4.6
2026/8/23,GB,UK,高潜,1729881663342418400,S260727016837,Clear Chic,非SKM商家,标码女装,女士下装,半身裙,标码女装+女士下装,"(0,100]",18.29,"(30,50]",53.33%,"(50%, 100%]","(0,10]",2026/8/1,22,JIT商品,0,"239,971","Black stripes,Burgundy,White,White stripes,Coffee brown,Black",6,"M,S,XL,L",4,Spring&Fall,https://p16-oec-va.ibyteimg.com/tos-alisg-i-aphluv4xwc-sg/7eae00dce1724579a6bcba807165a3e9~tplv-o3syd03w52-resize-jpeg:1000:1000.image?,https://shop.tiktok.com/view/product/1729881663342418400?region=GB&locale=en,张健,4.3
2026/8/23,GB,UK,高潜,1729421302415592741,S240622002273,nice clothes,非SKM商家,标码女装,女士套装及西服,长裤套装,标码女装+女士套装及西服,"(10000,+∞)",14.88,"(30,50]",84.62%,"(50%, 100%]","(0,10]",2024/7/11,773,非JIT商品,291,0,"Black,Coral red,Beige",3,"M,S,XL,L",4,Summer,https://p16-oec-eu-common-no.tiktokcdn-eu.com/tos-no1a-i-t5fjg24jzw-no/c5215c31a8fd4adfae37da2479da29cf~tplv-t5fjg24jzw-resize-jpeg:1000:1000.image?,https://shop.tiktok.com/view/product/1729421302415592741?region=GB&locale=en,刘雪莹,4.5
2026/8/23,GB,UK,高潜,1729478247192762765,S250321017052,Rusttydustty Curve,非SKM商家,大码女装,女士连衣裙,休闲连衣裙,大码女装+女士连衣裙,"(2000,5000]",14.31,"(30,50]",400.00%,"(300%, 500%]","(10,30]",2025/4/2,508,非JIT商品,672,0,"Light wash,Multicolor1,Multicolor2,Multicolor3",4,"1XL,0XL,4XL,2XL,3XL",5,Spring&Fall,https://p16-oec-eu-common-no.tiktokcdn-eu.com/tos-no1a-i-t5fjg24jzw-no/2d98ef20bcff4b95b5fcb139ba2d6ada~tplv-t5fjg24jzw-resize-jpeg:1000:1000.image?,https://shop.tiktok.com/view/product/1729478247192762765?region=GB&locale=en,张宇,4.5
2026/8/23,GB,UK,高潜,1729847689267157233,S260609032815,Miss Zone,非SKM商家,大码女装,女士连衣裙,派对礼服,大码女装+女士连衣裙,"(0,100]",21.1,"(30,50]",3500.00%,"(500%, +∞)","(10,30]",2026/6/9,75,JIT商品,52,5,"Navy blue,Black",2,"4XL,2XL,1XL,3XL,0XL",5,Spring&Fall,https://p16-oec-va.ibyteimg.com/tos-alisg-i-aphluv4xwc-sg/ccc8125b02894011b33886533c032a2d~tplv-o3syd03w52-resize-jpeg:1000:1000.image?,https://shop.tiktok.com/view/product/1729847689267157233?region=GB&locale=en,郑川粤,4.4
2026/8/23,GB,UK,高潜,1729402408303430930,S231121003320,Hiying,非SKM商家,标码女装,女士针织衫,毛衣套头衫,标码女装+女士针织衫,"(10000,+∞)",20.22,"(30,50]",,新增动销,"(10,30]",2023/11/27,"1,000",非JIT商品,379,0,"Navy blue,Off white,Bright yellow,Black,Khaki,Pink,Medium wash",7,"XL,XXL,L,S,M",5,Fall&Winter,https://p16-oec-va.ibyteimg.com/tos-alisg-i-aphluv4xwc-sg/70f9797de5944ef8bd0abdf56d02de52~tplv-o3syd03w52-resize-jpeg:1000:1000.image?,https://shop.tiktok.com/view/product/1729402408303430930?region=GB&locale=en,沈亦莎,4.6
2026/8/23,GB,UK,高潜,1729612967342479886,S250809011192,YunShine,非SKM商家,标码女装,女士针织衫,开衫,标码女装+女士针织衫,"(100,500]",15.07,"(30,50]",188.89%,"(100%, 300%]","(0,10]",2025/8/19,369,非JIT商品,751,0,"Army green,Khaki,Black,Coffee brown,Gray",5,"XL,S,M,L",4,Spring&Fall,https://p16-oec-eu-common-no.tiktokcdn-eu.com/tos-no1a-i-t5fjg24jzw-no/a46f1ef872954573b2206b124a9856b7~tplv-t5fjg24jzw-resize-jpeg:1000:1000.image?,https://shop.tiktok.com/view/product/1729612967342479886?region=GB&locale=en,王可心,4.5
2026/8/23,GB,UK,高潜,1729450444549557702,S241217008611,TY Trove,非SKM商家,标码女装,女士套装及西服,女士西装外套,标码女装+女士套装及西服,"(5000,10000]",18.03,"(30,50]",83.33%,"(50%, 100%]","(0,10]",2025/1/7,593,非JIT商品,153,0,"Black,Grey,Navy blue,Khaki gray",4,"XXL,S,L,M,XL",5,Spring&Fall,https://p16-oec-eu-common-no.tiktokcdn-eu.com/tos-no1a-i-t5fjg24jzw-no/734c824121814d458a5caa49223cb5fb~tplv-t5fjg24jzw-resize-jpeg:1000:1000.image?,https://shop.tiktok.com/view/product/1729450444549557702?region=GB&locale=en,黄依婷,4.1
2026/8/23,GB,UK,高潜,1729605040746961221,S250808023452,YouAnnn,非SKM商家,标码女装,女士针织衫,开衫,标码女装+女士针织衫,"(5000,10000]",18.74,"(30,50]",66.67%,"(50%, 100%]","(0,10]",2025/8/12,376,非JIT商品,659,0,"Red,Blue,Khaki gray,Black",4,"M,S,L,XXL,XL",5,Spring&Fall,https://p16-oec-eu-common-no.tiktokcdn-eu.com/tos-no1a-i-t5fjg24jzw-no/5364541cd39245bea2da011c66e5b59d~tplv-t5fjg24jzw-resize-jpeg:1000:1000.image?,https://shop.tiktok.com/view/product/1729605040746961221?region=GB&locale=en,沈亦莎,4.7
2026/8/23,GB,UK,高潜,1729806401994856938,S260421033988,YYXIN CLOTHES,非SKM商家,标码女装,女士穆斯林服装,衬衣及女上衣,标码女装+女士穆斯林服装,"(0,100]",19.43,"(30,50]",237.50%,"(100%, 300%]","(0,10]",2026/4/23,122,JIT商品,0,379,Green,1,"L,M,S,XS,XL",5,All Seasons,https://p16-oec-eu-common-no.tiktokcdn-eu.com/tos-no1a-i-t5fjg24jzw-no/ab6a3734ffac4268b0d674896f8bb621~tplv-t5fjg24jzw-resize-jpeg:1000:1000.image?,https://shop.tiktok.com/view/product/1729806401994856938?region=GB&locale=en,王可心,4.5
2026/8/23,GB,UK,高潜,1729839571338304449,S260601030568,CSC Clothing Mall,非SKM商家,标码女装,女士穆斯林服装,连衣裙,标码女装+女士穆斯林服装,"(100,500]",35.5,"(30,50]",61.54%,"(50%, 100%]","(0,10]",2026/6/1,83,JIT商品,200,"1,879","Taro color,Burgundy,Light green,Black + Black Lace,Light wash,Black,White,Light pink,Dark brown",9,"S,XXL,L,M,XL",5,All Seasons,https://p16-oec-va.ibyteimg.com/tos-alisg-i-aphluv4xwc-sg/2da6255c669e482f9dab981a21b31f50~tplv-o3syd03w52-resize-jpeg:1000:1000.image?,https://shop.tiktok.com/view/product/1729839571338304449?region=GB&locale=en,徐熙雅,3.9
2026/8/23,GB,UK,高潜,1729877523114072500,S260721002904,Celesmeety,非SKM商家,标码女装,女士穆斯林服装,长袍,标码女装+女士穆斯林服装,"(100,500]",100.74,"(30,50]",122.22%,"(100%, 300%]","(0,10]",2026/7/24,30,JIT商品,87,61,"Black and gold,apricot gold,Burgundy,Orange",4,One-size,1,All Seasons,https://p16-oec-va.ibyteimg.com/tos-alisg-i-aphluv4xwc-sg/7299e13f1e0948deb476b780422a2971~tplv-o3syd03w52-resize-jpeg:1000:1000.image?,https://shop.tiktok.com/view/product/1729877523114072500?region=GB&locale=en,徐熙雅,4
2026/8/23,GB,UK,高潜,1729676282069555525,S251026033157,YouAnnn,非SKM商家,标码女装,女士针织衫,毛衣套头衫,标码女装+女士针织衫,"(1000,2000]",17.21,"(30,50]",83.33%,"(50%, 100%]","(0,10]",2025/10/30,297,非JIT商品,432,0,"Black,Red,Cream,Apricot,Army green,Brown",6,"L,M,XL,XXL,S",5,Fall&Winter,https://p16-oec-va.ibyteimg.com/tos-alisg-i-aphluv4xwc-sg/43fceb464d1c42ac98cc295866bfd04b~tplv-o3syd03w52-resize-jpeg:1000:1000.image?,https://shop.tiktok.com/view/product/1729676282069555525?region=GB&locale=en,沈亦莎,4.7
2026/8/23,GB,UK,高潜,1729798997853379070,S260414041110,Wangsiting clothes,非SKM商家,标码女装,女士穆斯林服装,衬衣及女上衣,标码女装+女士穆斯林服装,"(100,500]",23.93,"(30,50]",87.50%,"(50%, 100%]","(0,10]",2026/4/14,131,JIT商品,59,"1,754","Apricot,White,Pink,Blue",4,"S,XL,M,XS,L",5,All Seasons,https://p16-oec-eu-common-no.tiktokcdn-eu.com/tos-no1a-i-t5fjg24jzw-no/aa974b91ebf34283b174e1af9a11f579~tplv-t5fjg24jzw-resize-jpeg:1000:1000.image?,https://shop.tiktok.com/view/product/1729798997853379070?region=GB&locale=en,王瑶,4.3
2026/8/23,GB,UK,高潜,1729784758090046420,S260323044977,fashion iconn,非SKM商家,标码女装,女士针织衫,开衫,标码女装+女士针织衫,"(500,1000]",17.15,"(30,50]",100.00%,"(50%, 100%]","(0,10]",2026/4/6,139,非JIT商品,512,0,"Dark Brown and White Combination,Apricot Brown Mix,Pink and brown mix,Brown and beige color blocking",4,"XS,XXL,M,S,XL,L",6,Summer,https://p16-oec-va.ibyteimg.com/tos-alisg-i-aphluv4xwc-sg/6bf168682baa47e291ee15e2c612ab33~tplv-o3syd03w52-resize-jpeg:1000:1000.image?,https://shop.tiktok.com/view/product/1729784758090046420?region=GB&locale=en,王可心,4.6
2026/8/23,GB,UK,高潜,1729841287988222801,S260602016078,ruisusu Marketplace,非SKM商家,标码女装,女士穆斯林服装,服装套装,标码女装+女士穆斯林服装,"(100,500]",27.43,"(30,50]",144.44%,"(100%, 300%]","(0,10]",2026/6/17,67,非JIT商品,162,0,"Dark gray,Pink,White,Coffee brown,Khaki,Dark blue,Black,Army green,Gray",9,"M,XXL,XL,S,L",5,All Seasons,https://p16-oec-va.ibyteimg.com/tos-alisg-i-aphluv4xwc-sg/a0aca444093a4f04be6fd51206321daa~tplv-o3syd03w52-resize-jpeg:1000:1000.image?,https://shop.tiktok.com/view/product/1729841287988222801?region=GB&locale=en,徐熙雅,4.4
2026/8/23,GB,UK,高潜,1729509310733326731,S250428004631,CYOUNCE,非SKM商家,标码女装,女士套装及西服,短裤套装,标码女装+女士套装及西服,"(5000,10000]",17.43,"(30,50]",122.22%,"(100%, 300%]","(0,10]",2025/5/16,464,非JIT商品,301,0,"Pink,Blue,Yellow",3,"L,XL,M,XXL,S",5,Summer,https://p16-oec-eu-common-no.tiktokcdn-eu.com/tos-no1a-i-t5fjg24jzw-no/be16b1c6c0d14776a27b00c77800c6b7~tplv-t5fjg24jzw-resize-jpeg:1000:1000.image?,https://shop.tiktok.com/view/product/1729509310733326731?region=GB&locale=en,黄依婷,4.7
2026/8/23,GB,UK,高潜,1729886136608070650,S260803024209,Lira Maison,非SKM商家,标码女装,女士套装及西服,长裤套装,标码女装+女士套装及西服,"(0,100]",20.44,"(30,50]",285.71%,"(100%, 300%]","(0,10]",2026/8/14,9,非JIT商品,51,0,"Black,Navy blue,Burgundy",3,"L,S,M,XL",4,Spring&Fall,https://p16-oec-va.ibyteimg.com/tos-alisg-i-aphluv4xwc-sg/0f28689301034069a8a7cee8efa0b57b~tplv-o3syd03w52-resize-jpeg:1000:1000.image?,https://shop.tiktok.com/view/product/1729886136608070650?region=GB&locale=en,黄依婷,4.5
2026/8/23,GB,UK,高潜,1729792847349979462,S260406041263,Chic Luxe Fibers,非SKM商家,标码女装,女士下装,长裤,标码女装+女士下装,"(500,1000]",12.81,"(30,50]",63.64%,"(50%, 100%]","(0,10]",2026/4/14,131,非JIT商品,527,0,"Black,Fawn brown,White",3,"L,M,XXL,XL,S",5,Spring&Fall,https://p16-oec-eu-common-no.tiktokcdn-eu.com/tos-no1a-i-t5fjg24jzw-no/1b1389ba0fd745a2bc9e2d34a32ab6b7~tplv-t5fjg24jzw-resize-jpeg:1000:1000.image?,https://shop.tiktok.com/view/product/1729792847349979462?region=GB&locale=en,王瑶,4.4
2026/8/23,GB,UK,高潜,1729406426007899252,S240329008021,Kara Studio,非SKM商家,大码女装,女士上装,女士休闲夹克和外套,大码女装+女士上装,"(5000,10000]",9.33,"(30,50]",58.33%,"(50%, 100%]","(0,10]",2024/4/18,857,非JIT商品,272,0,"Mauve purple,Grey,Navy blue,Deep red,Turquoise blue,Hot pink,Black,Brown,Off white",9,"4XL,3XL,1XL,2XL",4,All Seasons,https://p16-oec-eu-common-no.tiktokcdn-eu.com/tos-no1a-i-t5fjg24jzw-no/a8bfae93c83148bfa35b0572ec3b4a54~tplv-t5fjg24jzw-resize-jpeg:1000:1000.image?,https://shop.tiktok.com/view/product/1729406426007899252?region=GB&locale=en,张宇,4.6
2026/8/23,GB,UK,高潜,1729790522701027939,S260402030493,HUIRUI SportWear,非SKM商家,标码女装,女士下装,长裤,标码女装+女士下装,"(100,500]",16.06,"(30,50]",58.33%,"(50%, 100%]","(0,10]",2026/4/2,143,JIT商品,14,"14,835","Multicolor10,Multicolor4,Multicolor2",3,"S,L,XL,XXL,M",5,Spring&Fall,https://p16-oec-eu-common-no.tiktokcdn-eu.com/tos-no1a-i-t5fjg24jzw-no/07eaeed463da4cc49ff7bc6e0cd55099~tplv-t5fjg24jzw-resize-jpeg:1000:1000.image?,https://shop.tiktok.com/view/product/1729790522701027939?region=GB&locale=en,王谍,4.2
2026/8/23,GB,UK,高潜,1729749304013527848,S260106044863,BaiAAA factory,非SKM商家,大码女装,女士上装,女士 T 恤,大码女装+女士上装,"(100,500]",7.86,"(30,50]",111.11%,"(100%, 300%]","(0,10]",2026/1/12,223,JIT商品,363,0,"Purple,Black,Dark gray,Apricot,Silver,Light green,Light wash,Mint green,Hot pink,Yellow,Pink,White,Army green,Red,Rust orange",15,"5XL,3XL,4XL,1XL,2XL",5,Summer,https://p16-oec-va.ibyteimg.com/tos-alisg-i-aphluv4xwc-sg/c7dfd3d1875d4e4cae71ff717c520c03~tplv-o3syd03w52-resize-jpeg:1000:1000.image?,https://shop.tiktok.com/view/product/1729749304013527848?region=GB&locale=en,张宇,4.3
2026/8/23,GB,UK,高潜,1729819464668846144,S260429024840,CHILL SKILL,非SKM商家,大码女装,女士下装,长裤,大码女装+女士下装,"(0,100]",15.52,"(30,50]",72.73%,"(50%, 100%]","(0,10]",2026/6/20,64,非JIT商品,314,0,"Dark gray,Dark wash,Black,Red",4,"5XL,4XL,1XL,3XL,2XL",5,Spring&Fall,https://p16-oec-va.ibyteimg.com/tos-alisg-i-aphluv4xwc-sg/25c17ce9ceb04f5193ddf3515a85313d~tplv-o3syd03w52-resize-jpeg:1000:1000.image?,https://shop.tiktok.com/view/product/1729819464668846144?region=GB&locale=en,郑川粤,4.7
2026/8/23,GB,UK,高潜,1729666036969347074,S251018021839,Low Price Fashion,非SKM商家,标码女装,女士针织衫,开衫,标码女装+女士针织衫,"(1000,2000]",23.56,"(30,50]",125.00%,"(100%, 300%]","(0,10]",2025/10/22,305,非JIT商品,170,0,"Black,Royal blue,Apricot,Khaki,Wine red",5,"L,M,S,XL,XXL",5,Spring&Fall,https://p16-oec-eu-common-no.tiktokcdn-eu.com/tos-no1a-i-t5fjg24jzw-no/31ec9b83f2ac496796e25a36993a7f0b~tplv-t5fjg24jzw-resize-jpeg:1000:1000.image?,https://shop.tiktok.com/view/product/1729666036969347074?region=GB&locale=en,沈亦莎,4.6
2026/8/23,GB,UK,高潜,1729451013767007395,S241229004356,Yz Sweaters,非SKM商家,标码女装,女士针织衫,毛衣套头衫,标码女装+女士针织衫,"(1000,2000]",15,"(30,50]",80.00%,"(50%, 100%]","(0,10]",2025/1/10,590,非JIT商品,204,0,"Black and white,Royal blue,Black",3,"S,XL,M,L",4,Spring&Fall,https://p16-oec-va.ibyteimg.com/tos-alisg-i-aphluv4xwc-sg/a8af6e74b77e40b4bb7228d613baaaec~tplv-o3syd03w52-resize-jpeg:1000:1000.image?,https://shop.tiktok.com/view/product/1729451013767007395?region=GB&locale=en,沈亦莎,4.9
2026/8/23,GB,UK,高潜,1729612967429774137,S250814012411,Posh Fleece,非SKM商家,标码女装,女士针织衫,开衫,标码女装+女士针织衫,"(5000,10000]",19.32,"(10,30]",380.00%,"(300%, 500%]","(0,10]",2025/8/19,369,非JIT商品,"1,275",0,"Brown,Dark gray,Black,Flame red,Dark green,Red,Cream,Khaki,Apricot,White,Green,Reddish brown",12,"L,S,M,XL",4,Fall&Winter,https://p16-oec-va.ibyteimg.com/tos-alisg-i-aphluv4xwc-sg/12f92c5e2f4b4da4ae9aed6fe5a8207d~tplv-o3syd03w52-resize-jpeg:1000:1000.image?,https://shop.tiktok.com/view/product/1729612967429774137?region=GB&locale=en,沈亦莎,4.5
2026/8/23,GB,UK,高潜,1729409837869599910,S240517006315,Agivvia,非SKM商家,标码女装,女士针织衫,毛织长裤套装,标码女装+女士针织衫,"(10000,+∞)",30.69,"(10,30]",70.00%,"(50%, 100%]","(0,10]",2024/5/29,816,非JIT商品,365,0,"Dark gray,Coffee brown,Off white,Burgundy,Army green,Orange,Khaki,Pink,Black,Navy blue",10,"XL,M,L,S",4,Fall&Winter,https://p16-oec-va.ibyteimg.com/tos-alisg-i-aphluv4xwc-sg/a0b3f3a04ab743f8ad8306809f4725dd~tplv-o3syd03w52-resize-jpeg:1000:1000.image?,https://shop.tiktok.com/view/product/1729409837869599910?region=GB&locale=en,王可心,3.5
2026/8/23,GB,UK,高潜,1729453924026715232,S250105003812,Luxury Leisure,非SKM商家,标码女装,女士套装及西服,长裤套装,标码女装+女士套装及西服,"(5000,10000]",14.39,"(10,30]",700.00%,"(500%, +∞)","(0,10]",2025/1/15,585,非JIT商品,"1,275",0,"Black,Navy blue,Hot pink,Blue,Burgundy,Dark gray,Coffee brown,Yellow,Dark green",9,"XXL,M,S,L,XL",5,Spring&Fall,https://p16-oec-eu-common-no.tiktokcdn-eu.com/tos-no1a-i-t5fjg24jzw-no/54917e358b7b4c0d9ac33415191f38d5~tplv-t5fjg24jzw-resize-jpeg:1000:1000.image?,https://shop.tiktok.com/view/product/1729453924026715232?region=GB&locale=en,刘雪莹,4.5
2026/8/23,GB,UK,高潜,1729774982937090209,S260306056341,Muse Plus,非SKM商家,大码女装,女士上装,女士 T 恤,大码女装+女士上装,"(500,1000]",12.59,"(10,30]",137.50%,"(100%, 300%]","(0,10]",2026/3/6,170,非JIT商品,562,0,"Orange,Hot pink,Geometric,Multi-color",4,"2XL,1XL,5XL,3XL,4XL,0XL",6,Spring&Fall,https://p16-oec-eu-common-no.tiktokcdn-eu.com/tos-no1a-i-t5fjg24jzw-no/c89458a515c348e29e875f3c43fba04b~tplv-t5fjg24jzw-resize-jpeg:1000:1000.image?,https://shop.tiktok.com/view/product/1729774982937090209?region=GB&locale=en,郑川粤,4.3
2026/8/23,GB,UK,高潜,1729421591942958588,S240704006317,Hi anan,非SKM商家,标码女装,女士针织衫,毛衣套头衫,标码女装+女士针织衫,"(10000,+∞)",17.36,"(10,30]",100.00%,"(50%, 100%]","(0,10]",2024/7/15,769,非JIT商品,358,0,"Reed green,Curry,Deep red,Apricot,Black,Navy blue",6,"S,L,XL,M",4,Fall&Winter,https://p16-oec-eu-common-no.tiktokcdn-eu.com/tos-no1a-i-t5fjg24jzw-no/c2a7a7cf2f1d4311a5ee2b6a2f12ad46~tplv-t5fjg24jzw-resize-jpeg:1000:1000.image?,https://shop.tiktok.com/view/product/1729421591942958588?region=GB&locale=en,沈亦莎,4.9
2026/8/23,GB,UK,高潜,1729890034965715380,S260807000978,Celesmeety,非SKM商家,标码女装,女士穆斯林服装,长袍,标码女装+女士穆斯林服装,"(0,100]",81.52,"(10,30]",77.78%,"(50%, 100%]","(0,10]",2026/8/11,12,JIT商品,0,265,"Black Gold,Silver,Light blue,Pink,Black/Silver",5,One-size,1,All Seasons,https://p16-oec-va.ibyteimg.com/tos-alisg-i-aphluv4xwc-sg/984da34c961c41d395d0efdecd3b0d10~tplv-o3syd03w52-resize-jpeg:1000:1000.image?,https://shop.tiktok.com/view/product/1729890034965715380?region=GB&locale=en,徐熙雅,4
2026/8/23,GB,UK,高潜,1729735536701315405,S251223044292,Follome,非SKM商家,标码女装,女士下装,长裤,标码女装+女士下装,"(500,1000]",17.35,"(10,30]",111.11%,"(100%, 300%]","(0,10]",2026/1/1,234,非JIT商品,95,0,"Black,Brown,Navy blue",3,"M,L,S,XL",4,Spring&Fall,https://p16-oec-eu-common-no.tiktokcdn-eu.com/tos-no1a-i-t5fjg24jzw-no/b17e959348e34666ae2f1b9fa71b18b6~tplv-t5fjg24jzw-resize-jpeg:1000:1000.image?,https://shop.tiktok.com/view/product/1729735536701315405?region=GB&locale=en,张健,4.6
2026/8/23,GB,UK,高潜,1729429367562800410,S241007000270,LILYTREE,非SKM商家,标码女装,女士针织衫,开衫,标码女装+女士针织衫,"(5000,10000]",26.39,"(10,30]",283.33%,"(100%, 300%]","(0,10]",2024/12/23,608,非JIT商品,230,0,"Off white,Mint green,Blue,Black,Coffee brown,Pink,Khaki,Lime red",8,"S,XL,L,M",4,Fall&Winter,https://p16-oec-eu-common-no.tiktokcdn-eu.com/tos-no1a-i-t5fjg24jzw-no/f6bcd78e3c3f463d9561c3326180cbde~tplv-t5fjg24jzw-resize-jpeg:1000:1000.image?,https://shop.tiktok.com/view/product/1729429367562800410?region=GB&locale=en,沈亦莎,4.5
2026/8/23,GB,UK,高潜,1729401352683097165,S230918007197,YarnPop,非SKM商家,标码女装,女士针织衫,开衫,标码女装+女士针织衫,"(10000,+∞)",15.54,"(10,30]",250.00%,"(100%, 300%]","(0,10]",2023/9/30,"1,058",非JIT商品,337,0,"Gray*1 pc+White*1 pc,Dark Brown*1 pc+Navy Blue*1 pc,Navy blue,Brown*1 pc+Yellow*1 pc,Dark brown,Yellow,Off white,Grey,Black*1 pc+Red*1 pc,Black,Turquoise green,Champagne,Deep red,Beige,Brown*1 pc+Red*1 pc,Apricot*1 pc+Emerald Green*1 pc,Brown,Dusty blue,Burgundy,Purple,Navy Blue*1 pc+Brown*1 pc",21,"S,L,M,XL",4,Spring&Fall,https://p16-oec-eu-common-no.tiktokcdn-eu.com/tos-no1a-i-t5fjg24jzw-no/eec2e0f2631541e6be95522f18861334~tplv-t5fjg24jzw-resize-jpeg:1000:1000.image?,https://shop.tiktok.com/view/product/1729401352683097165?region=GB&locale=en,王可心,4.5
2026/8/23,GB,UK,高潜,1729862019048512449,S260627023809,Modest Abayas,非SKM商家,标码女装,女士穆斯林服装,连衣裙,标码女装+女士穆斯林服装,"(100,500]",27.3,"(10,30]",100.00%,"(50%, 100%]","(0,10]",2026/6/27,57,JIT商品,0,"1,778","Dark blue,Coffee brown,Black,Burgundy,Khaki",5,"L,M,XL,S",4,All Seasons,https://p16-oec-va.ibyteimg.com/tos-alisg-i-aphluv4xwc-sg/433465815a52449e86db9e39ca27eb29~tplv-o3syd03w52-resize-jpeg:1000:1000.image?,https://shop.tiktok.com/view/product/1729862019048512449?region=GB&locale=en,徐熙雅,4.5
2026/8/23,GB,UK,高潜,1729799393495324675,S260415011605,Eyvonne,非SKM商家,标码女装,女士套装及西服,长裤套装,标码女装+女士套装及西服,"(500,1000]",18.32,"(10,30]",55.56%,"(50%, 100%]","(0,10]",2026/4/15,130,非JIT商品,130,0,"Blue,Dusty blue,Khaki",3,"XL,XXL,M,L,S",5,Spring&Fall,https://p16-oec-eu-common-no.tiktokcdn-eu.com/tos-no1a-i-t5fjg24jzw-no/c20db92bd42c4bfbb1599ce41f1d709f~tplv-t5fjg24jzw-resize-jpeg:1000:1000.image?,https://shop.tiktok.com/view/product/1729799393495324675?region=GB&locale=en,刘雪莹,4.7
2026/8/23,GB,UK,高潜,1729886026194065569,S260731024176,Muse Plus,非SKM商家,大码女装,女士针织衫,毛衣开衫,大码女装+女士针织衫,"(0,100]",20.04,"(10,30]",87.50%,"(50%, 100%]","(0,10]",2026/8/3,20,JIT商品,0,394,"Black,Khaki,Dark violet,Army green,Wine red",5,"3XL,1XL,2XL,0XL,4XL",5,Spring&Fall,https://p16-oec-va.ibyteimg.com/tos-alisg-i-aphluv4xwc-sg/6ff84eff642e4959a6185b0bcf192ab5~tplv-o3syd03w52-resize-jpeg:1000:1000.image?,https://shop.tiktok.com/view/product/1729886026194065569?region=GB&locale=en,郑川粤,4.3
2026/8/23,GB,UK,高潜,1729753935225723197,S260118055854,LumosModesty,非SKM商家,标码女装,女士穆斯林服装,服装套装,标码女装+女士穆斯林服装,"(500,1000]",23.04,"(10,30]",114.29%,"(100%, 300%]","(0,10]",2026/1/21,214,非JIT商品,185,0,"Navy blue,Fawn brown,Black,Burgundy,Dark brown",5,"XL,XXL,L,M,S",5,All Seasons,https://p16-oec-eu-common-no.tiktokcdn-eu.com/tos-no1a-i-t5fjg24jzw-no/5d0055f411c84d53be48e8c4efcdf214~tplv-t5fjg24jzw-resize-jpeg:1000:1000.image?,https://shop.tiktok.com/view/product/1729753935225723197?region=GB&locale=en,徐熙雅,4.4
2026/8/23,GB,UK,高潜,1729829477207218573,S260515010745,Rusttydustty Curve,非SKM商家,大码女装,女士连衣裙,休闲连衣裙,大码女装+女士连衣裙,"(0,100]",20.98,"(10,30]",150.00%,"(100%, 300%]","(0,10]",2026/6/3,81,非JIT商品,151,0,"Navy blue,Black and white,Army green",3,"1XL,2XL,0XL,4XL,3XL",5,Spring&Fall,https://p16-oec-va.ibyteimg.com/tos-alisg-i-aphluv4xwc-sg/882076b367d5439b8fb6c6adf21caad2~tplv-o3syd03w52-resize-jpeg:1000:1000.image?,https://shop.tiktok.com/view/product/1729829477207218573?region=GB&locale=en,张宇,4.5
2026/8/23,GB,UK,高潜,1729836469328386927,S260526030088,Fourfo,非SKM商家,标码女装,女士下装,长裤,标码女装+女士下装,"(100,500]",13.23,"(10,30]",55.56%,"(50%, 100%]","(0,10]",2026/5/31,84,非JIT商品,"1,440",0,"Brown,Black,Gray,Light green",4,"S,L,M",3,Spring&Fall,https://p16-oec-va.ibyteimg.com/tos-alisg-i-aphluv4xwc-sg/0d37a5df195a444d95bcd15b3f913d8d~tplv-o3syd03w52-resize-jpeg:1000:1000.image?,https://shop.tiktok.com/view/product/1729836469328386927?region=GB&locale=en,王瑶,4.5
2026/8/23,GB,UK,高潜,1729868937354451454,S260706036676,Wting clothes,非SKM商家,标码女装,女士穆斯林服装,衬衣及女上衣,标码女装+女士穆斯林服装,"(0,100]",21.6,"(10,30]",77.78%,"(50%, 100%]","(0,10]",2026/7/8,46,JIT商品,122,485,"Gray,Navy blue,Dark wash",3,"S,XS,M,XL,L",5,All Seasons,https://p16-oec-va.ibyteimg.com/tos-alisg-i-aphluv4xwc-sg/744c464aa35b4a77ae80688c3110358f~tplv-o3syd03w52-resize-jpeg:1000:1000.image?,https://shop.tiktok.com/view/product/1729868937354451454?region=GB&locale=en,王瑶,4.4
2026/8/23,GB,UK,高潜,1729565986593872068,S250702015988,FACIO Direct,非SKM商家,标码女装,女士针织衫,开衫,标码女装+女士针织衫,"(1000,2000]",22.49,"(10,30]",200.00%,"(100%, 300%]","(0,10]",2025/7/6,413,JIT商品,604,0,"Burgundy,Yellow,Brown,Green,Black,Navy blue,Champagne,Apricot,Dark gray,Army green,Sky blue,Deep pink,Medium wash,Jet black,Baby pink",15,"S,M,XS,L",4,Spring&Fall,https://p16-oec-va.ibyteimg.com/tos-alisg-i-aphluv4xwc-sg/bceba5ec845547efb825c477db1b5ea7~tplv-o3syd03w52-resize-jpeg:1000:1000.image?,https://shop.tiktok.com/view/product/1729565986593872068?region=GB&locale=en,沈亦莎,4.8
2026/8/23,GB,UK,高潜,1729782414911903759,S260318069000,CNGBCB927LKJ,非SKM商家,标码女装,女士下装,长裤,标码女装+女士下装,"(100,500]",13.73,"(10,30]",88.89%,"(50%, 100%]","(0,10]",2026/3/19,157,非JIT商品,32,0,Black,1,"XS,M,S,L,XXL,XL",6,Spring&Fall,https://p16-oec-eu-common-no.tiktokcdn-eu.com/tos-no1a-i-t5fjg24jzw-no/e9c674fb644b45a58f22c876366e5bf0~tplv-t5fjg24jzw-resize-jpeg:1000:1000.image?,https://shop.tiktok.com/view/product/1729782414911903759?region=GB&locale=en,张健,4.1
2026/8/23,GB,UK,高潜,1729649913330440388,S250930040752,FACIO Direct,非SKM商家,标码女装,女士针织衫,毛衣套头衫,标码女装+女士针织衫,"(500,1000]",25.31,"(10,30]",320.00%,"(300%, 500%]","(0,10]",2025/10/4,323,非JIT商品,86,0,"Black,Red,Green,Navy blue,Gray",5,"XL,S,M,L",4,Spring&Fall,https://p16-oec-va.ibyteimg.com/tos-alisg-i-aphluv4xwc-sg/e071569e33f04a898124bfea8a5d22f6~tplv-o3syd03w52-resize-jpeg:1000:1000.image?,https://shop.tiktok.com/view/product/1729649913330440388?region=GB&locale=en,沈亦莎,4.8
2026/8/23,GB,UK,高潜,1729431101739928624,S241016010338,Eastoon Stars,非SKM商家,标码女装,女士针织衫,毛衣连衣裙,标码女装+女士针织衫,"(5000,10000]",18.04,"(10,30]",77.78%,"(50%, 100%]","(0,10]",2024/10/27,665,非JIT商品,142,0,"Dark gray,Black,Pebble lime,Dark beige",4,"XL,M,S,XS,L",5,Fall&Winter,https://p16-oec-eu-common-no.tiktokcdn-eu.com/tos-no1a-i-t5fjg24jzw-no/1095a03f1c344b8d87d0db10eb47bb02~tplv-t5fjg24jzw-resize-jpeg:1000:1000.image?,https://shop.tiktok.com/view/product/1729431101739928624?region=GB&locale=en,王谍,3.7
2026/8/23,GB,UK,高潜,1729540192004971004,S250609009851,Hi anan,非SKM商家,标码女装,女士针织衫,毛衣套头衫,标码女装+女士针织衫,"(2000,5000]",15.7,"(10,30]",2400.00%,"(500%, +∞)","(0,10]",2025/6/14,435,非JIT商品,45,0,"Pale green,Khaki,Clay brown,Gray",4,"S,L,M,XL",4,Spring&Fall,https://p16-oec-va.ibyteimg.com/tos-alisg-i-aphluv4xwc-sg/f529891f9b5f43e08e191ccf29c6d5ef~tplv-o3syd03w52-resize-jpeg:1000:1000.image?,https://shop.tiktok.com/view/product/1729540192004971004?region=GB&locale=en,沈亦莎,4.9
2026/8/23,GB,UK,高潜,1729406662864768343,S240411001047,FOXCLAW Curve,非SKM商家,大码女装,女士上装,女士背心&吊带衫,大码女装+女士上装,"(2000,5000]",9.95,"(10,30]",375.00%,"(300%, 500%]","(0,10]",2024/4/23,852,非JIT商品,591,0,"Burgundy,Pink,Hot pink,Mint green,Clay brown,Brown,Blue,Black,Army green,Khaki,Bright orange,Emerald green,Grey,Off white,Black and white,Lime yellow",16,"4XL,1XL,3XL,5XL,2XL",5,Summer,https://p16-oec-eu-common-no.tiktokcdn-eu.com/tos-no1a-i-t5fjg24jzw-no/0b1b3e1ea6ca480c989d37242a14ab97~tplv-t5fjg24jzw-resize-jpeg:1000:1000.image?,https://shop.tiktok.com/view/product/1729406662864768343?region=GB&locale=en,郑川粤,4.2
2026/8/23,GB,UK,高潜,1729427669857897797,S240904006922,YouAnnn,非SKM商家,标码女装,女士针织衫,毛衣套头衫,标码女装+女士针织衫,"(10000,+∞)",14.31,"(10,30]",142.86%,"(100%, 300%]","(0,10]",2024/9/19,703,非JIT商品,"1,041",0,"Off white,Black,Beige,Medium wash,Purple,Dark green,Grey,Blue,Hot pink,Pink,Burgundy,Brown,Dark brown,Green,Lime yellow,Light blue,Apricot",17,"M,XL,XXL,S,L",5,Spring&Fall,https://p16-oec-eu-common-no.tiktokcdn-eu.com/tos-no1a-i-t5fjg24jzw-no/77764b9be97d4e4ea0c6bb52275675a1~tplv-t5fjg24jzw-resize-jpeg:1000:1000.image?,https://shop.tiktok.com/view/product/1729427669857897797?region=GB&locale=en,沈亦莎,4.7
2026/8/23,GB,UK,高潜,1729448854687092258,S241220009569,Meiduo Joy,非SKM商家,标码女装,女士针织衫,毛衣套头衫,标码女装+女士针织衫,"(10000,+∞)",13.55,"(10,30]",62.50%,"(50%, 100%]","(0,10]",2025/1/1,599,非JIT商品,"1,552",0,"Salmon pink,Green,Off white,Khaki,Orange,Sky blue,Yellow,Light blue,Light green,Mint green,Black,Pink",12,"XXL,XL,L,M,S",5,Spring&Fall,https://p16-oec-va.ibyteimg.com/tos-alisg-i-aphluv4xwc-sg/91022997d94e4d43b2f33116548bc2eb~tplv-o3syd03w52-resize-jpeg:1000:1000.image?,https://shop.tiktok.com/view/product/1729448854687092258?region=GB&locale=en,沈亦莎,4
2026/8/23,GB,UK,高潜,1729428645723672401,S240922001573,Shiny Girl VIP,非SKM商家,标码女装,女士下装,长裤,标码女装+女士下装,"(2000,5000]",16.98,"(10,30]",100.00%,"(50%, 100%]","(0,10]",2024/10/2,690,非JIT商品,38,0,"Apricot,Dark gray,Navy blue,Black,Khaki,Army green",6,"S,XS,XL,L,M",5,Spring&Fall,https://p16-oec-eu-common-no.tiktokcdn-eu.com/tos-no1a-i-t5fjg24jzw-no/2835e53fb336420881d4dc79e3da27ae~tplv-t5fjg24jzw-resize-jpeg:1000:1000.image?,https://shop.tiktok.com/view/product/1729428645723672401?region=GB&locale=en,张健,4.7
2026/8/23,GB,UK,高潜,1729729349618079975,S251215059720,NovaMode.,非SKM商家,标码女装,女士下装,长裤,标码女装+女士下装,"(500,1000]",19.99,"(10,30]",66.67%,"(50%, 100%]","(0,10]",2025/12/18,248,非JIT商品,129,0,"Black,Dark brown,Apricot",3,"XL,S,XS,M,L",5,Spring&Fall,https://p16-oec-eu-common-no.tiktokcdn-eu.com/tos-no1a-i-t5fjg24jzw-no/32b4e4593a91419cb6df5122098b9dc9~tplv-t5fjg24jzw-resize-jpeg:1000:1000.image?,https://shop.tiktok.com/view/product/1729729349618079975?region=GB&locale=en,王谍,4.7
2026/8/23,GB,UK,高潜,1729508342379027130,S250511000730,MIXIFashion,非SKM商家,标码女装,女士下装,长裤,标码女装+女士下装,"(2000,5000]",11.16,"(10,30]",100.00%,"(50%, 100%]","(10,30]",2025/5/15,465,JIT商品,"1,310",0,"Multicolor2,Off white,Mint green,Black,Orange,Multiple colors,Khaki,Multicolor3,Multicolor,Colorful",10,"XXL,S,M,L,XL",5,Spring&Fall,https://p16-oec-va.ibyteimg.com/tos-alisg-i-aphluv4xwc-sg/64c3fb12e1d4443b81302f122c025878~tplv-o3syd03w52-resize-jpeg:1000:1000.image?,https://shop.tiktok.com/view/product/1729508342379027130?region=GB&locale=en,黄依婷,4.6
2026/8/23,GB,UK,高潜,1729883222504479228,S260728021822,Hi anan,非SKM商家,标码女装,女士针织衫,毛衣套头衫,标码女装+女士针织衫,"(0,100]",13.6,"(10,30]",400.00%,"(300%, 500%]","(0,10]",2026/8/1,22,非JIT商品,71,0,White,1,"L,XL,S,M",4,Spring&Fall,https://p16-oec-va.ibyteimg.com/tos-alisg-i-aphluv4xwc-sg/2f4eb63ea33a42409bc619d7b797f1c0~tplv-o3syd03w52-resize-jpeg:1000:1000.image?,https://shop.tiktok.com/view/product/1729883222504479228?region=GB&locale=en,沈亦莎,4.9
2026/8/23,GB,UK,高潜,1729568681962609412,S250705012887,SML Sweaters,非SKM商家,标码女装,女士针织衫,开衫,标码女装+女士针织衫,"(500,1000]",17.33,"(10,30]",220.00%,"(100%, 300%]","(0,10]",2025/7/9,410,非JIT商品,237,0,"Gray,Pink,Brown",3,"S,XL,M,L",4,Fall&Winter,https://p16-oec-eu-common-no.tiktokcdn-eu.com/tos-no1a-i-t5fjg24jzw-no/5e7ba6d2e38c4b248635a620be37896b~tplv-t5fjg24jzw-resize-jpeg:1000:1000.image?,https://shop.tiktok.com/view/product/1729568681962609412?region=GB&locale=en,王可心,3.9
2026/8/23,GB,UK,高潜,1729653300098144329,S250922008951,Dragons Kaoru,非SKM商家,大码女装,女士上装,女士套头卫衣,大码女装+女士上装,"(1000,2000]",16.84,"(10,30]",200.00%,"(100%, 300%]","(0,10]",2025/10/5,322,非JIT商品,173,0,"Dark brown,Pink,Gray",3,"0XL,4XL,2XL,1XL,3XL",5,Spring&Fall,https://p16-oec-eu-common-no.tiktokcdn-eu.com/tos-no1a-i-t5fjg24jzw-no/bc910a38726347f284d514888d94f6ae~tplv-t5fjg24jzw-resize-jpeg:1000:1000.image?,https://shop.tiktok.com/view/product/1729653300098144329?region=GB&locale=en,张宇,4.3
2026/8/23,GB,UK,高潜,1729797862963059668,S260413034643,fashion iconn,非SKM商家,标码女装,女士针织衫,毛衣套头衫,标码女装+女士针织衫,"(100,500]",8.83,"(10,30]",55.56%,"(50%, 100%]","(0,10]",2026/4/28,117,非JIT商品,76,0,"Lan Brown color-block design,Apricot Brown Colorblock,Black and white color block,Pink and brown colorblock design",4,"M,S,L,XL,XXL",5,Spring&Fall,https://p16-oec-va.ibyteimg.com/tos-alisg-i-aphluv4xwc-sg/08df5b441d6d41f8b104ed30da55d93d~tplv-o3syd03w52-resize-jpeg:1000:1000.image?,https://shop.tiktok.com/view/product/1729797862963059668?region=GB&locale=en,王可心,4.6
2026/8/23,GB,UK,高潜,1729468874673785902,S250210000993,Tuo Go,非SKM商家,标码女装,女士下装,半身裙,标码女装+女士下装,"(2000,5000]",17.54,"(10,30]",62.50%,"(50%, 100%]","(0,10]",2025/3/12,529,JIT商品,"2,477","5,454","Burgundy,Silver,Army green,Lilac,Khaki,Black,Blue,Light wash,Yellow,Royal blue,Deep red,Mint green,Jet black,Green,Bright yellow,Navy blue,Rust orange,Baby pink,Purple",19,"M,L,S,XL",4,Summer,https://p16-oec-va.ibyteimg.com/tos-alisg-i-aphluv4xwc-sg/eba8ab3438be4c339c56f2a784ba1544~tplv-o3syd03w52-resize-jpeg:1000:1000.image?,https://shop.tiktok.com/view/product/1729468874673785902?region=GB&locale=en,王瑶,4.7
2026/8/23,GB,UK,高潜,1729585096156289070,S250626013387,Tuo Go,非SKM商家,大码女装,女士下装,半身裙,大码女装+女士下装,"(2000,5000]",10.91,"(10,30]",57.14%,"(50%, 100%]","(0,10]",2025/7/24,395,JIT商品,522,"8,416","Sky blue,Red,Wine red,Powder foundation,Black,Royal blue,Bright orange,Purple,Pure black,Khaki,Army green,Deep Blue,Turquoise",13,"1XL,4XL,2XL,3XL",4,Fall&Winter,https://p16-oec-eu-common-no.tiktokcdn-eu.com/tos-no1a-i-t5fjg24jzw-no/dbb14f141bf04d0685667ebd8cad0846~tplv-t5fjg24jzw-resize-jpeg:1000:1000.image?,https://shop.tiktok.com/view/product/1729585096156289070?region=GB&locale=en,王瑶,4.7
2026/8/23,GB,UK,高潜,1729852934522247229,S260613004947,Modish Moo,非SKM商家,大码女装,牛仔,牛仔连衣裙,大码女装+牛仔,"(100,500]",32.97,"(10,30]",100.00%,"(50%, 100%]","(0,10]",2026/6/13,71,JIT商品,215,86,"Blue,Dark wash,Light wash",3,"2XL,1XL,0XL,3XL,4XL",5,Spring&Fall,https://p16-oec-va.ibyteimg.com/tos-alisg-i-aphluv4xwc-sg/b929c0964864429f9c04c56835645835~tplv-o3syd03w52-resize-jpeg:1000:1000.image?,https://shop.tiktok.com/view/product/1729852934522247229?region=GB&locale=en,郑川粤,4.5
2026/8/23,GB,UK,高潜,1729794281510247154,S260408047661,ZANZEAFASHION,非SKM商家,标码女装,女士套装及西服,半裙套装,标码女装+女士套装及西服,"(100,500]",18.89,"(10,30]",225.00%,"(100%, 300%]","(0,10]",2026/4/11,134,非JIT商品,159,0,"Khaki,Navy blue,Pink",3,"M,XXL,L,XL,S",5,All Seasons,https://p16-oec-eu-common-no.tiktokcdn-eu.com/tos-no1a-i-t5fjg24jzw-no/dc277397869846988a952cce6f9a912f~tplv-t5fjg24jzw-resize-jpeg:1000:1000.image?,https://shop.tiktok.com/view/product/1729794281510247154?region=GB&locale=en,游宇航,3.1
2026/8/23,GB,UK,高潜,1729650022321854551,S250930041995,Novelife,非SKM商家,标码女装,女士下装,半身裙,标码女装+女士下装,"(10000,+∞)",13.06,"(10,30]",75.00%,"(50%, 100%]","(0,10]",2025/10/15,312,非JIT商品,752,0,"White,Khaki,Dark brown,Pink,Baby pink,Brown,Black,Red,Navy blue",9,"XS,L,S,XL,M",5,Summer,https://p16-oec-eu-common-no.tiktokcdn-eu.com/tos-no1a-i-t5fjg24jzw-no/7a33cc2d508b4d7181495e9f36f15255~tplv-t5fjg24jzw-resize-jpeg:1000:1000.image?,https://shop.tiktok.com/view/product/1729650022321854551?region=GB&locale=en,黄依婷,4.5
2026/8/23,GB,UK,高潜,1729843089260517669,S260605031209,nice clothes,非SKM商家,标码女装,女士套装及西服,长裤套装,标码女装+女士套装及西服,"(100,500]",15.22,"(10,30]",350.00%,"(300%, 500%]","(0,10]",2026/6/19,65,非JIT商品,101,0,"Army green,Dark gray,Black,Coral red,Apricot",5,"M,XL,L,S",4,Spring&Fall,https://p16-oec-va.ibyteimg.com/tos-maliva-i-o3syd03w52-us/6f0a6677748b45b8b25e19432173c803~tplv-o3syd03w52-resize-jpeg:1000:1000.image?,https://shop.tiktok.com/view/product/1729843089260517669?region=GB&locale=en,刘雪莹,4.5
2026/8/23,GB,UK,高潜,1729881376676813224,S260726012651,YMW,非SKM商家,标码女装,女士套装及西服,长裤套装,标码女装+女士套装及西服,"(0,100]",18.06,"(10,30]",114.29%,"(100%, 300%]","(0,10]",2026/8/6,17,JIT商品,95,78,"Green,Black,White,Red",4,"XL,M,L,S,XXL",5,All Seasons,https://p16-oec-va.ibyteimg.com/tos-alisg-i-aphluv4xwc-sg/3ef72d92fa984f789191e10bb0f69ec6~tplv-o3syd03w52-resize-jpeg:1000:1000.image?,https://shop.tiktok.com/view/product/1729881376676813224?region=GB&locale=en,黄依婷,4.1
2026/8/23,GB,UK,高潜,1729602063152945883,S250805014345,Curvelady,非SKM商家,大码女装,女士针织衫,毛衣套头衫,大码女装+女士针织衫,"(2000,5000]",14.31,"(10,30]",750.00%,"(500%, +∞)","(10,30]",2025/8/9,379,非JIT商品,280,0,"Apricot,White,Mauve purple,Curry,Khaki,Light wash,Pink,Gray,Burgundy,Coffee brown,Brown,Sky blue,Black,Navy blue,Cream",15,"2XL,1XL,3XL",3,Fall&Winter,https://p16-oec-eu-common-no.tiktokcdn-eu.com/tos-no1a-i-t5fjg24jzw-no/90866f99d6024737bb4b9afddfbcc7e2~tplv-t5fjg24jzw-resize-jpeg:1000:1000.image?,https://shop.tiktok.com/view/product/1729602063152945883?region=GB&locale=en,张宇,4.5
2026/8/23,GB,UK,高潜,1729779548258933716,S260313074295,fashion iconn,非SKM商家,标码女装,女士针织衫,毛衣套头衫,标码女装+女士针织衫,"(500,1000]",18.54,"(10,30]",85.71%,"(50%, 100%]","(0,10]",2026/3/23,153,非JIT商品,165,0,"Yellow and white color-block design,Orange and white color-block design,Black and white,Khaki Black Colorblock",4,"XL,M,XXL,XS,L,S",6,Spring&Fall,https://p16-oec-va.ibyteimg.com/tos-alisg-i-aphluv4xwc-sg/b4d6a40a45b64ef683637c1b9b8c96be~tplv-o3syd03w52-resize-jpeg:1000:1000.image?,https://shop.tiktok.com/view/product/1729779548258933716?region=GB&locale=en,王可心,4.6
2026/8/23,GB,UK,高潜,1729444596231147418,S241218007311,Pretty girl520,非SKM商家,标码女装,女士下装,半身裙,标码女装+女士下装,"(10000,+∞)",11.09,"(10,30]",200.00%,"(100%, 300%]","(0,10]",2024/12/23,608,非JIT商品,59,0,"Wine red,Black,Jet black,Burgundy,Grey",5,"S,XS,M,L",4,Fall&Winter,https://p16-oec-eu-common-no.tiktokcdn-eu.com/tos-no1a-i-t5fjg24jzw-no/bd8355862583425f988a7cbcbb6120ea~tplv-t5fjg24jzw-resize-jpeg:1000:1000.image?,https://shop.tiktok.com/view/product/1729444596231147418?region=GB&locale=en,张健,4.5
2026/8/23,GB,UK,高潜,1729796691660020121,S260411036994,Bargain Chic,非SKM商家,大码女装,女士下装,长裤,大码女装+女士下装,"(1000,2000]",13.74,"(10,30]",116.67%,"(100%, 300%]","(0,10]",2026/4/11,134,JIT商品,106,"4,315","Black,Red,Pink,White,Army green,Navy blue,Bright orange,Purple,Apricot,Silver,Mint green,Sky blue,Khaki",13,"2XL,4XL,1XL,5XL,3XL",5,Spring&Fall,https://p16-oec-eu-common-no.tiktokcdn-eu.com/tos-no1a-i-t5fjg24jzw-no/1516a26d820b4020b0602aa787cb2732~tplv-t5fjg24jzw-resize-jpeg:1000:1000.image?,https://shop.tiktok.com/view/product/1729796691660020121?region=GB&locale=en,郑川粤,4.5
2026/8/23,GB,UK,高潜,1729532872640404468,S250605013608,Nice Clothing stores,非SKM商家,标码女装,女士穆斯林服装,连衣裙,标码女装+女士穆斯林服装,"(5000,10000]",24.34,"(10,30]",140.00%,"(100%, 300%]","(0,10]",2025/6/9,440,非JIT商品,169,0,"Pale green,Cream,Ocean blue,Light green,Pink,Light blue,Camel",7,"L,XL,M,XXL,S",5,All Seasons,https://p16-oec-eu-common-no.tiktokcdn-eu.com/tos-no1a-i-t5fjg24jzw-no/265a3aafc5f7479b8b18b7bafc0395fc~tplv-t5fjg24jzw-resize-jpeg:1000:1000.image?,https://shop.tiktok.com/view/product/1729532872640404468?region=GB&locale=en,徐熙雅,4.3
2026/8/23,GB,UK,高潜,1729427797411400926,S240908007835,Chic NNeed,非SKM商家,大码女装,女士上装,女士背心&吊带衫,大码女装+女士上装,"(2000,5000]",14,"(10,30]",133.33%,"(100%, 300%]","(0,10]",2024/9/21,701,非JIT商品,"1,782",0,"Multicolor3,Multicolor4,Multicolor2,Multicolor6,Multicolor1,Multicolor8,Multicolor12,Multicolor9,Multicolor11,Multicolor7,Multicolor10",11,"2XL,0XL,4XL,1XL,3XL",5,Summer,https://p16-oec-eu-common-no.tiktokcdn-eu.com/tos-no1a-i-t5fjg24jzw-no/f9a66419190549ca8ffff32ca38add42~tplv-t5fjg24jzw-resize-jpeg:1000:1000.image?,https://shop.tiktok.com/view/product/1729427797411400926?region=GB&locale=en,郑川粤,4.5
2026/8/23,GB,UK,高潜,1729819862608747228,S260505016765,flux hoodies,非SKM商家,标码女装,女士套装及西服,长裤套装,标码女装+女士套装及西服,"(100,500]",18.62,"(10,30]",133.33%,"(100%, 300%]","(0,10]",2026/5/8,107,JIT商品,0,"3,062","White,Baby pink,Dark brown,Black",4,"XL,S,M,L",4,Spring&Fall,https://p16-oec-va.ibyteimg.com/tos-alisg-i-aphluv4xwc-sg/3405012e9f064cb19ca90fb38db656a5~tplv-o3syd03w52-resize-jpeg:1000:1000.image?,https://shop.tiktok.com/view/product/1729819862608747228?region=GB&locale=en,刘雪莹,4.6
2026/8/23,GB,UK,高潜,1729453614253706522,S250106008094,LILYTREE,非SKM商家,标码女装,女士针织衫,毛衣套头衫,标码女装+女士针织衫,"(500,1000]",21.8,"(10,30]",180.00%,"(100%, 300%]","(0,10]",2025/1/14,586,非JIT商品,163,0,"Black,Off white",2,"L,XL,S,M",4,Spring&Fall,https://p16-oec-eu-common-no.tiktokcdn-eu.com/tos-no1a-i-t5fjg24jzw-no/7c97556e3e3c49198e082786a328b302~tplv-t5fjg24jzw-resize-jpeg:1000:1000.image?,https://shop.tiktok.com/view/product/1729453614253706522?region=GB&locale=en,沈亦莎,4.5
2026/8/23,US,US,高潜,1729574286386172412,S240723005001,Hi anan,非SKM商家,标码女装,女士针织衫,开衫,标码女装+女士针织衫,"(5000,10000]",16.25,"(50,100]",81.82%,"(50%, 100%]","(10,30]",2024/8/5,748,非JIT商品,129,0,"Grey,Black,Off white,Pastel blue,Pale green",5,"M,S,XL,L,XXL",5,Spring&Fall,https://p16-oec-va.ibyteimg.com/tos-maliva-i-o3syd03w52-us/8816af14297f4d4280321cd053a7a19b~tplv-o3syd03w52-resize-jpeg:1000:1000.image?,https://shop.tiktok.com/view/product/1729574286386172412?region=US&locale=en,沈亦莎,4.4
2026/8/23,US,US,高潜,1732396813348868311,S260513033543,YUNJINJ,非SKM商家,大码女装,女士连衣裙,休闲连衣裙,大码女装+女士连衣裙,"(100,500]",7.45,"(50,100]",507.14%,"(500%, +∞)","(10,30]",2026/5/13,102,JIT商品,0,463,"Lemon yellow,Deep pink,Chartreuse,Blue",4,"5XL,4XL,1XL,0XL,3XL,2XL",6,Summer,https://p16-oec-ttp.tiktokcdn-us.com/tos-useast5-i-omjb5zjo8w-tx/ff209e1f29d74e3ea6611782ab649816~tplv-omjb5zjo8w-resize-jpeg:1000:1000.image?,https://shop.tiktok.com/view/product/1732396813348868311?region=US&locale=en,张宇,4.4
2026/8/23,US,US,高潜,1732351481299701909,S260416029603,Sanuuchic,非SKM商家,标码女装,女士套装及西服,长裤套装,标码女装+女士套装及西服,"(100,500]",17.82,"(50,100]",62.86%,"(50%, 100%]","(10,30]",2026/4/20,125,非JIT商品,285,0,"Black and white,Brown",2,"M,S,XL,L,XXL",5,Summer,https://p16-oec-va.ibyteimg.com/tos-maliva-i-o3syd03w52-us/75776ebfe515479591f2d13592119316~tplv-o3syd03w52-resize-jpeg:1000:1000.image?,https://shop.tiktok.com/view/product/1732351481299701909?region=US&locale=en,黄依婷,4.7
2026/8/23,US,US,高潜,1729495884471506081,S260304041666,Muse Plus,SKM商家,大码女装,女士上装,女士衬衫,大码女装+女士上装,"(1000,2000]",11.17,"(50,100]",106.90%,"(100%, 300%]","(10,30]",2026/3/5,171,非JIT商品,98,0,"Pink,Black,Dark blue,Pale blue",4,"4XL,1XL,0XL,3XL,2XL",5,Summer,https://p16-oec-ttp.tiktokcdn-us.com/tos-useast5-i-omjb5zjo8w-tx/9d87ac9e7328449bbd0b193d58efbcb6~tplv-omjb5zjo8w-resize-jpeg:1000:1000.image?,https://shop.tiktok.com/view/product/1729495884471506081?region=US&locale=en,郑川粤,3.7
2026/8/23,US,US,高潜,1732478278788092840,S260707010579,Chic Weaves,非SKM商家,标码女装,女士针织衫,开衫,标码女装+女士针织衫,"(100,500]",22.14,"(50,100]",110.00%,"(100%, 300%]","(10,30]",2026/7/10,44,非JIT商品,140,0,"Mustard Green,Orange,Black,Ginger yellow,Apricot",5,"M,S,XL,L,XXL",5,Spring&Fall,https://p16-oec-va.ibyteimg.com/tos-maliva-i-o3syd03w52-us/8e6e671be2bb47a28a4afc2661c1f925~tplv-o3syd03w52-resize-jpeg:1000:1000.image?,https://shop.tiktok.com/view/product/1732478278788092840?region=US&locale=en,王可心,4.7
2026/8/23,US,US,高潜,1732423269161472343,S260602005805,FOXCLAW Curve,非SKM商家,大码女装,女士连衣裙,休闲连衣裙,大码女装+女士连衣裙,"(500,1000]",9.79,"(50,100]",87.10%,"(50%, 100%]","(0,10]",2026/6/8,76,非JIT商品,189,0,"Multicolor2,Multicolor3,Multicolor1",3,"5XL,4XL,1XL,3XL,2XL",5,Summer,https://p16-oec-va.ibyteimg.com/tos-maliva-i-o3syd03w52-us/cf531edd9c184cd1b131d20478978b29~tplv-o3syd03w52-resize-jpeg:1000:1000.image?,https://shop.tiktok.com/view/product/1732423269161472343?region=US&locale=en,郑川粤,4.1
2026/8/23,US,US,高潜,1732177973268877405,S251219209351,Comfortable Couture,非SKM商家,大码女装,女士连衣裙,休闲连衣裙,大码女装+女士连衣裙,"(5000,10000]",10.82,"(50,100]",300.00%,"(100%, 300%]","(30,50]",2025/12/26,240,非JIT商品,123,0,"Baby pink,Royal blue,Leaf green,Lilac,White,Black,Light wash,Lime red,Bright yellow,Copper brown",10,"5XL,4XL,1XL,3XL,2XL",5,Spring&Fall,https://p16-oec-va.ibyteimg.com/tos-maliva-i-o3syd03w52-us/824ae279c6a94ffebfcee6db46726437~tplv-o3syd03w52-resize-jpeg:1000:1000.image?,https://shop.tiktok.com/view/product/1732177973268877405?region=US&locale=en,张宇,3.7
2026/8/23,US,US,高潜,1732333454583239147,S260410016609,DolceAmara,非SKM商家,标码女装,女士套装及西服,长裤套装,标码女装+女士套装及西服,"(100,500]",15.96,"(50,100]",877.78%,"(500%, +∞)","(30,50]",2026/4/22,123,非JIT商品,"1,007",0,"Blue,Pink,Yellow,Khaki gray,Burgundy",5,"M,S,L,XL,XXL",5,Summer,https://p16-oec-va.ibyteimg.com/tos-alisg-i-aphluv4xwc-sg/d531f89c717040f5a479a3ddf3be6769~tplv-o3syd03w52-resize-jpeg:1000:1000.image?,https://shop.tiktok.com/view/product/1732333454583239147?region=US&locale=en,黄依婷,3.8
2026/8/23,US,US,高潜,1729501337286710615,S260308005120,FOXCLAW Curve,非SKM商家,大码女装,女士下装,长裤,大码女装+女士下装,"(2000,5000]",9.84,"(50,100]",66.67%,"(50%, 100%]","(10,30]",2026/3/25,151,非JIT商品,939,0,"Khaki,Black,Blue",3,"5XL,4XL,1XL,3XL,2XL",5,Summer,https://p16-oec-ttp.tiktokcdn-us.com/tos-useast5-i-omjb5zjo8w-tx/76b2214a041a4516b246433640dd6194~tplv-omjb5zjo8w-resize-jpeg:1000:1000.image?,https://shop.tiktok.com/view/product/1729501337286710615?region=US&locale=en,郑川粤,4.1
2026/8/23,US,US,高潜,1732412259712798807,S260525011889,Inwely,非SKM商家,标码女装,女士套装及西服,长裤套装,标码女装+女士套装及西服,"(100,500]",22.6,"(50,100]",63.33%,"(50%, 100%]","(10,30]",2026/6/9,75,非JIT商品,348,0,"Khaki,Gray,Brown",3,"M,S,L,XL",4,Summer,https://p16-oec-va.ibyteimg.com/tos-maliva-i-o3syd03w52-us/eccc1ac83bed4d7786f707368fa4c732~tplv-o3syd03w52-resize-jpeg:1000:1000.image?,https://shop.tiktok.com/view/product/1732412259712798807?region=US&locale=en,黄依婷,3.6
2026/8/23,US,US,高潜,1732281622357381624,S260301013396,DuolaBmeng,非SKM商家,大码女装,女士连衣裙,休闲连衣裙,大码女装+女士连衣裙,"(10000,+∞)",11.17,"(50,100]",67.74%,"(50%, 100%]","(10,30]",2026/3/1,175,JIT商品,317,86,"Orange,Red,Army green,Gray,Black,Dark orange,Multicolor,Salmon pink,Multicolor1,Blue,Coffee brown,Purple,Lime green,White,Blue and white,Sky blue,Brown",17,"5XL,4XL,1XL,3XL,2XL",5,Summer,https://p16-oec-va.ibyteimg.com/tos-maliva-i-o3syd03w52-us/81233baeb30b4cc1b2c274de6da744ea~tplv-o3syd03w52-resize-jpeg:1000:1000.image?,https://shop.tiktok.com/view/product/1732281622357381624?region=US&locale=en,张宇,4
2026/8/23,US,US,高潜,1730473311854695061,S250107001481,Lusmay,非SKM商家,标码女装,女士针织衫,毛衣套头衫,标码女装+女士针织衫,"(2000,5000]",7.1,"(50,100]",116.67%,"(100%, 300%]","(10,30]",2025/1/10,590,非JIT商品,157,0,"Khaki,Hot pink,Orange,Black,Off white",5,"M,S,XL,L",4,Summer,https://p16-oec-va.ibyteimg.com/tos-maliva-i-o3syd03w52-us/d5ce62cbe17b4a579a33b46d867104ca~tplv-o3syd03w52-resize-jpeg:1000:1000.image?,https://shop.tiktok.com/view/product/1730473311854695061?region=US&locale=en,王可心,4.7
2026/8/23,US,US,高潜,1732462117537420053,S260627012337,Lllumi,非SKM商家,大码女装,女士连衣裙,休闲连衣裙,大码女装+女士连衣裙,"(100,500]",8.7,"(50,100]",117.24%,"(100%, 300%]","(10,30]",2026/7/1,53,JIT商品,36,"8,854","Purple,Khaki,Hot pink,Rose gold,Rust orange,Gray,Coral pink,Sky blue,Pastel blue,Light wash",10,One-size,1,All Seasons,https://p16-oec-va.ibyteimg.com/tos-maliva-i-o3syd03w52-us/e656678e4f734722b8534b500e87f487~tplv-o3syd03w52-resize-jpeg:1000:1000.image?,https://shop.tiktok.com/view/product/1732462117537420053?region=US&locale=en,张宇,4.3
2026/8/23,US,US,高潜,1729495616322244649,S240520005889,Nemophilist,非SKM商家,大码女装,女士下装,紧身裤,大码女装+女士下装,"(10000,+∞)",10.03,"(50,100]",90.00%,"(50%, 100%]","(10,30]",2024/6/12,802,非JIT商品,291,0,"Black,Ocean blue,Blue",3,"5XL,4XL,1XL,0XL,3XL,2XL",6,All Seasons,https://p16-oec-ttp.tiktokcdn-us.com/tos-useast5-i-omjb5zjo8w-tx/728d35ec9fff4e1480a1c2490e248982~tplv-omjb5zjo8w-resize-jpeg:1000:1000.image?,https://shop.tiktok.com/view/product/1729495616322244649?region=US&locale=en,郑川粤,4.7
2026/8/23,US,US,高潜,1732473713349727130,S260611022491,Tide Denim,SKM商家,大码女装,牛仔,牛仔长裤,大码女装+牛仔,"(100,500]",16.5,"(50,100]",90.32%,"(50%, 100%]","(10,30]",2026/7/9,45,非JIT商品,89,0,"Gray,Light wash,Blue",3,"4XL,1XL,0XL,3XL,2XL",5,Spring&Fall,https://p16-oec-va.ibyteimg.com/tos-maliva-i-o3syd03w52-us/99b7eb3bf9204fc49b948d78ab65aaf6~tplv-o3syd03w52-resize-jpeg:1000:1000.image?,https://shop.tiktok.com/view/product/1732473713349727130?region=US&locale=en,郑川粤,4.6
2026/8/23,US,US,高潜,1732402881789006300,S260518018439,EchooChic,非SKM商家,标码女装,女士下装,长裤,标码女装+女士下装,"(100,500]",14.72,"(50,100]",71.88%,"(50%, 100%]","(10,30]",2026/6/6,78,非JIT商品,109,0,"Black,Apricot,Brown",3,"M,S,XL,L",4,Spring&Fall,https://p16-oec-va.ibyteimg.com/tos-maliva-i-o3syd03w52-us/27f247eef76f4cf6ac50f80098a61e55~tplv-o3syd03w52-resize-jpeg:1000:1000.image?,https://shop.tiktok.com/view/product/1732402881789006300?region=US&locale=en,黄依婷,3.8
2026/8/23,US,US,高潜,1729491886071452949,S260204029633,Lovely wear,非SKM商家,标码女装,女士套装及西服,长裤套装,标码女装+女士套装及西服,"(100,500]",13.1,"(50,100]",362.50%,"(300%, 500%]","(10,30]",2026/2/4,200,JIT商品,28,"2,738","Silver,Pink,Khaki,Navy blue,Black,Dark gray",6,"M,S,L,XS,XL",5,Summer,https://p16-oec-ttp.tiktokcdn-us.com/tos-useast5-i-omjb5zjo8w-tx/ecf08b1c318c4345af65b18dd5c072b2~tplv-omjb5zjo8w-resize-jpeg:1000:1000.image?,https://shop.tiktok.com/view/product/1729491886071452949?region=US&locale=en,游宇航,4.6
2026/8/23,US,US,高潜,1731869523673321789,S251003026249,LumosModesty,非SKM商家,标码女装,女士穆斯林服装,服装套装,标码女装+女士穆斯林服装,"(2000,5000]",22.28,"(50,100]",56.25%,"(50%, 100%]","(10,30]",2025/10/15,312,非JIT商品,367,0,"Navy blue,Black,Fawn brown,Dark brown,Apricot,Burgundy",6,"M,S,L,XL,XXL",5,All Seasons,https://p16-oec-ttp.tiktokcdn-us.com/tos-useast5-i-omjb5zjo8w-tx/76b95f8f9fab476bb00cba6053c2ef90~tplv-omjb5zjo8w-resize-jpeg:1000:1000.image?,https://shop.tiktok.com/view/product/1731869523673321789?region=US&locale=en,徐熙雅,4.7
2026/8/23,US,US,高潜,1729499186188096316,S240528003106,AIWEIEN Plus Size,非SKM商家,大码女装,女士连衣裙,休闲连衣裙,大码女装+女士连衣裙,"(5000,10000]",16.08,"(50,100]",103.45%,"(100%, 300%]","(10,30]",2024/6/18,796,非JIT商品,"2,083",0,"Green,Multicolor2,Navy blue,Deep red,Yellow,Black,Colorful 3,Multicolor1,Burgundy",9,"5XL,4XL,6XL,8XL,1XL,7XL,3XL,2XL",8,Summer,https://p16-oec-va.ibyteimg.com/tos-alisg-i-aphluv4xwc-sg/11ce82b104064befa2e6b833ab8e34a0~tplv-o3syd03w52-resize-jpeg:1000:1000.image?,https://shop.tiktok.com/view/product/1729499186188096316?region=US&locale=en,张宇,3.4
2026/8/23,US,US,高潜,1729538904662315124,S240618006304,Kara Studio,非SKM商家,大码女装,女士上装,女士 T 恤,大码女装+女士上装,"(2000,5000]",11.7,"(50,100]",134.78%,"(100%, 300%]","(0,10]",2024/7/3,781,非JIT商品,351,0,"Blue,Purple,Hot pink,Deep red,Black,Green",6,"5XL,4XL,1XL,3XL,2XL",5,Spring&Fall,https://p16-oec-ttp.tiktokcdn-us.com/tos-useast5-i-omjb5zjo8w-tx/b16c8f808f2a4961afca006ef98b3c36~tplv-omjb5zjo8w-resize-jpeg:1000:1000.image?,https://shop.tiktok.com/view/product/1729538904662315124?region=US&locale=en,张宇,3.4
2026/8/23,US,US,高潜,1729664230279188992,S240916004122,Y Z S,非SKM商家,标码女装,女士下装,半身裙,标码女装+女士下装,"(5000,10000]",8.89,"(50,100]",71.43%,"(50%, 100%]","(10,30]",2024/9/25,697,非JIT商品,136,0,"Khaki,Black,Green",3,"M,S,XL,L",4,Summer,https://p16-oec-ttp.tiktokcdn-us.com/tos-useast5-i-omjb5zjo8w-tx/3522dbdcc87046db9e1433ceb154b661~tplv-omjb5zjo8w-resize-jpeg:1000:1000.image?,https://shop.tiktok.com/view/product/1729664230279188992?region=US&locale=en,张健,4.6
2026/8/23,US,US,高潜,1732354691331362995,S260419012998,The first good mood,非SKM商家,标码女装,女士特殊服饰,女装套装,标码女装+女士特殊服饰,"(100,500]",5.11,"(50,100]",67.86%,"(50%, 100%]","(10,30]",2026/4/22,123,非JIT商品,122,0,Black,1,One-size,1,All Seasons,https://p16-oec-ttp.tiktokcdn-us.com/tos-useast5-i-omjb5zjo8w-tx/934a964f427c45c59b34ac24fb9c3381~tplv-omjb5zjo8w-resize-jpeg:1000:1000.image?,https://shop.tiktok.com/view/product/1732354691331362995?region=US&locale=en,徐熙雅,4.3
2026/8/23,US,US,高潜,1732381018886410959,S260430008531,Naimisi-Plus,非SKM商家,大码女装,女士连衣裙,休闲连衣裙,大码女装+女士连衣裙,"(500,1000]",11.29,"(50,100]",177.27%,"(100%, 300%]","(10,30]",2026/5/9,106,非JIT商品,183,0,Black,1,"5XL,4XL,1XL,3XL,2XL",5,Summer,https://p16-oec-ttp.tiktokcdn-us.com/tos-useast5-i-omjb5zjo8w-tx/8ce577e6af01455a8d13198e28bb879a~tplv-omjb5zjo8w-resize-jpeg:1000:1000.image?,https://shop.tiktok.com/view/product/1732381018886410959?region=US&locale=en,张宇,3.6
2026/8/23,US,US,高潜,1731792569553096941,S250915018932,Hkye,非SKM商家,标码女装,女士套装及西服,长裤套装,标码女装+女士套装及西服,"(2000,5000]",19.22,"(50,100]",134.62%,"(100%, 300%]","(0,10]",2025/9/18,339,非JIT商品,479,0,"Pink,Royal blue,Gray,Black,Apricot,Green",6,"M,S,XL,L,XXL",5,Spring&Fall,https://p16-oec-ttp.tiktokcdn-us.com/tos-useast5-i-omjb5zjo8w-tx/04061cd355c1469da5ea8f8f1377ce95~tplv-omjb5zjo8w-resize-jpeg:1000:1000.image?,https://shop.tiktok.com/view/product/1731792569553096941?region=US&locale=en,黄依婷,3.3
2026/8/23,US,US,高潜,1731665056239293292,S250819001204,DOUCIU Store,非SKM商家,标码女装,女士套装及西服,长裤套装,标码女装+女士套装及西服,"(5000,10000]",22.55,"(50,100]",64.52%,"(50%, 100%]","(10,30]",2025/8/24,364,非JIT商品,128,0,"Khaki,Red,Black,Brown",4,"M,S,XS,L",4,Spring&Fall,https://p16-oec-ttp.tiktokcdn-us.com/tos-useast5-i-omjb5zjo8w-tx/6ba43f3b241e42889518fb5a7ac5c0b8~tplv-omjb5zjo8w-resize-jpeg:1000:1000.image?,https://shop.tiktok.com/view/product/1731665056239293292?region=US&locale=en,游宇航,3.2
2026/8/23,US,US,高潜,1730207117570576727,S241128003377,FOXCLAW Curve,非SKM商家,大码女装,女士上装,女士衬衫,大码女装+女士上装,"(2000,5000]",8.15,"(50,100]",123.08%,"(100%, 300%]","(30,50]",2024/12/10,621,非JIT商品,179,0,"Purple,Off white,Dark green",3,"5XL,4XL,1XL,3XL,2XL",5,Summer,https://p16-oec-ttp.tiktokcdn-us.com/tos-useast5-i-omjb5zjo8w-tx/edd2a0d03892435a98957a2246e808e9~tplv-omjb5zjo8w-resize-jpeg:1000:1000.image?,https://shop.tiktok.com/view/product/1730207117570576727?region=US&locale=en,郑川粤,4.1
2026/8/23,US,US,高潜,1730478320926691646,S241226003224,Sleek Nova,非SKM商家,标码女装,女士套装及西服,半裙套装,标码女装+女士套装及西服,"(10000,+∞)",10.99,"(50,100]",62.07%,"(50%, 100%]","(0,10]",2025/1/11,589,非JIT商品,791,0,"Cream,Black,Lime yellow,Fawn brown,Apricot,Mauve purple,Blue",7,"M,S,L,XL,XXL",5,Summer,https://p16-oec-ttp.tiktokcdn-us.com/tos-useast5-i-omjb5zjo8w-tx/e65b40a5300d4e0faaec2e80a3a6be6a~tplv-omjb5zjo8w-resize-jpeg:1000:1000.image?,https://shop.tiktok.com/view/product/1730478320926691646?region=US&locale=en,刘雪莹,3.9
2026/8/23,US,US,高潜,1732415415751447145,S260527018606,Vanndochic,非SKM商家,标码女装,女士针织衫,开衫,标码女装+女士针织衫,"(500,1000]",8.14,"(50,100]",96.15%,"(50%, 100%]","(10,30]",2026/6/15,69,非JIT商品,285,0,"Pink,Yellow,White,Black",4,"M,S,XL,L",4,Summer,https://p16-oec-va.ibyteimg.com/tos-maliva-i-o3syd03w52-us/1a22c3913f9d46138210b74e118c236c~tplv-o3syd03w52-resize-jpeg:1000:1000.image?,https://shop.tiktok.com/view/product/1732415415751447145?region=US&locale=en,黄依婷,4.4
2026/8/23,US,US,高潜,1732385436259291937,S260505013885,Chic Discount Suits,非SKM商家,大码女装,女士连衣裙,休闲连衣裙,大码女装+女士连衣裙,"(2000,5000]",11.85,"(50,100]",65.63%,"(50%, 100%]","(10,30]",2026/5/5,110,非JIT商品,"1,284",0,"Ochre brown,Royal blue,Pink,Olive green,Navy blue,Black,Turquoise green,Burgundy",8,"5XL,4XL,1XL,3XL,2XL",5,Summer,https://p16-oec-va.ibyteimg.com/tos-maliva-i-o3syd03w52-us/ffcb88661ec54e7bbda46c9c27599d8a~tplv-o3syd03w52-resize-jpeg:1000:1000.image?,https://shop.tiktok.com/view/product/1732385436259291937?region=US&locale=en,张宇,4.7
2026/8/23,US,US,高潜,1729499836076758195,S260306081639,The first good mood,非SKM商家,标码女装,女士特殊服饰,女装套装,标码女装+女士特殊服饰,"(500,1000]",4.46,"(50,100]",53.33%,"(50%, 100%]","(10,30]",2026/3/11,165,非JIT商品,139,0,"White,Black and white,Black",3,One-size,1,All Seasons,https://p16-oec-ttp.tiktokcdn-us.com/tos-useast5-i-omjb5zjo8w-tx/91eea2ed179b404882dfb3092413d81f~tplv-omjb5zjo8w-resize-jpeg:1000:1000.image?,https://shop.tiktok.com/view/product/1729499836076758195?region=US&locale=en,徐熙雅,4.3
2026/8/23,US,US,高潜,1732457333708919536,S260624016496,Pretty PL,非SKM商家,标码女装,女士套装及西服,长裤套装,标码女装+女士套装及西服,"(100,500]",11.13,"(50,100]",65.52%,"(50%, 100%]","(10,30]",2026/6/27,57,JIT商品,28,"24,660","Baby pink,Royal blue,Red,Reed green,Black",5,"M,S,XL,L,XXL",5,All Seasons,https://p16-oec-va.ibyteimg.com/tos-maliva-i-o3syd03w52-us/e8a50f1f6a934c6da8e6a953b42adcee~tplv-o3syd03w52-resize-jpeg:1000:1000.image?,https://shop.tiktok.com/view/product/1732457333708919536?region=US&locale=en,刘雪莹,4.3
2026/8/23,US,US,高潜,1732480269862867435,S260708018594,Finjani Plus,非SKM商家,大码女装,女士套装及西服,裙子套装,大码女装+女士套装及西服,"(100,500]",20.3,"(50,100]",96.30%,"(50%, 100%]","(0,10]",2026/7/10,44,非JIT商品,127,0,Black,1,"4XL,1XL,0XL,3XL,2XL",5,Spring&Fall,https://p16-oec-va.ibyteimg.com/tos-maliva-i-o3syd03w52-us/55feb7258c2d4a8d9b68e5eae1869f63~tplv-o3syd03w52-resize-jpeg:1000:1000.image?,https://shop.tiktok.com/view/product/1732480269862867435?region=US&locale=en,张宇,4.5
2026/8/23,US,US,高潜,1731368663700247287,S250624015544,FlaireX,非SKM商家,标码女装,女士套装及西服,长裤套装,标码女装+女士套装及西服,"(1000,2000]",21.39,"(50,100]",53.13%,"(50%, 100%]","(0,10]",2025/6/27,422,非JIT商品,915,0,"Khaki,Cream,Black",3,"M,S,XL,L",4,Summer,https://p16-oec-ttp.tiktokcdn-us.com/tos-useast5-i-omjb5zjo8w-tx/6f667e6ab4a740af94b6252a65c68aac~tplv-omjb5zjo8w-resize-jpeg:1000:1000.image?,https://shop.tiktok.com/view/product/1731368663700247287?region=US&locale=en,刘雪莹,4.1
2026/8/23,US,US,高潜,1729440143258521821,S240125000868,Cyan grass seedling,非SKM商家,标码女装,女士下装,半身裙,标码女装+女士下装,"(10000,+∞)",7.15,"(50,100]",76.92%,"(50%, 100%]","(10,30]",2024/2/4,931,非JIT商品,"1,412",0,"Green,Baby pink,Mint green,Purple,Khaki,White polka dots,Ivory,Deep red,Lilac,White print,Black,Blue",12,"M,S,L,XL",4,Summer,https://p16-oec-ttp.tiktokcdn-us.com/tos-useast5-i-omjb5zjo8w-tx/58e7216b546643e3b3140b0dff691e7c~tplv-omjb5zjo8w-resize-jpeg:1000:1000.image?,https://shop.tiktok.com/view/product/1729440143258521821?region=US&locale=en,王谍,3.2
2026/8/23,US,US,高潜,1732182636934500501,S251229033959,Sanuuchic,非SKM商家,标码女装,女士套装及西服,长裤套装,标码女装+女士套装及西服,"(100,500]",12.88,"(50,100]",180.95%,"(100%, 300%]","(10,30]",2026/1/5,230,非JIT商品,66,0,"Coffee brown,Beige,Maroon,Green",4,"M,S,XL,L",4,Summer,https://p16-oec-va.ibyteimg.com/tos-maliva-i-o3syd03w52-us/88232c2155f94aef8c46fc881ffa67d0~tplv-o3syd03w52-resize-jpeg:1000:1000.image?,https://shop.tiktok.com/view/product/1732182636934500501?region=US&locale=en,黄依婷,4.7
2026/8/23,US,US,高潜,1732307005335114746,S260326020213,Lira Maison,非SKM商家,标码女装,女士套装及西服,半裙套装,标码女装+女士套装及西服,"(2000,5000]",18.8,"(50,100]",131.82%,"(100%, 300%]","(10,30]",2026/4/6,139,非JIT商品,559,0,"Blue,Pink,Red,Black,Apricot,Green",6,"M,S,XL,XS,L",5,Summer,https://p16-oec-va.ibyteimg.com/tos-maliva-i-o3syd03w52-us/b10685ba44bf4679a234461bf73772f4~tplv-o3syd03w52-resize-jpeg:1000:1000.image?,https://shop.tiktok.com/view/product/1732307005335114746?region=US&locale=en,黄依婷,4
2026/8/23,US,US,高潜,1729684837907796084,S240912003623,Kara Studio,非SKM商家,大码女装,女士上装,女士 T 恤,大码女装+女士上装,"(2000,5000]",11.54,"(50,100]",190.00%,"(100%, 300%]","(0,10]",2024/10/4,688,非JIT商品,342,0,"Purple,Light blue,Deep red,Black",4,"4XL,1XL,3XL,2XL",4,Summer,https://p16-oec-ttp.tiktokcdn-us.com/tos-useast5-i-omjb5zjo8w-tx/503650e020bd4f0eb8b76a1add99fc00~tplv-omjb5zjo8w-resize-jpeg:1000:1000.image?,https://shop.tiktok.com/view/product/1729684837907796084?region=US&locale=en,张宇,3.4
2026/8/23,US,US,高潜,1729709485712642896,S240920009526,Le Luo sweater,非SKM商家,标码女装,女士针织衫,毛衣套头衫,标码女装+女士针织衫,"(10000,+∞)",15.28,"(50,100]",221.05%,"(100%, 300%]","(30,50]",2024/10/14,678,非JIT商品,162,0,"Multicolor2,Multicolor3,Multicolor6,Multicolor1",4,"M,S,XL,L",4,Spring&Fall,https://p16-oec-ttp.tiktokcdn-us.com/tos-useast5-i-omjb5zjo8w-tx/7eb5e4f96e2148cca9b404b8b032efc1~tplv-omjb5zjo8w-resize-jpeg:1000:1000.image?,https://shop.tiktok.com/view/product/1729709485712642896?region=US&locale=en,沈亦莎,4.6
2026/8/23,US,US,高潜,1731273456774320446,S250521015290,Sleek Nova,非SKM商家,标码女装,女士套装及西服,半裙套装,标码女装+女士套装及西服,"(5000,10000]",12.16,"(50,100]",51.72%,"(50%, 100%]","(10,30]",2025/6/7,442,非JIT商品,508,0,"Grey,White,Black",3,"M,S,XL,L,XXL",5,Summer,https://p16-oec-va.ibyteimg.com/tos-maliva-i-o3syd03w52-us/dbb9270d8c354c79b46dfea1682d7d4c~tplv-o3syd03w52-resize-jpeg:1000:1000.image?,https://shop.tiktok.com/view/product/1731273456774320446?region=US&locale=en,刘雪莹,3.9
2026/8/23,US,US,高潜,1731775403263955855,S250908009620,FianiVibe,非SKM商家,标码女装,女士套装及西服,长裤套装,标码女装+女士套装及西服,"(500,1000]",24.14,"(50,100]",227.78%,"(100%, 300%]","(10,30]",2025/9/15,342,非JIT商品,332,0,"Navy blue,Black,Dark gray,Dark brown,Apricot,Brown",6,"M,S,L,XL,XXL",5,Spring&Fall,https://p16-oec-ttp.tiktokcdn-us.com/tos-useast5-i-omjb5zjo8w-tx/bc810ccc278c45f9a438df308314d9ef~tplv-omjb5zjo8w-resize-jpeg:1000:1000.image?,https://shop.tiktok.com/view/product/1731775403263955855?region=US&locale=en,黄依婷,4.2
2026/8/23,US,US,高潜,1731211828622823615,S250519005582,STOLKISS,非SKM商家,标码女装,女士套装及西服,半裙套装,标码女装+女士套装及西服,"(10000,+∞)",15.39,"(50,100]",80.77%,"(50%, 100%]","(10,30]",2025/5/24,456,非JIT商品,472,0,"Grey,Purple,Hot pink,Brown polka dots,Navy blue,Black polka dots,Black,Green",8,"M,S,XL,L,XXL",5,Summer,https://p16-oec-ttp.tiktokcdn-us.com/tos-useast5-i-omjb5zjo8w-tx/f6893d90619943a99fca9332e59cd1e6~tplv-omjb5zjo8w-resize-jpeg:1000:1000.image?,https://shop.tiktok.com/view/product/1731211828622823615?region=US&locale=en,游宇航,4.1
2026/8/23,US,US,高潜,1732393020209205782,S260511004490,SheLoveStyle,非SKM商家,标码女装,女士下装,长裤,标码女装+女士下装,"(500,1000]",11.68,"(50,100]",108.70%,"(100%, 300%]","(10,30]",2026/5/23,92,非JIT商品,484,0,"Khaki,Green camouflage,Orange,Army green,Gray,Black,Apricot,Blue,Yellow,White,Chartreuse,Dark brown,Mauve purple,Burgundy",14,"M,S,L,XL,XXL",5,Summer,https://p16-oec-va.ibyteimg.com/tos-maliva-i-o3syd03w52-us/0f37b91dc57545d3aa4b97ff92208cd2~tplv-o3syd03w52-resize-jpeg:1000:1000.image?,https://shop.tiktok.com/view/product/1732393020209205782?region=US&locale=en,张健,3
2026/8/23,US,US,高潜,1731178857933411153,S250412010028,Shiny Girl VIP,非SKM商家,标码女装,女士下装,裤裙,标码女装+女士下装,"(2000,5000]",9.48,"(50,100]",62.96%,"(50%, 100%]","(0,10]",2025/5/16,464,非JIT商品,318,0,"Pink,Khaki,Red,Light blue,Black,Off white,Apricot",7,"M,S,XS,L,XL",5,All Seasons,https://p16-oec-ttp.tiktokcdn-us.com/tos-useast5-i-omjb5zjo8w-tx/94350e3419594ceb95423af3cc5a2a09~tplv-omjb5zjo8w-resize-jpeg:1000:1000.image?,https://shop.tiktok.com/view/product/1731178857933411153?region=US&locale=en,张健,4.7
2026/8/23,US,US,高潜,1732423896388243799,S260602025544,FOXCLAW Curve,非SKM商家,大码女装,女士上装,女士衬衫,大码女装+女士上装,"(100,500]",12.5,"(50,100]",74.07%,"(50%, 100%]","(10,30]",2026/6/10,74,非JIT商品,472,0,"Pink,Khaki,Hot pink,Olive green,Orange,Light blue,Gray,White,Black,Dark wash",10,"5XL,4XL,1XL,3XL,2XL",5,Summer,https://p16-oec-va.ibyteimg.com/tos-maliva-i-o3syd03w52-us/140967ce09c94169a877d0a5b2fb8b17~tplv-o3syd03w52-resize-jpeg:1000:1000.image?,https://shop.tiktok.com/view/product/1732423896388243799?region=US&locale=en,郑川粤,4.1
2026/8/23,US,US,高潜,1732453772364779593,S260622019910,Easy Buy Relax,非SKM商家,大码女装,女士连衣裙,休闲连衣裙,大码女装+女士连衣裙,"(100,500]",16.32,"(50,100]",2500.00%,"(500%, +∞)","(30,50]",2026/6/29,55,非JIT商品,74,0,Navy blue,1,"4XL,1XL,0XL,3XL,2XL",5,Spring&Fall,https://p16-oec-va.ibyteimg.com/tos-maliva-i-o3syd03w52-us/249b75daf672427f8d614632bdd2ff2a~tplv-o3syd03w52-resize-jpeg:1000:1000.image?,https://shop.tiktok.com/view/product/1732453772364779593?region=US&locale=en,郑川粤,4.6
2026/8/23,US,US,高潜,1729550759793758967,S240704004016,FlaireX,非SKM商家,标码女装,女士套装及西服,长裤套装,标码女装+女士套装及西服,"(1000,2000]",25.66,"(50,100]",415.38%,"(300%, 500%]","(10,30]",2024/7/15,769,非JIT商品,130,0,"Khaki,Black",2,"M,S,L,XL",4,Spring&Fall,https://p16-oec-ttp.tiktokcdn-us.com/tos-useast5-i-omjb5zjo8w-tx/58de7b8c1413494493dee340978f60b8~tplv-omjb5zjo8w-resize-jpeg:1000:1000.image?,https://shop.tiktok.com/view/product/1729550759793758967?region=US&locale=en,刘雪莹,4.1
2026/8/23,US,US,高潜,1732405591620948553,S260520007534,Posh Couture,非SKM商家,标码女装,女士下装,半身裙,标码女装+女士下装,"(100,500]",7.93,"(50,100]",104.00%,"(100%, 300%]","(10,30]",2026/5/23,92,非JIT商品,75,0,Pattern,1,"M,S,L,XL,XS",5,Summer,https://p16-oec-ttp.tiktokcdn-us.com/tos-useast5-i-omjb5zjo8w-tx/f67d4bb5dac14b13bbaade1467ca53b9~tplv-omjb5zjo8w-resize-jpeg:1000:1000.image?,https://shop.tiktok.com/view/product/1732405591620948553?region=US&locale=en,王瑶,4.5
2026/8/23,US,US,高潜,1732334935353692321,S260410037809,Muse Plus,SKM商家,大码女装,女士连衣裙,休闲连衣裙,大码女装+女士连衣裙,"(1000,2000]",15.7,"(50,100]",95.45%,"(50%, 100%]","(10,30]",2026/4/10,135,JIT商品,632,34,"Green,Brown,Mint green,Hot pink,Red,Lilac,Multi-color,Blue",8,"4XL,1XL,0XL,3XL,2XL",5,Summer,https://p16-oec-va.ibyteimg.com/tos-maliva-i-o3syd03w52-us/6da2aca2e7a347b3a5529ebc9246a914~tplv-o3syd03w52-resize-jpeg:1000:1000.image?,https://shop.tiktok.com/view/product/1732334935353692321?region=US&locale=en,郑川粤,3.7
2026/8/23,US,US,高潜,1731396263238865758,S250623004449,Mayins,非SKM商家,标码女装,女士套装及西服,短裤套装,标码女装+女士套装及西服,"(5000,10000]",8.03,"(50,100]",53.57%,"(50%, 100%]","(10,30]",2025/7/3,416,非JIT商品,322,0,"Yellow,Gray,Green",3,"M,S,L,XS,XL",5,Spring&Fall,https://p16-oec-ttp.tiktokcdn-us.com/tos-useast5-i-omjb5zjo8w-tx/aa0def237e1b4990a084f8aea2d78d4c~tplv-omjb5zjo8w-resize-jpeg:1000:1000.image?,https://shop.tiktok.com/view/product/1731396263238865758?region=US&locale=en,黄依婷,4.8
2026/8/23,US,US,高潜,1731147191679029485,S250429003706,Origin Atelier,非SKM商家,标码女装,女士下装,半身裙,标码女装+女士下装,"(5000,10000]",11.98,"(50,100]",54.84%,"(50%, 100%]","(10,30]",2025/5/10,470,非JIT商品,694,0,"Pink,Army green,Black,Dark Blue,Apricot,Brown",6,"M,S,XL,XS,L",5,Summer,https://p16-oec-ttp.tiktokcdn-us.com/tos-useast5-i-omjb5zjo8w-tx/b7acfacf738d42eda7cca184f2c5a880~tplv-omjb5zjo8w-resize-jpeg:1000:1000.image?,https://shop.tiktok.com/view/product/1731147191679029485?region=US&locale=en,王瑶,3.3
2026/8/23,US,US,高潜,1732197439310041967,S260105083574,Fourfo,非SKM商家,标码女装,女士下装,半身裙,标码女装+女士下装,"(1000,2000]",20.22,"(50,100]",79.17%,"(50%, 100%]","(10,30]",2026/1/12,223,非JIT商品,252,0,Brown,1,"M,S,XS,L",4,Spring&Fall,https://p16-oec-ttp.tiktokcdn-us.com/tos-useast5-i-omjb5zjo8w-tx/4eef2282c6b94bfca299ac60d3229be2~tplv-omjb5zjo8w-resize-jpeg:1000:1000.image?,https://shop.tiktok.com/view/product/1732197439310041967?region=US&locale=en,王瑶,4.8
2026/8/23,US,US,高潜,1732462074265768446,S260626031725,Wangsiting clothes,非SKM商家,标码女装,女士穆斯林服装,衬衣及女上衣,标码女装+女士穆斯林服装,"(100,500]",20.75,"(50,100]",80.00%,"(50%, 100%]","(10,30]",2026/6/27,57,JIT商品,74,868,"Khaki,Black,Blue",3,"M,S,L,XL,XS",5,All Seasons,https://p16-oec-va.ibyteimg.com/tos-maliva-i-o3syd03w52-us/1cbc1358fbe2423e8bd8c963d5df88ed~tplv-o3syd03w52-resize-jpeg:1000:1000.image?,https://shop.tiktok.com/view/product/1732462074265768446?region=US&locale=en,王瑶,4.4
2026/8/23,US,US,高潜,1732497540727476412,S260717016087,HH Women's wear,非SKM商家,标码女装,女士下装,长裤,标码女装+女士下装,"(0,100]",17.01,"(50,100]",3700.00%,"(500%, +∞)","(10,30]",2026/7/17,37,JIT商品,0,699,"Light khaki,Gray,Black,Copper brown,Green",5,"M,S,XS,XL,XXL,L",6,Summer,https://p16-oec-va.ibyteimg.com/tos-maliva-i-o3syd03w52-us/0076b1ed18ae44c2a75d2d3eabede540~tplv-o3syd03w52-resize-jpeg:1000:1000.image?,https://shop.tiktok.com/view/product/1732497540727476412?region=US&locale=en,王瑶,4.7
2026/8/23,US,US,高潜,1732480780176036350,S260706036474,Wangsiting clothes,非SKM商家,标码女装,女士穆斯林服装,衬衣及女上衣,标码女装+女士穆斯林服装,"(0,100]",17.3,"(50,100]",166.67%,"(100%, 300%]","(10,30]",2026/7/8,46,JIT商品,0,877,"Navy blue,Gray",2,"M,S,XS,XL,L",5,All Seasons,https://p16-oec-va.ibyteimg.com/tos-maliva-i-o3syd03w52-us/744c464aa35b4a77ae80688c3110358f~tplv-o3syd03w52-resize-jpeg:1000:1000.image?,https://shop.tiktok.com/view/product/1732480780176036350?region=US&locale=en,王瑶,4.4
2026/8/23,US,US,高潜,1732316201428488535,S260402004949,FOXCLAW Curve,非SKM商家,大码女装,女士下装,长裤,大码女装+女士下装,"(100,500]",10.88,"(50,100]",117.39%,"(100%, 300%]","(10,30]",2026/5/10,105,非JIT商品,201,0,"Coffee brown,Gray",2,"5XL,4XL,1XL,0XL,3XL,2XL",6,Spring&Fall,https://p16-oec-ttp.tiktokcdn-us.com/tos-useast5-i-omjb5zjo8w-tx/81b4c335394a499986320a2c2bd07b10~tplv-omjb5zjo8w-resize-jpeg:1000:1000.image?,https://shop.tiktok.com/view/product/1732316201428488535?region=US&locale=en,郑川粤,4.1
2026/8/23,US,US,高潜,1732436878187664016,S260610009864,LILI.AN.SHOP,非SKM商家,大码女装,女士连衣裙,休闲连衣裙,大码女装+女士连衣裙,"(500,1000]",12.49,"(50,100]",51.85%,"(50%, 100%]","(10,30]",2026/6/25,59,非JIT商品,62,0,Gray,1,"5XL,4XL,1XL,3XL,2XL",5,Summer,https://p16-oec-va.ibyteimg.com/tos-maliva-i-o3syd03w52-us/d1d3b4a1466c48f7bd55f86211a59fb0~tplv-o3syd03w52-resize-jpeg:1000:1000.image?,https://shop.tiktok.com/view/product/1732436878187664016?region=US&locale=en,张宇,4.2
2026/8/23,US,US,高潜,1729837506461798596,S241024011502,FACIO Direct,非SKM商家,标码女装,女士针织衫,毛衣套头衫,标码女装+女士针织衫,"(10000,+∞)",18.97,"(50,100]",80.00%,"(50%, 100%]","(0,10]",2024/11/5,656,非JIT商品,590,0,"Brown,Grey,Purple,Red,Light blue,Black,Dark gray,Beige,Green",9,"M,S,XS,L,XXL,XL",6,Fall&Winter,https://p16-oec-va.ibyteimg.com/tos-alisg-i-aphluv4xwc-sg/416cbf9bfc6c48f98f992a19f34d8dde~tplv-o3syd03w52-resize-jpeg:1000:1000.image?,https://shop.tiktok.com/view/product/1729837506461798596?region=US&locale=en,沈亦莎,4.3
2026/8/23,US,US,高潜,1732400178783228712,S260515025873,BaiAAA factory,非SKM商家,大码女装,女士上装,女士 T 恤,大码女装+女士上装,"(500,1000]",7.84,"(50,100]",293.33%,"(100%, 300%]","(10,30]",2026/5/16,99,JIT商品,15,"55,113","Light green,Red,Army green,Black,Fawn brown,Dark gray,Light wash,Apricot,Silver,Purple,Mint green,Pink,Hot pink,Yellow,White",15,"5XL,4XL,1XL,3XL,2XL",5,Summer,https://p16-oec-ttp.tiktokcdn-us.com/tos-useast5-i-omjb5zjo8w-tx/5baa966a8c844e78a97af3b179f59b16~tplv-omjb5zjo8w-resize-jpeg:1000:1000.image?,https://shop.tiktok.com/view/product/1732400178783228712?region=US&locale=en,张宇,4.2
2026/8/23,US,US,高潜,1732278608414675793,S260227009761,Chic Price Cloaks,非SKM商家,标码女装,女士针织衫,开衫,标码女装+女士针织衫,"(1000,2000]",15.12,"(50,100]",66.67%,"(50%, 100%]","(10,30]",2026/2/27,177,JIT商品,55,"2,475","Multicolor5,Multicolor2,Multicolor3,Multicolor6,Multicolor,Multicolor1,Multicolor4",7,"M,S,XL,L,XXL",5,Summer,https://p16-oec-ttp.tiktokcdn-us.com/tos-useast5-i-omjb5zjo8w-tx/5ca4758e11924206ac235f758fdb186c~tplv-omjb5zjo8w-resize-jpeg:1000:1000.image?,https://shop.tiktok.com/view/product/1732278608414675793?region=US&locale=en,沈亦莎,4.3
2026/8/23,US,US,高潜,1730117912736535407,S241127004386,Fourfo,非SKM商家,标码女装,女士下装,短裤,标码女装+女士下装,"(10000,+∞)",7.48,"(50,100]",55.56%,"(50%, 100%]","(10,30]",2024/12/1,630,非JIT商品,108,0,"Multicolor2,Multicolor3,Multicolor1",3,"M,S,XL,L",4,Summer,https://p16-oec-ttp.tiktokcdn-us.com/tos-useast5-i-omjb5zjo8w-tx/6ce01a031134469888688040c9a63f9a~tplv-omjb5zjo8w-resize-jpeg:1000:1000.image?,https://shop.tiktok.com/view/product/1730117912736535407?region=US&locale=en,王瑶,4.8
2026/8/23,US,US,高潜,1730852518615945488,S250228016005,SunnySide Blue,SKM商家,大码女装,牛仔,牛仔长裤,大码女装+牛仔,"(10000,+∞)",19.84,"(50,100]",77.78%,"(50%, 100%]","(10,30]",2025/3/12,529,非JIT商品,318,0,"Black,Dark wash",2,"4XL,1XL,0XL,3XL,2XL",5,Fall&Winter,https://p16-oec-va.ibyteimg.com/tos-maliva-i-o3syd03w52-us/3431d76f83e247308b4817351d237d0b~tplv-o3syd03w52-resize-jpeg:1000:1000.image?,https://shop.tiktok.com/view/product/1730852518615945488?region=US&locale=en,郑川粤,4.7
2026/8/23,US,US,高潜,1730740725148455143,S250219012970,NovaMode.,非SKM商家,标码女装,女士下装,短裤,标码女装+女士下装,"(5000,10000]",11.63,"(50,100]",95.65%,"(50%, 100%]","(0,10]",2025/2/23,546,非JIT商品,"1,556",0,"Baby pink,Khaki,Light blue,Multicolor,Black,Apricot,Multicolor1,Brown",8,"M,S,XS,XL,L",5,Summer,https://p16-oec-ttp.tiktokcdn-us.com/tos-useast5-i-omjb5zjo8w-tx/aa7b6275c6e74e9aa9b6c0f39604837e~tplv-omjb5zjo8w-resize-jpeg:1000:1000.image?,https://shop.tiktok.com/view/product/1730740725148455143?region=US&locale=en,王谍,4.4
2026/8/23,US,US,高潜,1732399541568049268,S260515014989,Kara Studio,非SKM商家,大码女装,女士上装,女士衬衫,大码女装+女士上装,"(500,1000]",11.24,"(50,100]",73.08%,"(50%, 100%]","(10,30]",2026/5/17,98,非JIT商品,133,0,"Dark khaki,Black and white,Black,Earthy Yellow,Dark blue",5,"5XL,4XL,1XL,3XL,2XL",5,Spring&Fall,https://p16-oec-ttp.tiktokcdn-us.com/tos-useast5-i-omjb5zjo8w-tx/a6c834e6d2a34365a4723c289be3cbe2~tplv-omjb5zjo8w-resize-jpeg:1000:1000.image?,https://shop.tiktok.com/view/product/1732399541568049268?region=US&locale=en,张宇,3.4
2026/8/23,US,US,高潜,1732416851806949437,S260528007510,Modish Moo,SKM商家,大码女装,牛仔,牛仔背带&连体裤,大码女装+牛仔,"(2000,5000]",19.44,"(50,100]",113.64%,"(100%, 300%]","(10,30]",2026/5/30,85,非JIT商品,574,0,"Dark wash,Blue",2,"4XL,1XL,0XL,3XL,2XL",5,Summer,https://p16-oec-ttp.tiktokcdn-us.com/tos-useast5-i-omjb5zjo8w-tx/832883214caa43a98ca88c7e70d2a691~tplv-omjb5zjo8w-resize-jpeg:1000:1000.image?,https://shop.tiktok.com/view/product/1732416851806949437?region=US&locale=en,郑川粤,3.3
2026/8/23,US,US,高潜,1732168018120905037,S251223044292,Follome,非SKM商家,标码女装,女士下装,长裤,标码女装+女士下装,"(500,1000]",15.34,"(50,100]",109.09%,"(100%, 300%]","(0,10]",2026/1/1,234,非JIT商品,95,0,"Navy blue,Black,Brown",3,"M,S,XL,L",4,Spring&Fall,https://p16-oec-ttp.tiktokcdn-us.com/tos-useast5-i-omjb5zjo8w-tx/a27a4041b8ff4d90ab457aee1ea83c8c~tplv-omjb5zjo8w-resize-jpeg:1000:1000.image?,https://shop.tiktok.com/view/product/1732168018120905037?region=US&locale=en,张健,4.6
2026/8/23,US,US,高潜,1731520552775815493,S250721023516,YouAnnn,非SKM商家,标码女装,女士针织衫,毛衣套头衫,标码女装+女士针织衫,"(5000,10000]",17.74,"(50,100]",91.30%,"(50%, 100%]","(10,30]",2025/7/26,393,非JIT商品,366,0,"Pink,Red,Yellow,White,Black,Bean paste pink,Blue",7,"M,S,XL,L,XXL",5,Summer,https://p16-oec-va.ibyteimg.com/tos-alisg-i-aphluv4xwc-sg/5999fc832f36454484166d234ff2fc10~tplv-o3syd03w52-resize-jpeg:1000:1000.image?,https://shop.tiktok.com/view/product/1731520552775815493?region=US&locale=en,沈亦莎,4.3
2026/8/23,US,US,高潜,1732439851673817916,S260612028297,AIWEIEN Plus Size,非SKM商家,大码女装,女士连衣裙,休闲连衣裙,大码女装+女士连衣裙,"(100,500]",13.26,"(50,100]",53.57%,"(50%, 100%]","(10,30]",2026/6/14,70,非JIT商品,152,0,"Avocado green,Black,Apricot,Burgundy",4,"5XL,4XL,1XL,3XL,2XL",5,Spring&Fall,https://p16-oec-va.ibyteimg.com/tos-alisg-i-aphluv4xwc-sg/2c6d703cfff74431a49aa14cf5d8c02b~tplv-o3syd03w52-resize-jpeg:1000:1000.image?,https://shop.tiktok.com/view/product/1732439851673817916?region=US&locale=en,张宇,3.4
2026/8/23,US,US,高潜,1729423993648419307,S231128002025,Finjani Plus,非SKM商家,大码女装,女士连衣裙,休闲连衣裙,大码女装+女士连衣裙,"(10000,+∞)",10.96,"(50,100]",104.55%,"(100%, 300%]","(10,30]",2023/12/18,979,非JIT商品,444,0,"Brown,Purple,Royal blue,Orange,Army green,Black*1 pc+White*1 pc,Deep red,Black,Off white,Black*1 pc+Army Green*1 pc,Apricot,Green",12,"4XL,1XL,0XL,3XL,2XL",5,Summer,https://p16-oec-ttp.tiktokcdn-us.com/tos-useast5-i-omjb5zjo8w-tx/7d526133ecd948ccb590978776c2faf8~tplv-omjb5zjo8w-resize-jpeg:1000:1000.image?,https://shop.tiktok.com/view/product/1729423993648419307?region=US&locale=en,张宇,4.5
2026/8/23,US,US,高潜,1729500782106416289,S260307034737,Muse Plus,SKM商家,大码女装,女士上装,女士 T 恤,大码女装+女士上装,"(1000,2000]",8.15,"(50,100]",75.00%,"(50%, 100%]","(10,30]",2026/3/7,169,非JIT商品,276,0,"Navy blue,Fluorescent powder,White,Black,Ocean blue,Light wash,Burgundy",7,"5XL,4XL,1XL,0XL,3XL,2XL",6,Summer,https://p16-oec-ttp.tiktokcdn-us.com/tos-useast5-i-omjb5zjo8w-tx/15a4852803b64ef28540ff14c212312e~tplv-omjb5zjo8w-resize-jpeg:1000:1000.image?,https://shop.tiktok.com/view/product/1729500782106416289?region=US&locale=en,郑川粤,3.7
2026/8/23,US,US,高潜,1730922579720507623,S250303014050,NovaMode.,非SKM商家,标码女装,女士下装,长裤,标码女装+女士下装,"(2000,5000]",14.66,"(50,100]",61.54%,"(50%, 100%]","(10,30]",2025/3/25,516,非JIT商品,393,0,"Baby pink,Cream,Fawn Brown,Black,Dark gray",5,"M,S,XL,XS,L,XXL",6,Spring&Fall,https://p16-oec-va.ibyteimg.com/tos-alisg-i-aphluv4xwc-sg/7e0251860e0c49108cdbf361291fb397~tplv-o3syd03w52-resize-jpeg:1000:1000.image?,https://shop.tiktok.com/view/product/1730922579720507623?region=US&locale=en,王谍,4.4
2026/8/23,US,US,高潜,1732035524382920981,S251109020882,Lovely wear,非SKM商家,标码女装,女士套装及西服,长裤套装,标码女装+女士套装及西服,"(100,500]",9.08,"(50,100]",87.50%,"(50%, 100%]","(10,30]",2025/11/9,287,JIT商品,9,"3,757","Multicolor5,Multicolor7,Pink and black,Multicolor6,Multicolor3,Multicolor9,Red and black,Black,Multicolor8,Multicolor4",10,"M,S,L,XL",4,Spring&Fall,https://p16-oec-ttp.tiktokcdn-us.com/tos-useast5-i-omjb5zjo8w-tx/58626ddb4b5f4b95a2a255df99b9f7ce~tplv-omjb5zjo8w-resize-jpeg:1000:1000.image?,https://shop.tiktok.com/view/product/1732035524382920981?region=US&locale=en,游宇航,4.6
2026/8/23,US,US,高潜,1729491479835742281,S240525004817,Dragons Kaoru,非SKM商家,大码女装,女士连衣裙,休闲连衣裙,大码女装+女士连衣裙,"(10000,+∞)",13.8,"(50,100]",184.21%,"(100%, 300%]","(10,30]",2024/6/4,810,非JIT商品,"10,965",0,"Multicolor7,Multicolor6,Multicolor9,Lilac,Black,Off white,Multicolor1,Multicolor8,Mint green,Pink,Multicolor5,Multicolor2,Multicolor3,Deep red,Yellow,Sky blue,Multicolor4",17,"5XL,4XL,1XL,0XL,3XL,2XL",6,Summer,https://p16-oec-ttp.tiktokcdn-us.com/tos-useast5-i-omjb5zjo8w-tx/887d8b7c0a43460aa1913b403e5c4786~tplv-omjb5zjo8w-resize-jpeg:1000:1000.image?,https://shop.tiktok.com/view/product/1729491479835742281?region=US&locale=en,张宇,3.3
2026/8/23,US,US,高潜,1729468951991521609,S240405003650,XL Sweat,非SKM商家,大码女装,女士针织衫,毛衣开衫,大码女装+女士针织衫,"(10000,+∞)",11.92,"(50,100]",90.91%,"(50%, 100%]","(10,30]",2024/4/23,852,非JIT商品,691,0,"Blue,Blue*1 pc+Mint Green*1 pc,Grey,Mint green,Pink,Khaki,Hot pink,Black,Mint Green*1 pc+Pink*1 pc,Mint Green*1 pc+White*1 pc,Off white,Mint Green*1 pc+Black*1 pc",12,"5XL,4XL,1XL,3XL,2XL",5,Spring&Fall,https://p16-oec-ttp.tiktokcdn-us.com/tos-useast5-i-omjb5zjo8w-tx/c64298c298eb4b3cb827bb6f242170f1~tplv-omjb5zjo8w-resize-jpeg:1000:1000.image?,https://shop.tiktok.com/view/product/1729468951991521609?region=US&locale=en,张宇,4.6
2026/8/23,US,US,高潜,1732404423136088225,S260518029728,Muse Plus,SKM商家,大码女装,女士连衣裙,休闲连衣裙,大码女装+女士连衣裙,"(500,1000]",12.66,"(50,100]",65.22%,"(50%, 100%]","(10,30]",2026/5/19,96,JIT商品,28,602,"Purple,Army green,White,Black,Dark wash",5,"4XL,1XL,0XL,3XL,2XL",5,Summer,https://p16-oec-ttp.tiktokcdn-us.com/tos-useast5-i-omjb5zjo8w-tx/fd7e2d899968478db78519878d71bf9c~tplv-omjb5zjo8w-resize-jpeg:1000:1000.image?,https://shop.tiktok.com/view/product/1732404423136088225?region=US&locale=en,郑川粤,3.7
2026/8/23,US,US,高潜,1731559350977138736,S250730008264,Eastoon Stars,非SKM商家,标码女装,女士下装,长裤,标码女装+女士下装,"(1000,2000]",24.88,"(50,100]",100.00%,"(50%, 100%]","(10,30]",2025/8/2,386,非JIT商品,80,0,"Coffee brown,Black,Apricot",3,"M,S,XL,L,XS",5,Spring&Fall,https://p16-oec-ttp.tiktokcdn-us.com/tos-useast5-i-omjb5zjo8w-tx/9794a6772f2548c384acba39334ed8d3~tplv-omjb5zjo8w-resize-jpeg:1000:1000.image?,https://shop.tiktok.com/view/product/1731559350977138736?region=US&locale=en,王谍,3.2
2026/8/23,US,US,高潜,1732499811390492868,S260718031004,FACIO Direct,非SKM商家,标码女装,女士针织衫,毛衣套头衫,标码女装+女士针织衫,"(100,500]",20.05,"(50,100]",110.53%,"(100%, 300%]","(0,10]",2026/7/23,31,非JIT商品,74,0,"Navy blue,Black,Coral pink,Brown",4,"M,S,L",3,Spring&Fall,https://p16-oec-va.ibyteimg.com/tos-maliva-i-o3syd03w52-us/1d7f65110c1446e8a4735771ca74028f~tplv-o3syd03w52-resize-jpeg:1000:1000.image?,https://shop.tiktok.com/view/product/1732499811390492868?region=US&locale=en,沈亦莎,4.3
2026/8/23,US,US,高潜,1732139976391036969,S251204168844,Nemophilist,非SKM商家,大码女装,女士下装,紧身裤,大码女装+女士下装,"(1000,2000]",10.2,"(50,100]",73.91%,"(50%, 100%]","(10,30]",2025/12/18,248,非JIT商品,75,0,Black,1,"5XL,4XL,1XL,3XL,2XL",5,All Seasons,https://p16-oec-ttp.tiktokcdn-us.com/tos-useast5-i-omjb5zjo8w-tx/a12c10f903ca4d3584856ad3071fc166~tplv-omjb5zjo8w-resize-jpeg:1000:1000.image?,https://shop.tiktok.com/view/product/1732139976391036969?region=US&locale=en,郑川粤,4.7
2026/8/23,US,US,高潜,1732440035295662381,S260612032404,Classic & Elegant,非SKM商家,大码女装,女士上装,女士背心&吊带衫,大码女装+女士上装,"(100,500]",6.54,"(50,100]",113.64%,"(100%, 300%]","(10,30]",2026/6/14,70,JIT商品,122,"1,518","Green print,Blue,Pink,Khaki,Hot pink,Emerald green,White,Black,Lace print,Green",10,"4XL,1XL,0XL,3XL,2XL",5,Summer,https://p16-oec-va.ibyteimg.com/tos-maliva-i-o3syd03w52-us/59b3c84e63d04a498da23be3d294a027~tplv-o3syd03w52-resize-jpeg:1000:1000.image?,https://shop.tiktok.com/view/product/1732440035295662381?region=US&locale=en,郑川粤,3.3
2026/8/23,US,US,高潜,1732064437605142601,S251118054445,Dragons Kaoru,非SKM商家,大码女装,女士穆斯林服饰,半身裙,大码女装+女士穆斯林服饰,"(500,1000]",11.16,"(50,100]",100.00%,"(50%, 100%]","(10,30]",2025/11/29,267,非JIT商品,208,0,"Pine green,Black,Brown",3,"4XL,1XL,0XL,3XL,2XL",5,All Seasons,https://p16-oec-ttp.tiktokcdn-us.com/tos-useast5-i-omjb5zjo8w-tx/44e943122c674027b55ce09ce2227836~tplv-omjb5zjo8w-resize-jpeg:1000:1000.image?,https://shop.tiktok.com/view/product/1732064437605142601?region=US&locale=en,张宇,3.3
2026/8/23,US,US,高潜,1730830986456765213,S250221016680,ONETHREEZERO,非SKM商家,大码女装,女士下装,长裤,大码女装+女士下装,"(10000,+∞)",11.06,"(50,100]",109.52%,"(100%, 300%]","(10,30]",2025/3/8,533,非JIT商品,"1,058",0,"Hot pink,Navy blue,Army green,Gray,Black,Blue",6,"5XL,4XL,1XL,3XL,2XL",5,Summer,https://p16-oec-ttp.tiktokcdn-us.com/tos-useast5-i-omjb5zjo8w-tx/7c78a6be2e3e4ab3b6c7875d12cc0ffb~tplv-omjb5zjo8w-resize-jpeg:1000:1000.image?,https://shop.tiktok.com/view/product/1730830986456765213?region=US&locale=en,郑川粤,3.9
2026/8/23,US,US,高潜,1732280630953284337,S260228035561,MO Threads,非SKM商家,大码女装,女士上装,女士衬衫,大码女装+女士上装,"(2000,5000]",4.99,"(50,100]",56.00%,"(50%, 100%]","(0,10]",2026/2/28,176,JIT商品,212,"1,123","Red,Navy blue,Lemon yellow,White,Lime yellow,Dark brown,Apricot,Burgundy",8,"4XL,1XL,3XL,2XL",4,Summer,https://p16-oec-va.ibyteimg.com/tos-maliva-i-o3syd03w52-us/32761efec5534364959eb8058b25d932~tplv-o3syd03w52-resize-jpeg:1000:1000.image?,https://shop.tiktok.com/view/product/1732280630953284337?region=US&locale=en,张宇,3.8
2026/8/23,US,US,高潜,1732034427342852606,S251021091784,Wangsiting clothes,非SKM商家,标码女装,女士针织衫,开衫,标码女装+女士针织衫,"(500,1000]",20.68,"(50,100]",220.00%,"(100%, 300%]","(10,30]",2025/11/8,288,JIT商品,69,390,"Khaki,Black",2,"M,S,XS,XL,L",5,Spring&Fall,https://p16-oec-ttp.tiktokcdn-us.com/tos-useast5-i-omjb5zjo8w-tx/9abc75fdd2a14086976ba7a08f3eaba9~tplv-omjb5zjo8w-resize-jpeg:1000:1000.image?,https://shop.tiktok.com/view/product/1732034427342852606?region=US&locale=en,王瑶,4.4
2026/8/23,US,US,高潜,1732491084711564200,S260714018921,Chic Weaves,非SKM商家,标码女装,女士针织衫,毛衣套头衫,标码女装+女士针织衫,"(100,500]",11.89,"(50,100]",100.00%,"(50%, 100%]","(10,30]",2026/7/17,37,非JIT商品,31,0,Multi-color,1,"M,S,L,XL,XXL",5,Spring&Fall,https://p16-oec-va.ibyteimg.com/tos-maliva-i-o3syd03w52-us/b42b75dd74ab46d5b831ee0821f48fad~tplv-o3syd03w52-resize-jpeg:1000:1000.image?,https://shop.tiktok.com/view/product/1732491084711564200?region=US&locale=en,王可心,4.7
2026/8/23,US,US,高潜,1730476339282940067,S241225011040,Yz Sweaters,非SKM商家,标码女装,女士针织衫,毛衣套头衫,标码女装+女士针织衫,"(2000,5000]",10.89,"(50,100]",135.00%,"(100%, 300%]","(10,30]",2025/1/11,589,非JIT商品,"3,342",0,"Baby pink,Pink,Cream,Navy blue,Black,Off white,Maroon",7,"M,S,L,XL",4,Spring&Fall,https://p16-oec-va.ibyteimg.com/tos-maliva-i-o3syd03w52-us/418aea6f66104d818cef0b6757ea8e46~tplv-o3syd03w52-resize-jpeg:1000:1000.image?,https://shop.tiktok.com/view/product/1730476339282940067?region=US&locale=en,沈亦莎,4.4
2026/8/23,US,US,高潜,1729750530461372496,S241011003371,chic angel,非SKM商家,标码女装,女士下装,长裤,标码女装+女士下装,"(5000,10000]",9.08,"(50,100]",78.26%,"(50%, 100%]","(10,30]",2024/10/27,665,非JIT商品,72,0,"Black and white and gray,Multicolor5,Khaki,Hot pink,Multicolor2,Multicolor3,Black,Multicolor1,Multicolor4",9,"M,S,XL,L",4,Spring&Fall,https://p16-oec-ttp.tiktokcdn-us.com/tos-useast5-i-omjb5zjo8w-tx/edfac9974e9443b79397bceaaee2666d~tplv-omjb5zjo8w-resize-jpeg:1000:1000.image?,https://shop.tiktok.com/view/product/1729750530461372496?region=US&locale=en,王谍,3.7
2026/8/23,US,US,高潜,1729503756534912849,S260309046037,Chic Price Cloaks,非SKM商家,标码女装,女士针织衫,毛衣套头衫,标码女装+女士针织衫,"(5000,10000]",20.46,"(50,100]",52.00%,"(50%, 100%]","(10,30]",2026/3/10,166,JIT商品,125,"1,879","Multicolor5,Multicolor2,Multicolor7,Multicolor3,Multicolor6,Multicolor9,Multicolor,Multicolor10,Multicolor4,Multicolor8",10,"M,S,XL,L,XXL",5,Summer,https://p16-oec-va.ibyteimg.com/tos-maliva-i-o3syd03w52-us/80d787387d8b43bc888b6f14871ff304~tplv-o3syd03w52-resize-jpeg:1000:1000.image?,https://shop.tiktok.com/view/product/1729503756534912849?region=US&locale=en,沈亦莎,4.3
2026/8/23,US,US,高潜,1730952917601915677,S250318022351,ONETHREEZERO,非SKM商家,大码女装,女士下装,长裤,大码女装+女士下装,"(2000,5000]",10.2,"(50,100]",65.22%,"(50%, 100%]","(0,10]",2025/3/29,512,非JIT商品,432,0,"Grey,Khaki,Navy blue,Army green,Yellow,Black,Dark gray",7,"5XL,4XL,1XL,3XL,2XL",5,Summer,https://p16-oec-ttp.tiktokcdn-us.com/tos-useast5-i-omjb5zjo8w-tx/943666e8886e453f990c301878888b8a~tplv-omjb5zjo8w-resize-jpeg:1000:1000.image?,https://shop.tiktok.com/view/product/1730952917601915677?region=US&locale=en,郑川粤,3.9
2026/8/23,US,US,高潜,1731841873099198537,S250922008836,Dragons Kaoru,非SKM商家,大码女装,女士下装,长裤,大码女装+女士下装,"(1000,2000]",13.1,"(50,100]",77.27%,"(50%, 100%]","(10,30]",2025/9/28,329,非JIT商品,382,0,"Bright blue,Black,Dark green",3,"4XL,1XL,0XL,3XL,2XL",5,Spring&Fall,https://p16-oec-ttp.tiktokcdn-us.com/tos-useast5-i-omjb5zjo8w-tx/86f6199b65d6471c9140bb1797270b3d~tplv-omjb5zjo8w-resize-jpeg:1000:1000.image?,https://shop.tiktok.com/view/product/1731841873099198537?region=US&locale=en,张宇,3.3
2026/8/23,US,US,高潜,1730843295602086082,S250305001368,Jorxe,非SKM商家,大码女装,女士连衣裙,休闲连衣裙,大码女装+女士连衣裙,"(10000,+∞)",14.06,"(50,100]",138.89%,"(100%, 300%]","(10,30]",2025/3/10,531,非JIT商品,654,0,"Black and white,Black,Off white,Black and white flowers",4,"4XL,1XL,0XL,3XL,2XL",5,Summer,https://p16-oec-va.ibyteimg.com/tos-maliva-i-o3syd03w52-us/60f91ed57fc04bcab41f7d11d3be4351~tplv-o3syd03w52-resize-jpeg:1000:1000.image?,https://shop.tiktok.com/view/product/1730843295602086082?region=US&locale=en,张宇,3.9
2026/8/23,US,US,高潜,1730791016652574994,S250224014982,Hiying,非SKM商家,标码女装,女士针织衫,毛衣套头衫,标码女装+女士针织衫,"(5000,10000]",17.32,"(50,100]",95.24%,"(50%, 100%]","(10,30]",2025/3/3,538,非JIT商品,192,0,"Jet black,Medium wash,Dusty gray,Mint green,Baby pink,Khaki,Lilac,Multicolor,Bright yellow",9,"M,S,XL,L,XXL",5,Summer,https://p16-oec-ttp.tiktokcdn-us.com/tos-useast5-i-omjb5zjo8w-tx/04512d58d16b4743b0d1df467a2ea57c~tplv-omjb5zjo8w-resize-jpeg:1000:1000.image?,https://shop.tiktok.com/view/product/1730791016652574994?region=US&locale=en,沈亦莎,3.5
2026/8/23,US,US,高潜,1732309418603679988,S260328007864,GleamStyle,非SKM商家,标码女装,女士下装,长裤,标码女装+女士下装,"(500,1000]",11.85,"(50,100]",56.52%,"(50%, 100%]","(10,30]",2026/3/30,146,JIT商品,174,0,"Navy blue,Dark beige,Dark gray,Deep blue,Apricot",5,"M,S,XL,XS,L",5,Spring&Fall,https://p16-oec-ttp.tiktokcdn-us.com/tos-useast5-i-omjb5zjo8w-tx/e8fe413a66fa4455baea4128438854b7~tplv-omjb5zjo8w-resize-jpeg:1000:1000.image?,https://shop.tiktok.com/view/product/1732309418603679988?region=US&locale=en,王谍,3.7
2026/8/23,US,US,高潜,1732391130010783817,S260509009033,Easy Buy Relax,非SKM商家,大码女装,连体衣,连体裤,大码女装+连体衣,"(100,500]",15.08,"(50,100]",105.26%,"(100%, 300%]","(10,30]",2026/5/13,102,非JIT商品,337,0,"Fawn brown,Brown",2,"4XL,1XL,0XL,3XL,2XL",5,Summer,https://p16-oec-va.ibyteimg.com/tos-maliva-i-o3syd03w52-us/73b2ae923cb94836a5ce155f1aac4059~tplv-o3syd03w52-resize-jpeg:1000:1000.image?,https://shop.tiktok.com/view/product/1732391130010783817?region=US&locale=en,郑川粤,4.6
2026/8/23,US,US,高潜,1732474047653843880,S260704010843,Chic Weaves,非SKM商家,标码女装,女士针织衫,毛衣套头衫,标码女装+女士针织衫,"(100,500]",17.38,"(50,100]",178.57%,"(100%, 300%]","(10,30]",2026/7/7,47,非JIT商品,109,0,"Coffee brown,Khaki,Gray",3,"M,S,L,XL,XXL",5,Spring&Fall,https://p16-oec-va.ibyteimg.com/tos-maliva-i-o3syd03w52-us/c9c90c0a0454401b84d23617f10eb743~tplv-o3syd03w52-resize-jpeg:1000:1000.image?,https://shop.tiktok.com/view/product/1732474047653843880?region=US&locale=en,王可心,4.7
2026/8/23,US,US,高潜,1732452862889857448,S260612024044,YMW,非SKM商家,标码女装,女士套装及西服,半裙套装,标码女装+女士套装及西服,"(100,500]",13,"(50,100]",116.67%,"(100%, 300%]","(10,30]",2026/6/26,58,非JIT商品,166,0,"Pink,Black,Apricot,Green",4,"M,S,L,XL,XXL",5,Spring&Fall,https://p16-oec-va.ibyteimg.com/tos-maliva-i-o3syd03w52-us/e8f69bde6e024243aeb8175384b90783~tplv-o3syd03w52-resize-jpeg:1000:1000.image?,https://shop.tiktok.com/view/product/1732452862889857448?region=US&locale=en,黄依婷,3.8
2026/8/23,US,US,高潜,1732368928710103059,S260426010739,ZC-fashion,非SKM商家,大码女装,女士连衣裙,休闲连衣裙,大码女装+女士连衣裙,"(500,1000]",19.63,"(50,100]",60.87%,"(50%, 100%]","(10,30]",2026/5/9,106,非JIT商品,432,0,"Blue,Hot pink,Orange,Yellow,Gray,Black,Green",7,"4XL,1XL,0XL,3XL,2XL",5,Summer,https://p16-oec-ttp.tiktokcdn-us.com/tos-useast5-i-omjb5zjo8w-tx/fc03fe34f85549c8ac4efa7ad0260421~tplv-omjb5zjo8w-resize-jpeg:1000:1000.image?,https://shop.tiktok.com/view/product/1732368928710103059?region=US&locale=en,张宇,4
2026/8/23,US,US,高潜,1731592643499233605,S250731027749,YouAnnn,非SKM商家,标码女装,女士针织衫,开衫,标码女装+女士针织衫,"(2000,5000]",17.13,"(50,100]",100.00%,"(50%, 100%]","(0,10]",2025/8/10,378,非JIT商品,192,0,"Red,Black,Brown",3,"M,S,XL,L,XXL",5,Fall&Winter,https://p16-oec-va.ibyteimg.com/tos-maliva-i-o3syd03w52-us/7f2b298631244f58ae367dd097f772fc~tplv-o3syd03w52-resize-jpeg:1000:1000.image?,https://shop.tiktok.com/view/product/1731592643499233605?region=US&locale=en,沈亦莎,4.3
2026/8/23,US,US,高潜,1732291077994680757,S260315018053,HPGclothing,非SKM商家,大码女装,女士连衣裙,休闲连衣裙,大码女装+女士连衣裙,"(500,1000]",7.84,"(50,100]",104.76%,"(100%, 300%]","(10,30]",2026/3/15,161,非JIT商品,192,0,"Purple,Pink,Black,Blue",4,"5XL,4XL,1XL,3XL,2XL",5,Summer,https://p16-oec-ttp.tiktokcdn-us.com/tos-useast5-i-omjb5zjo8w-tx/38e1c638466646e3a618d3193f9ef1bd~tplv-omjb5zjo8w-resize-jpeg:1000:1000.image?,https://shop.tiktok.com/view/product/1732291077994680757?region=US&locale=en,张宇,2.6
2026/8/23,US,US,高潜,1730712830241903361,S250116006622,Keechic,非SKM商家,标码女装,女士套装及西服,长裤套装,标码女装+女士套装及西服,"(10000,+∞)",19.18,"(50,100]",95.00%,"(50%, 100%]","(0,10]",2025/2/20,549,非JIT商品,624,0,"Green,Brown,Grey,Pink,Black,Apricot,Blue",7,"M,S,XL,L,XXL",5,Summer,https://p16-oec-ttp.tiktokcdn-us.com/tos-useast5-i-omjb5zjo8w-tx/13a5032bd5f64c198a513dbe4aec161c~tplv-omjb5zjo8w-resize-jpeg:1000:1000.image?,https://shop.tiktok.com/view/product/1730712830241903361?region=US&locale=en,黄依婷,3.8
2026/8/23,US,US,高潜,1732254717787803744,S260110017613,Luxury Leisure,非SKM商家,标码女装,女士套装及西服,长裤套装,标码女装+女士套装及西服,"(2000,5000]",11.82,"(50,100]",58.33%,"(50%, 100%]","(0,10]",2026/1/23,212,非JIT商品,213,0,"Coffee brown,Hot pink,Pink and black,Black and green,Black,Dark green,Blue",7,"M,S,L,XL,XXL",5,Summer,https://p16-oec-va.ibyteimg.com/tos-maliva-i-o3syd03w52-us/ffaf3f4f2ca14da298429b31a3f8fd3f~tplv-o3syd03w52-resize-jpeg:1000:1000.image?,https://shop.tiktok.com/view/product/1732254717787803744?region=US&locale=en,刘雪莹,4.5
2026/8/23,US,US,高潜,1732358578777264942,S260422013983,Einsamw,非SKM商家,标码女装,女士套装及西服,半裙套装,标码女装+女士套装及西服,"(2000,5000]",18.47,"(50,100]",55.00%,"(50%, 100%]","(0,10]",2026/4/29,116,非JIT商品,"1,048",0,"Purple,Yellow,White,Black,Blue",5,"M,S,L,XL,XXL",5,Summer,https://p16-oec-ttp.tiktokcdn-us.com/tos-useast5-i-omjb5zjo8w-tx/caa6476667fb45df9be193200cdcc057~tplv-omjb5zjo8w-resize-jpeg:1000:1000.image?,https://shop.tiktok.com/view/product/1732358578777264942?region=US&locale=en,黄依婷,4.6
2026/8/23,US,US,高潜,1731749256176570416,S250908021808,Eastoon Stars,非SKM商家,标码女装,女士下装,长裤,标码女装+女士下装,"(500,1000]",17.11,"(50,100]",61.90%,"(50%, 100%]","(0,10]",2025/9/10,347,非JIT商品,123,0,"Royal blue,Gray,Black,Dark gray",4,"M,S,L,XS,XL",5,Spring&Fall,https://p16-oec-va.ibyteimg.com/tos-maliva-i-o3syd03w52-us/108d4d6ab9c74444b8ff1aa1fe01e939~tplv-o3syd03w52-resize-jpeg:1000:1000.image?,https://shop.tiktok.com/view/product/1731749256176570416?region=US&locale=en,王谍,3.2
2026/8/23,US,US,高潜,1732424102204510996,S260602035429,Beta International,非SKM商家,标码女装,女士下装,短裤,标码女装+女士下装,"(100,500]",19.71,"(50,100]",466.67%,"(300%, 500%]","(10,30]",2026/6/2,82,JIT商品,83,"5,066,351","Multicolor7,Colorful 14,Multicolor6,Color 16,Multicolor9,Multicolor12,Colorful 13,Multicolor1,Multicolor8,Multicolor11,Multicolor5,Multicolor2,Multicolor3,Colorful 15,Multicolor10,Multicolor4",16,"M,S,XL,L",4,Summer,https://p16-oec-va.ibyteimg.com/tos-maliva-i-o3syd03w52-us/09dbe77c7b0949daab076e368737a69f~tplv-o3syd03w52-resize-jpeg:1000:1000.image?,https://shop.tiktok.com/view/product/1732424102204510996?region=US&locale=en,王瑶,3.9
2026/8/23,US,US,高潜,1729538125195874352,S240614006215,Eastoon Stars,非SKM商家,标码女装,女士下装,长裤,标码女装+女士下装,"(10000,+∞)",11.56,"(50,100]",150.00%,"(100%, 300%]","(10,30]",2024/7/2,782,非JIT商品,198,0,"Coffee brown,Set2,Set4,Set1,Khaki,Army green,Pebble lime,Black,Set5,Set3,Dark gray,Brown",12,"M,S,L,XL,XS",5,Spring&Fall,https://p16-oec-va.ibyteimg.com/tos-maliva-i-o3syd03w52-us/828aa918717849f09637165512a4ed52~tplv-o3syd03w52-resize-jpeg:1000:1000.image?,https://shop.tiktok.com/view/product/1729538125195874352?region=US&locale=en,王谍,3.2
2026/8/23,US,US,高潜,1729449619846501099,S240228003313,Bettlity,非SKM商家,标码女装,女士针织衫,毛衣套头衫,标码女装+女士针织衫,"(10000,+∞)",14.4,"(50,100]",73.68%,"(50%, 100%]","(0,10]",2024/3/14,892,非JIT商品,295,0,"Army green,Black,Coral pink,Apricot",4,"M,S,XL,L,XXL",5,Spring&Fall,https://p16-oec-ttp.tiktokcdn-us.com/tos-useast5-i-omjb5zjo8w-tx/4ee77d98d4c24645954af88983c62975~tplv-omjb5zjo8w-resize-jpeg:1000:1000.image?,https://shop.tiktok.com/view/product/1729449619846501099?region=US&locale=en,沈亦莎,4.7
2026/8/23,US,US,高潜,1729457773679907477,S240325001454,Lusmay,非SKM商家,标码女装,女士针织衫,开衫,标码女装+女士针织衫,"(10000,+∞)",13.2,"(50,100]",127.78%,"(100%, 300%]","(10,30]",2024/4/1,874,非JIT商品,704,0,"Grey,Coffee brown,Pink,Khaki,Orange,Army green,Black,Off white,Apricot,Burgundy",10,"M,S,L,XL,XXL",5,Summer,https://p16-oec-va.ibyteimg.com/tos-alisg-i-aphluv4xwc-sg/1177151a8466417f86910bc05baac467~tplv-o3syd03w52-resize-jpeg:1000:1000.image?,https://shop.tiktok.com/view/product/1729457773679907477?region=US&locale=en,王可心,4.7
2026/8/23,US,US,高潜,1732333949214757692,S260410024108,AIWEIEN Plus Size,非SKM商家,大码女装,女士连衣裙,休闲连衣裙,大码女装+女士连衣裙,"(500,1000]",11.76,"(50,100]",388.89%,"(300%, 500%]","(10,30]",2026/4/18,127,非JIT商品,513,0,"Multicolor5,Multicolor2,Multicolor3,Multi-color,Multicolor4",5,"5XL,4XL,1XL,3XL,2XL",5,Summer,https://p16-oec-va.ibyteimg.com/tos-maliva-i-o3syd03w52-us/68a8ff93f832442288b61da951212dac~tplv-o3syd03w52-resize-jpeg:1000:1000.image?,https://shop.tiktok.com/view/product/1732333949214757692?region=US&locale=en,张宇,3.4
2026/8/23,US,US,高潜,1729468360407093475,S240320001438,GEORGIO PEVIANI,非SKM商家,大码女装,牛仔,牛仔短裤,大码女装+牛仔,"(10000,+∞)",14.76,"(50,100]",55.00%,"(50%, 100%]","(0,10]",2024/4/22,853,非JIT商品,523,0,"Gray,Black,Light wash,Dark wash",4,"4XL,1XL,0XL,3XL,2XL",5,Summer,https://p16-oec-ttp.tiktokcdn-us.com/tos-useast5-i-omjb5zjo8w-tx/5d57a6822a04463cae1538fbbc0374e1~tplv-omjb5zjo8w-resize-jpeg:1000:1000.image?,https://shop.tiktok.com/view/product/1729468360407093475?region=US&locale=en,郑川粤,4.4
2026/8/23,US,US,高潜,1732407121228567019,S260521006653,DolceAmara,非SKM商家,标码女装,女士套装及西服,短裤套装,标码女装+女士套装及西服,"(100,500]",11.2,"(50,100]",173.33%,"(100%, 300%]","(10,30]",2026/5/27,88,非JIT商品,333,0,"Navy blue,Pink, Brown, White,Dusty blue",5,"M,S,XL,L,XXL",5,Summer,https://p16-oec-va.ibyteimg.com/tos-maliva-i-o3syd03w52-us/2a5308be73314d01b728348a58181f92~tplv-o3syd03w52-resize-jpeg:1000:1000.image?,https://shop.tiktok.com/view/product/1732407121228567019?region=US&locale=en,黄依婷,3.8
2026/8/23,US,US,高潜,1730330040679895812,S241204010240,SML Sweaters,非SKM商家,标码女装,女士针织衫,开衫,标码女装+女士针织衫,"(5000,10000]",13.39,"(50,100]",169.23%,"(100%, 300%]","(10,30]",2024/12/22,609,非JIT商品,459,0,"Grey,Pink,Khaki,Black,Off white",5,"M,S,L,XL",4,Spring&Fall,https://p16-oec-ttp.tiktokcdn-us.com/tos-useast5-i-omjb5zjo8w-tx/a1a5fc506a134ce4ab7921117c2b0609~tplv-omjb5zjo8w-resize-jpeg:1000:1000.image?,https://shop.tiktok.com/view/product/1730330040679895812?region=US&locale=en,王可心,4.2
2026/8/23,US,US,高潜,1729536877936808861,S240623001769,ZhuTong clothing,非SKM商家,标码女装,女士下装,半身裙,标码女装+女士下装,"(5000,10000]",9.07,"(50,100]",66.67%,"(50%, 100%]","(0,10]",2024/7/1,783,非JIT商品,173,0,"Multicolor,Multicolor1,Apricot",3,"M,S,L,XL,XXL",5,Spring&Fall,https://p16-oec-ttp.tiktokcdn-us.com/tos-useast5-i-omjb5zjo8w-tx/216fbf4ce46340ed95a4888abc7785d4~tplv-omjb5zjo8w-resize-jpeg:1000:1000.image?,https://shop.tiktok.com/view/product/1729536877936808861?region=US&locale=en,张健,4.3
2026/8/23,US,US,高潜,1732482611314725827,S260709038299,Calorie Club,非SKM商家,标码女装,女士套装及西服,长裤套装,标码女装+女士套装及西服,"(0,100]",25.47,"(50,100]",94.74%,"(50%, 100%]","(10,30]",2026/7/14,40,JIT商品,327,202,"Black and white polka dots,Blue stripes,Cream white with black polka dots,Black stripes,Dark blue with white polka dots,Brown and white polka dots,Brown stripes",7,"M,S,L,XL",4,All Seasons,https://p16-oec-va.ibyteimg.com/tos-maliva-i-o3syd03w52-us/5ca34d8af7614082903f9ea7646f5ae2~tplv-o3syd03w52-resize-jpeg:1000:1000.image?,https://shop.tiktok.com/view/product/1732482611314725827?region=US&locale=en,刘雪莹,4.9
2026/8/23,US,US,高潜,1729503397908223777,S260309081147,Chic Discount Suits,非SKM商家,大码女装,女士上装,女士衬衫,大码女装+女士上装,"(1000,2000]",12.03,"(50,100]",83.33%,"(50%, 100%]","(10,30]",2026/3/9,167,非JIT商品,324,0,"Lavender,Pink,Turquoise,Olive green,Navy blue,Flame red,Dusty blue,Black,White",9,"5XL,4XL,1XL,3XL,2XL",5,Summer,https://p16-oec-va.ibyteimg.com/tos-maliva-i-o3syd03w52-us/bb0b6bd994f54f39b7c978446d03b565~tplv-o3syd03w52-resize-jpeg:1000:1000.image?,https://shop.tiktok.com/view/product/1729503397908223777?region=US&locale=en,张宇,4.7
2026/8/23,US,US,高潜,1732502033734800030,S260719018581,Chic Night Luxe,非SKM商家,标码女装,女士下装,长裤,标码女装+女士下装,"(5000,10000]",17.13,"(50,100]",123.53%,"(100%, 300%]","(10,30]",2026/7/20,34,JIT商品,60,"217,634","Orange red,Egg yolk,Royal blue,Matcha color,Light green,Navy blue,Gray,Dusty blue,Green,Coffee color,light yellow,Burgundy,Jet black,Army green,Chestnut Brown,Bright red,Military green,Black,Heather violet,Turquoise,Hot pink,Milk yellow,Even Green,Lemon yellow,White,Sky blue,Ginger yellow,Maroon",28,"M,XXXL,S,XXXXL,L,XL,XXL",7,Spring&Fall,https://p16-oec-va.ibyteimg.com/tos-alisg-i-aphluv4xwc-sg/f203144891df4872b7eb938f7d815161~tplv-o3syd03w52-resize-jpeg:1000:1000.image?,https://shop.tiktok.com/view/product/1732502033734800030?region=US&locale=en,王瑶,3.4
2026/8/23,US,US,高潜,1729485236274106562,S240509002489,Jorxe,非SKM商家,大码女装,女士套装及西服,裙子套装,大码女装+女士套装及西服,"(5000,10000]",11.58,"(50,100]",57.14%,"(50%, 100%]","(10,30]",2024/5/23,822,非JIT商品,87,0,"Black,Off white,Multicolor1,Blue",4,"4XL,1XL,0XL,3XL,2XL",5,Summer,https://p16-oec-ttp.tiktokcdn-us.com/tos-useast5-i-omjb5zjo8w-tx/0fe4724f936d4f22ae167bcd8cf94514~tplv-omjb5zjo8w-resize-jpeg:1000:1000.image?,https://shop.tiktok.com/view/product/1729485236274106562?region=US&locale=en,张宇,3.9
2026/8/23,US,US,高潜,1731014311835308523,S250327007906,Finjani Plus,非SKM商家,大码女装,女士下装,半身裙,大码女装+女士下装,"(2000,5000]",12.99,"(50,100]",82.35%,"(50%, 100%]","(10,30]",2025/4/11,499,非JIT商品,174,0,"Green,Hot pink,Black,Sky blue,Blue",5,"4XL,1XL,0XL,3XL,2XL",5,Spring&Fall,https://p16-oec-ttp.tiktokcdn-us.com/tos-useast5-i-omjb5zjo8w-tx/316059c668e247d79f987aa577be3ffd~tplv-omjb5zjo8w-resize-jpeg:1000:1000.image?,https://shop.tiktok.com/view/product/1731014311835308523?region=US&locale=en,张宇,4.5
2026/8/23,US,US,高潜,1732307573801324559,S260326066996,CNUSCB44ELYU,非SKM商家,标码女装,女士下装,短裤,标码女装+女士下装,"(1000,2000]",8.48,"(50,100]",68.42%,"(50%, 100%]","(0,10]",2026/3/27,149,非JIT商品,661,0,Black,1,"M,S,XL,L,XXL,XS",6,Summer,https://p16-oec-ttp.tiktokcdn-us.com/tos-useast5-i-omjb5zjo8w-tx/b844dd099da142febf4c54b756fabb43~tplv-omjb5zjo8w-resize-jpeg:1000:1000.image?,https://shop.tiktok.com/view/product/1732307573801324559?region=US&locale=en,张健,4
2026/8/23,US,US,高潜,1731488704280760663,S250717009874,FOXCLAW Curve,非SKM商家,大码女装,女士上装,女士衬衫,大码女装+女士上装,"(1000,2000]",10.37,"(50,100]",126.67%,"(100%, 300%]","(10,30]",2025/7/20,399,非JIT商品,190,0,"Pink,Navy blue,Deep pink",3,"5XL,4XL,1XL,3XL,2XL",5,Spring&Fall,https://p16-oec-va.ibyteimg.com/tos-maliva-i-o3syd03w52-us/5bfbd43cadcd4452b6f0cbbf612fa5fb~tplv-o3syd03w52-resize-jpeg:1000:1000.image?,https://shop.tiktok.com/view/product/1731488704280760663?region=US&locale=en,郑川粤,4.1
2026/8/23,US,US,高潜,1729475074427556161,S240418006856,in da club,非SKM商家,标码女装,女士套装及西服,短裤套装,标码女装+女士套装及西服,"(10000,+∞)",10.52,"(50,100]",73.68%,"(50%, 100%]","(10,30]",2024/5/7,838,非JIT商品,167,0,"Green,Purple,Pink,Deep red,Multicolor9,Yellow,Black,Beige,Blue",9,"M,S,L,XL,XXL",5,Summer,https://p16-oec-ttp.tiktokcdn-us.com/tos-useast5-i-omjb5zjo8w-tx/9ef38f637bef493f8f6142c0f3f566b4~tplv-omjb5zjo8w-resize-jpeg:1000:1000.image?,https://shop.tiktok.com/view/product/1729475074427556161?region=US&locale=en,游宇航,4.8
2026/8/23,US,US,高潜,1732460717335810836,S260626013392,Beta International,非SKM商家,标码女装,女士套装及西服,短裤套装,标码女装+女士套装及西服,"(100,500]",11.22,"(50,100]",94.12%,"(50%, 100%]","(10,30]",2026/6/28,56,JIT商品,45,"853,270","Pink,Multicolor2,Multicolor7,White,Multicolor,Black,Multicolor4",7,"M,S,XL,L",4,Summer,https://p16-oec-va.ibyteimg.com/tos-maliva-i-o3syd03w52-us/1f8e539b7a5c4041b9d308ebb2f8eb5c~tplv-o3syd03w52-resize-jpeg:1000:1000.image?,https://shop.tiktok.com/view/product/1732460717335810836?region=US&locale=en,王瑶,3.9
2026/8/23,US,US,高潜,1732353969669903195,S260418022144,FNZE Fashion,非SKM商家,大码女装,女士连衣裙,休闲连衣裙,大码女装+女士连衣裙,"(100,500]",17.7,"(50,100]",52.63%,"(50%, 100%]","(0,10]",2026/4/18,127,JIT商品,20,66,"Brown,Orange,Dark blue,Fawn brown,Heather violet,Green",6,One-size,1,Summer,https://p16-oec-ttp.tiktokcdn-us.com/tos-useast5-i-omjb5zjo8w-tx/579d6a7fcb984feaaffcb09eadf799f7~tplv-omjb5zjo8w-resize-jpeg:1000:1000.image?,https://shop.tiktok.com/view/product/1732353969669903195?region=US&locale=en,张宇,4.9
2026/8/23,US,US,高潜,1732515886554583889,S260725003344,Chic Price Cloaks,非SKM商家,标码女装,女士针织衫,毛衣套头衫,标码女装+女士针织衫,"(0,100]",12.95,"(50,100]",100.00%,"(50%, 100%]","(0,10]",2026/7/27,27,JIT商品,19,443,Khaki,1,"M,S,XL,L,XXL",5,Spring&Fall,https://p16-oec-va.ibyteimg.com/tos-alisg-i-aphluv4xwc-sg/02e069cc817f409eb4fbb68af1e33ef8~tplv-o3syd03w52-resize-jpeg:1000:1000.image?,https://shop.tiktok.com/view/product/1732515886554583889?region=US&locale=en,沈亦莎,4.3
2026/8/23,US,US,高潜,1732305810637230241,S260325063827,Muse Plus,SKM商家,大码女装,女士上装,女士 T 恤,大码女装+女士上装,"(1000,2000]",8.94,"(50,100]",191.67%,"(100%, 300%]","(10,30]",2026/3/25,151,非JIT商品,543,0,"Orange-red,Purple,Pink,Navy blue,Yellow,White,Black,Light wash,Green",9,"5XL,4XL,1XL,0XL,3XL,2XL",6,Summer,https://p16-oec-ttp.tiktokcdn-us.com/tos-useast5-i-omjb5zjo8w-tx/0217a2b1086742b993202733588b0375~tplv-omjb5zjo8w-resize-jpeg:1000:1000.image?,https://shop.tiktok.com/view/product/1732305810637230241?region=US&locale=en,郑川粤,3.7
2026/8/23,US,US,高潜,1731392594877321945,S250625012555,Auspico,非SKM商家,标码女装,女士针织衫,毛衣套头衫,标码女装+女士针织衫,"(500,1000]",15.35,"(50,100]",133.33%,"(100%, 300%]","(10,30]",2025/7/2,417,JIT商品,6,146,"Hot pink,Army green,Apricot",3,"M,S,XL,L,XXL",5,Fall&Winter,https://p16-oec-ttp.tiktokcdn-us.com/tos-useast5-i-omjb5zjo8w-tx/16252ee4451a4cdab11c5619e95b2756~tplv-omjb5zjo8w-resize-jpeg:1000:1000.image?,https://shop.tiktok.com/view/product/1731392594877321945?region=US&locale=en,沈亦莎,3.5
2026/8/23,US,US,高潜,1732478755592114964,S260707035135,Beta International,非SKM商家,标码女装,女士下装,短裤,标码女装+女士下装,"(0,100]",17.57,"(50,100]",133.33%,"(100%, 300%]","(0,10]",2026/7/7,47,JIT商品,0,"7,466,499","Colorful 18,Color 14,Multicolor7,Multicolor6,Multicolor9,Color 16,Multicolor12,Multicolor,Colorful 13,Colorful 17,Multicolor1,Multicolor8,Colorful 19,Multicolor5,Multicolor11,Multicolor2,Multicolor3,Colorful 15,Colorful 20,Multicolor10,Multicolor4",21,"M,S,L,XL",4,Summer,https://p16-oec-va.ibyteimg.com/tos-maliva-i-o3syd03w52-us/f8cd60b9f350441e891b941747921698~tplv-o3syd03w52-resize-jpeg:1000:1000.image?,https://shop.tiktok.com/view/product/1732478755592114964?region=US&locale=en,王瑶,3.9
2026/8/23,US,US,高潜,1729553209037066748,S240706003771,Hi anan,非SKM商家,标码女装,女士针织衫,开衫,标码女装+女士针织衫,"(5000,10000]",20.79,"(50,100]",52.63%,"(50%, 100%]","(10,30]",2024/7/17,767,非JIT商品,164,0,"Royal blue,Khaki,Light brown,Deep red,Black,Green",6,"M,S,XL,L",4,Spring&Fall,https://p16-oec-va.ibyteimg.com/tos-maliva-i-o3syd03w52-us/000795f9b25e42ee8185a220e555ca10~tplv-o3syd03w52-resize-jpeg:1000:1000.image?,https://shop.tiktok.com/view/product/1729553209037066748?region=US&locale=en,沈亦莎,4.4
2026/8/23,US,US,高潜,1732318009471635683,S260403021275,GEORGIO PEVIANI,非SKM商家,大码女装,牛仔,牛仔长裤,大码女装+牛仔,"(500,1000]",18.8,"(50,100]",112.50%,"(100%, 300%]","(10,30]",2026/4/10,135,非JIT商品,452,0,"Light wash,Dark wash,Blue",3,"4XL,1XL,0XL,3XL,2XL",5,Fall&Winter,https://p16-oec-ttp.tiktokcdn-us.com/tos-useast5-i-omjb5zjo8w-tx/092b196b3ead4c0090db47a83aa3b75d~tplv-omjb5zjo8w-resize-jpeg:1000:1000.image?,https://shop.tiktok.com/view/product/1732318009471635683?region=US&locale=en,郑川粤,4.4
2026/8/23,US,US,高潜,1731414435824177477,S250701009873,YouAnnn,非SKM商家,标码女装,女士针织衫,开衫,标码女装+女士针织衫,"(500,1000]",15.49,"(50,100]",142.86%,"(100%, 300%]","(10,30]",2025/7/7,412,非JIT商品,320,0,"Pink,Yellow,White,Blue",4,"M,S,XL,L,XXL",5,Fall&Winter,https://p16-oec-va.ibyteimg.com/tos-maliva-i-o3syd03w52-us/0ea54feec92b4b14a830f49c9b60d45e~tplv-o3syd03w52-resize-jpeg:1000:1000.image?,https://shop.tiktok.com/view/product/1731414435824177477?region=US&locale=en,沈亦莎,4.3
2026/8/23,US,US,高潜,1732448489499496939,S260610011073,DolceAmara,非SKM商家,标码女装,女士套装及西服,长裤套装,标码女装+女士套装及西服,"(100,500]",16.4,"(50,100]",73.33%,"(50%, 100%]","(0,10]",2026/6/18,66,非JIT商品,691,0,"Coffee brown,Khaki & Brown,Red,Khaki & Green,Blue",5,"M,S,XL,L,XXL",5,Spring&Fall,https://p16-oec-va.ibyteimg.com/tos-maliva-i-o3syd03w52-us/216a191f386b4e3cad55ffd772b24340~tplv-o3syd03w52-resize-jpeg:1000:1000.image?,https://shop.tiktok.com/view/product/1732448489499496939?region=US&locale=en,黄依婷,3.8
2026/8/23,US,US,高潜,1732279031557951516,S260226043477,Design Weave,非SKM商家,标码女装,女士针织衫,毛衣套头衫,标码女装+女士针织衫,"(0,100]",16.59,"(30,50]",72.22%,"(50%, 100%]","(0,10]",2026/3/20,156,JIT商品,55,924,Brown and white,1,"M,S,XL,L,XXL",5,Summer,https://p16-oec-ttp.tiktokcdn-us.com/tos-useast5-i-omjb5zjo8w-tx/e9a94e287dd649aab9fad5344740eac8~tplv-omjb5zjo8w-resize-jpeg:1000:1000.image?,https://shop.tiktok.com/view/product/1732279031557951516?region=US&locale=en,沈亦莎,3
2026/8/23,US,US,高潜,1732490232480240124,S260714003622,Hi anan,非SKM商家,标码女装,女士针织衫,毛衣套头衫,标码女装+女士针织衫,"(0,100]",14.89,"(30,50]",55.56%,"(50%, 100%]","(10,30]",2026/7/30,24,非JIT商品,148,0,"White,Black,Apricot",3,"M,S,XL,L",4,Spring&Fall,https://p16-oec-va.ibyteimg.com/tos-maliva-i-o3syd03w52-us/621895efa6804e0993b6a809ef86ec99~tplv-o3syd03w52-resize-jpeg:1000:1000.image?,https://shop.tiktok.com/view/product/1732490232480240124?region=US&locale=en,沈亦莎,4.4
2026/8/23,US,US,高潜,1731505841256239270,S250711015335,Agivvia,非SKM商家,标码女装,女士针织衫,毛衣套头衫,标码女装+女士针织衫,"(500,1000]",19.25,"(30,50]",93.75%,"(50%, 100%]","(10,30]",2025/7/23,396,非JIT商品,339,0,"Coffee brown,Cream,Dark gray",3,"M,S,L,XL",4,Fall&Winter,https://p16-oec-va.ibyteimg.com/tos-alisg-i-aphluv4xwc-sg/d5478e790135495bb67cca05eed02534~tplv-o3syd03w52-resize-jpeg:1000:1000.image?,https://shop.tiktok.com/view/product/1731505841256239270?region=US&locale=en,王可心,3.9
2026/8/23,US,US,高潜,1732386993621603240,S260506024972,Chic Weaves,非SKM商家,标码女装,女士针织衫,开衫,标码女装+女士针织衫,"(100,500]",19,"(30,50]",66.67%,"(50%, 100%]","(10,30]",2026/5/10,105,非JIT商品,112,0,"Silver,Khaki,Black,Dark blue",4,"M,S,L,XL,XXL",5,Spring&Fall,https://p16-oec-va.ibyteimg.com/tos-maliva-i-o3syd03w52-us/da861ddcfa404d63941d7f904993f921~tplv-o3syd03w52-resize-jpeg:1000:1000.image?,https://shop.tiktok.com/view/product/1732386993621603240?region=US&locale=en,王可心,4.7
2026/8/23,US,US,高潜,1732474022963614632,S260704009358,Chic Weaves,非SKM商家,标码女装,女士针织衫,毛衣套头衫,标码女装+女士针织衫,"(100,500]",19.25,"(30,50]",138.46%,"(100%, 300%]","(0,10]",2026/7/7,47,非JIT商品,50,0,Multi-color,1,"M,S,L,XL,XXL",5,Spring&Fall,https://p16-oec-va.ibyteimg.com/tos-maliva-i-o3syd03w52-us/e6c6d78b62584089abe92c6aeeef757b~tplv-o3syd03w52-resize-jpeg:1000:1000.image?,https://shop.tiktok.com/view/product/1732474022963614632?region=US&locale=en,王可心,4.7
2026/8/23,US,US,高潜,1732541821631370152,S260808026177,Chic Weaves,非SKM商家,标码女装,女士针织衫,开衫,标码女装+女士针织衫,"(0,100]",24.41,"(30,50]",146.15%,"(100%, 300%]","(10,30]",2026/8/11,12,非JIT商品,422,0,"Turquoise green,Baby pink,Iron gray,Dark wash,Burgundy",5,"M,S,XL,L,XXL",5,Spring&Fall,https://p16-oec-va.ibyteimg.com/tos-alisg-i-aphluv4xwc-sg/40872a2523774c29aa6ccd98a4419710~tplv-o3syd03w52-resize-jpeg:1000:1000.image?,https://shop.tiktok.com/view/product/1732541821631370152?region=US&locale=en,王可心,4.7
2026/8/23,US,US,高潜,1732347990904377687,S260414000691,FOXCLAW Curve,非SKM商家,大码女装,女士上装,女士 T 恤,大码女装+女士上装,"(500,1000]",7.16,"(30,50]",87.50%,"(50%, 100%]","(0,10]",2026/4/23,122,非JIT商品,253,0,"Multicolor2,Multicolor3,Multicolor",3,"5XL,4XL,1XL,3XL,2XL",5,Summer,https://p16-oec-ttp.tiktokcdn-us.com/tos-useast5-i-omjb5zjo8w-tx/daf56a2b29e54569a2e03051c6039cf6~tplv-omjb5zjo8w-resize-jpeg:1000:1000.image?,https://shop.tiktok.com/view/product/1732347990904377687?region=US&locale=en,郑川粤,4.1
2026/8/23,US,US,高潜,1732460997764092925,S260626027329,Modest Abaya,非SKM商家,标码女装,女士穆斯林服装,服装套装,标码女装+女士穆斯林服装,"(100,500]",27.64,"(30,50]",56.25%,"(50%, 100%]","(0,10]",2026/6/26,58,JIT商品,0,"1,521","Coffee brown,Pink,Navy blue,Army green,Black",5,"M,S,XL,L,XXL",5,All Seasons,https://p16-oec-va.ibyteimg.com/tos-maliva-i-o3syd03w52-us/f5d37f37507747aab9ada5ea05e61baf~tplv-o3syd03w52-resize-jpeg:1000:1000.image?,https://shop.tiktok.com/view/product/1732460997764092925?region=US&locale=en,徐熙雅,4
2026/8/23,US,US,高潜,1731787639709733643,S250813010849,Bettina Closet,非SKM商家,标码女装,女士针织衫,开衫,标码女装+女士针织衫,"(500,1000]",11.66,"(30,50]",183.33%,"(100%, 300%]","(10,30]",2025/9/17,340,非JIT商品,101,0,"Brown,Burgundy,Silver,Gray,Green",5,"M,S,XL,L",4,Fall&Winter,https://p16-oec-ttp.tiktokcdn-us.com/tos-useast5-i-omjb5zjo8w-tx/d20154588af14486842e2ff9fd94aac6~tplv-omjb5zjo8w-resize-jpeg:1000:1000.image?,https://shop.tiktok.com/view/product/1731787639709733643?region=US&locale=en,沈亦莎,3.9
2026/8/23,US,US,高潜,1732121394967122793,S251205100689,Hijab Haven,非SKM商家,标码女装,女士穆斯林服装,方便头巾,标码女装+女士穆斯林服装,"(500,1000]",13.19,"(30,50]",93.75%,"(50%, 100%]","(0,10]",2025/12/5,261,JIT商品,79,42,"Set2,Set1,Set4,Set3",4,One-size,1,All Seasons,https://p16-oec-ttp.tiktokcdn-us.com/tos-useast5-i-omjb5zjo8w-tx/590b13ed536d41e38bba663e91e9e580~tplv-omjb5zjo8w-resize-jpeg:1000:1000.image?,https://shop.tiktok.com/view/product/1732121394967122793?region=US&locale=en,徐熙雅,4.6
2026/8/23,US,US,高潜,1729621940786271182,S240825000469,Red Desert Rose,非SKM商家,标码女装,女士下装,长裤,标码女装+女士下装,"(5000,10000]",13.74,"(30,50]",81.25%,"(50%, 100%]","(10,30]",2024/9/4,718,非JIT商品,"1,059",0,"Burgundy,Grey,Signal black,Navy blue,Pink and black,Black,Dark blue,Off white,Dark green,Blue",10,"M,S,XL,L,XXL",5,Spring&Fall,https://p16-oec-va.ibyteimg.com/tos-maliva-i-o3syd03w52-us/2b532cebdcac439c803806822b590f5e~tplv-o3syd03w52-resize-jpeg:1000:1000.image?,https://shop.tiktok.com/view/product/1729621940786271182?region=US&locale=en,王谍,3.5
2026/8/23,US,US,高潜,1729488396980359334,S240517006315,Agivvia,非SKM商家,标码女装,女士针织衫,毛织长裤套装,标码女装+女士针织衫,"(10000,+∞)",26.06,"(30,50]",200.00%,"(100%, 300%]","(10,30]",2024/5/29,816,非JIT商品,365,0,"Coffee brown,Pink,Khaki,Orange,Army green,Navy blue,Black,Dark gray,Off white,Burgundy",10,"M,S,XL,L",4,Fall&Winter,https://p16-oec-va.ibyteimg.com/tos-maliva-i-o3syd03w52-us/a0b3f3a04ab743f8ad8306809f4725dd~tplv-o3syd03w52-resize-jpeg:1000:1000.image?,https://shop.tiktok.com/view/product/1729488396980359334?region=US&locale=en,王可心,3.9
2026/8/23,US,US,高潜,1732414098283139251,S260526033571,ZOVINRIA,SKM商家,标码女装,女士针织衫,毛衣套头衫,标码女装+女士针织衫,"(100,500]",10.09,"(30,50]",64.71%,"(50%, 100%]","(0,10]",2026/6/4,80,非JIT商品,14,0,"Coffee brown,Apricot,Green",3,"M,S,L",3,Summer,https://p16-oec-va.ibyteimg.com/tos-maliva-i-o3syd03w52-us/58d71703a39e4e34a2f8e09d79b7792c~tplv-o3syd03w52-resize-jpeg:1000:1000.image?,https://shop.tiktok.com/view/product/1732414098283139251?region=US&locale=en,王可心,3.4
2026/8/23,US,US,高潜,1729579243412492482,S240801003998,Jorxe,非SKM商家,大码女装,女士连衣裙,休闲连衣裙,大码女装+女士连衣裙,"(10000,+∞)",9.8,"(30,50]",58.82%,"(50%, 100%]","(0,10]",2024/8/8,745,非JIT商品,216,0,"Rust orange,Deep red,Multicolor,Green",4,"4XL,1XL,0XL,3XL,2XL",5,Spring&Fall,https://p16-oec-ttp.tiktokcdn-us.com/tos-useast5-i-omjb5zjo8w-tx/655c10080872454380139ad5492f8514~tplv-omjb5zjo8w-resize-jpeg:1000:1000.image?,https://shop.tiktok.com/view/product/1729579243412492482?region=US&locale=en,张宇,3.9
2026/8/23,US,US,高潜,1731372052040749989,S250612011845,"Cansheng Fushi Co.,",非SKM商家,大码女装,女士上装,女士 T 恤,大码女装+女士上装,"(500,1000]",8.77,"(30,50]",66.67%,"(50%, 100%]","(10,30]",2025/6/28,421,JIT商品,43,"1,936","Purple,Royal blue,Emerald green,Reed green,Multicolor",5,"5XL,4XL,1XL,0XL,3XL,2XL",6,Summer,https://p16-oec-ttp.tiktokcdn-us.com/tos-useast5-i-omjb5zjo8w-tx/63a40af5c675430fb1fb3c76426b2082~tplv-omjb5zjo8w-resize-jpeg:1000:1000.image?,https://shop.tiktok.com/view/product/1731372052040749989?region=US&locale=en,郑川粤,4.3
2026/8/23,US,US,高潜,1729559468656399183,S240705001676,URBANECHIC Sweater,非SKM商家,大码女装,女士针织衫,毛衣套头衫,大码女装+女士针织衫,"(10000,+∞)",15.64,"(30,50]",114.29%,"(100%, 300%]","(10,30]",2024/7/23,761,非JIT商品,459,0,"Coffee brown,Camel,Olive green,Navy blue,Black,Apricot,Burgundy",7,"5XL,4XL,1XL,0XL,3XL,2XL",6,Fall&Winter,https://p16-oec-ttp.tiktokcdn-us.com/tos-useast5-i-omjb5zjo8w-tx/9c68978bd960405f91bf78c8d9a3c6d1~tplv-omjb5zjo8w-resize-jpeg:1000:1000.image?,https://shop.tiktok.com/view/product/1729559468656399183?region=US&locale=en,张宇,3.3
2026/8/23,US,US,高潜,1729560459893313933,S240708004938,Rusttydustty Curve,非SKM商家,大码女装,女士连衣裙,休闲连衣裙,大码女装+女士连衣裙,"(2000,5000]",24.46,"(30,50]",75.00%,"(50%, 100%]","(10,30]",2024/7/24,760,非JIT商品,573,0,"Blue,Royal blue,White,Green",4,"5XL,4XL,1XL,0XL,3XL,2XL",6,Summer,https://p16-oec-ttp.tiktokcdn-us.com/tos-useast5-i-omjb5zjo8w-tx/d832c96c24fb4cb2825fd6f79cf514f8~tplv-omjb5zjo8w-resize-jpeg:1000:1000.image?,https://shop.tiktok.com/view/product/1729560459893313933?region=US&locale=en,张宇,4.8
2026/8/23,US,US,高潜,1732395539681808972,S260313013840,XGZ Clothing Stores,非SKM商家,大码女装,连体衣,连体裤,大码女装+连体衣,"(100,500]",18.96,"(30,50]",141.67%,"(100%, 300%]","(10,30]",2026/5/13,102,非JIT商品,727,0,"Black floral pattern on khaki base,Red,Gray-brown,Navy blue,Dark violet,Bluebell on green background,Black,Millet base with black floral pattern,Apricot base with green floral pattern,Green",10,"4XL,1XL,0XL,3XL,2XL",5,Summer,https://p16-oec-ttp.tiktokcdn-us.com/tos-useast5-i-omjb5zjo8w-tx/5b848e8fc0544dbab02f7149c6c4858d~tplv-omjb5zjo8w-resize-jpeg:1000:1000.image?,https://shop.tiktok.com/view/product/1732395539681808972?region=US&locale=en,张宇,3.2
2026/8/23,US,US,高潜,1729481440059561234,S260128073294,Hiying,非SKM商家,标码女装,女士针织衫,毛衣套头衫,标码女装+女士针织衫,"(1000,2000]",13.74,"(30,50]",62.50%,"(50%, 100%]","(10,30]",2026/2/5,199,非JIT商品,144,0,"Curry,Khaki,Wine red,Multicolor2,Olive green,Black,Multicolor1",7,"M,S,XL,L",4,Spring&Fall,https://p16-oec-ttp.tiktokcdn-us.com/tos-useast5-i-omjb5zjo8w-tx/93ccc54ab9e24f3b9f62d862b16262bd~tplv-omjb5zjo8w-resize-jpeg:1000:1000.image?,https://shop.tiktok.com/view/product/1729481440059561234?region=US&locale=en,沈亦莎,3.5
2026/8/23,US,US,高潜,1731178573065458190,S250421015049,YunShine,非SKM商家,标码女装,女士针织衫,毛衣马甲,标码女装+女士针织衫,"(5000,10000]",11.16,"(30,50]",84.62%,"(50%, 100%]","(10,30]",2025/5/16,464,非JIT商品,319,0,"Grey,Coffee brown,Khaki,Navy blue,Black,Apricot",6,"M,S,XL,L",4,Summer,https://p16-oec-ttp.tiktokcdn-us.com/tos-useast5-i-omjb5zjo8w-tx/826c7e05a85e45a9bb578f4e12cb1d4f~tplv-omjb5zjo8w-resize-jpeg:1000:1000.image?,https://shop.tiktok.com/view/product/1731178573065458190?region=US&locale=en,王可心,4.7
2026/8/23,US,US,高潜,1732299229271790076,S260320027829,Hi anan,非SKM商家,标码女装,女士针织衫,毛衣马甲,标码女装+女士针织衫,"(1000,2000]",15.93,"(30,50]",75.00%,"(50%, 100%]","(0,10]",2026/3/22,154,非JIT商品,83,0,"Khaki,Orange,Yellow",3,"M,S,XL,L",4,Summer,https://p16-oec-va.ibyteimg.com/tos-maliva-i-o3syd03w52-us/1a70f7074fcd411a9c1d46d7c1177cf1~tplv-o3syd03w52-resize-jpeg:1000:1000.image?,https://shop.tiktok.com/view/product/1732299229271790076?region=US&locale=en,沈亦莎,4.4
2026/8/23,US,US,高潜,1729484266308867087,S260130037951,CNUSCB44ELYU,非SKM商家,标码女装,女士下装,长裤,标码女装+女士下装,"(1000,2000]",23.58,"(30,50]",84.62%,"(50%, 100%]","(0,10]",2026/1/30,205,非JIT商品,601,0,Black,1,"M,S,L,XL,XXL,XS",6,Spring&Fall,https://p16-oec-ttp.tiktokcdn-us.com/tos-useast5-i-omjb5zjo8w-tx/4de94bfc36484390bedaec25b2b0d990~tplv-omjb5zjo8w-resize-jpeg:1000:1000.image?,https://shop.tiktok.com/view/product/1729484266308867087?region=US&locale=en,张健,4
2026/8/23,US,US,高潜,1732188195818148648,S251231061723,BaiAAA factory,非SKM商家,大码女装,女士套装及西服,长裤套装,大码女装+女士套装及西服,"(2000,5000]",13.24,"(30,50]",100.00%,"(50%, 100%]","(0,10]",2025/12/31,235,JIT商品,424,"29,845","Pink top + black pants,Red,Army green,Gray,Black,Dark gray,Apricot,Light gray top + black pants,Army green top + black pants,Pink,Dark gray top + black pants,Apricot top + black pants,Red top + black pants,White",14,"5XL,4XL,1XL,3XL,2XL",5,Spring&Fall,https://p16-oec-ttp.tiktokcdn-us.com/tos-useast5-i-omjb5zjo8w-tx/0ad7cbb64a45472287bce4ad711250ac~tplv-omjb5zjo8w-resize-jpeg:1000:1000.image?,https://shop.tiktok.com/view/product/1732188195818148648?region=US&locale=en,张宇,4.2
2026/8/23,US,US,高潜,1732459620209169226,S260624031983,"Pusheng2 Fushi Co., DongGuan",非SKM商家,标码女装,女士套装及西服,长裤套装,标码女装+女士套装及西服,"(2000,5000]",16.03,"(30,50]",69.23%,"(50%, 100%]","(0,10]",2026/7/1,53,非JIT商品,929,0,"Khaki,Navy blue,Coffee color,Black,Dark gray,Light gray,Apricot",7,"M,S,L,XL,XXL",5,Spring&Fall,https://p16-oec-va.ibyteimg.com/tos-maliva-i-o3syd03w52-us/fe2b01860e1843128c5f0946225e89c1~tplv-o3syd03w52-resize-jpeg:1000:1000.image?,https://shop.tiktok.com/view/product/1732459620209169226?region=US&locale=en,王谍,4.9
2026/8/23,US,US,高潜,1732371429491511383,S260427016315,Novelife,非SKM商家,标码女装,女士下装,长裤,标码女装+女士下装,"(100,500]",16.93,"(30,50]",107.69%,"(100%, 300%]","(0,10]",2026/5/10,105,非JIT商品,469,0,"Silver,Black,Golden",3,"M,S,L,XL,XXL",5,Spring&Fall,https://p16-oec-va.ibyteimg.com/tos-alisg-i-aphluv4xwc-sg/56defd34dbc049488dac9d67e9d78c88~tplv-o3syd03w52-resize-jpeg:1000:1000.image?,https://shop.tiktok.com/view/product/1732371429491511383?region=US&locale=en,黄依婷,4.7
2026/8/23,US,US,高潜,1732401524536807717,S260517007074,Beautiful new clothe,非SKM商家,标码女装,女士下装,长裤,标码女装+女士下装,"(100,500]",11.11,"(30,50]",107.69%,"(100%, 300%]","(0,10]",2026/5/29,86,非JIT商品,252,0,"Black and white polka dots,Khaki,Hot pink,Army green,Coffee color,White,Black,Apricot,Dark wash",9,"M,S,XL,L",4,Spring&Fall,https://p16-oec-va.ibyteimg.com/tos-maliva-i-o3syd03w52-us/30b73604fcb1445db50d32d1290d66d3~tplv-o3syd03w52-resize-jpeg:1000:1000.image?,https://shop.tiktok.com/view/product/1732401524536807717?region=US&locale=en,刘雪莹,3.9
2026/8/23,US,US,高潜,1732458857022394669,S260625013607,Classic & Elegant,非SKM商家,大码女装,女士上装,女士衬衫,大码女装+女士上装,"(100,500]",9.79,"(30,50]",84.62%,"(50%, 100%]","(10,30]",2026/6/25,59,JIT商品,12,428,"Black,Blue",2,"4XL,1XL,0XL,3XL,2XL",5,Summer,https://p16-oec-va.ibyteimg.com/tos-maliva-i-o3syd03w52-us/19dc74e799b34dcf8a691a33dba27aef~tplv-o3syd03w52-resize-jpeg:1000:1000.image?,https://shop.tiktok.com/view/product/1732458857022394669?region=US&locale=en,郑川粤,3.3
2026/8/23,US,US,高潜,1729577675529687156,S240723007735,Kara Studio,非SKM商家,大码女装,女士连衣裙,休闲连衣裙,大码女装+女士连衣裙,"(1000,2000]",15.05,"(30,50]",123.08%,"(100%, 300%]","(0,10]",2024/8/7,746,非JIT商品,104,0,"Black,Burgundy",2,"5XL,4XL,1XL,3XL,2XL",5,Summer,https://p16-oec-ttp.tiktokcdn-us.com/tos-useast5-i-omjb5zjo8w-tx/22766ca1b4c84dfc800f6ec0a466dcd0~tplv-omjb5zjo8w-resize-jpeg:1000:1000.image?,https://shop.tiktok.com/view/product/1729577675529687156?region=US&locale=en,张宇,3.4
2026/8/23,US,US,高潜,1732310352812413094,S260329017529,Agivvia,非SKM商家,标码女装,女士针织衫,毛衣套头衫,标码女装+女士针织衫,"(1000,2000]",10.72,"(30,50]",155.56%,"(100%, 300%]","(0,10]",2026/4/4,141,非JIT商品,400,0,"Pink,Olive green,White,Black,Golden",5,"M,S,L,XS,XL",5,Spring&Fall,https://p16-oec-va.ibyteimg.com/tos-maliva-i-o3syd03w52-us/a2b217cafe1145bebf559092e7324dce~tplv-o3syd03w52-resize-jpeg:1000:1000.image?,https://shop.tiktok.com/view/product/1732310352812413094?region=US&locale=en,王可心,3.9
2026/8/23,US,US,高潜,1732456720271381288,S260623009307,BaiAAA factory,非SKM商家,大码女装,女士上装,女士 T 恤,大码女装+女士上装,"(100,500]",21.03,"(30,50]",100.00%,"(50%, 100%]","(0,10]",2026/6/24,60,JIT商品,1,"44,806","Multicolor5,Multicolor2,Multicolor7,Multicolor6,Multicolor3,Multicolor9,Multicolor1,Multicolor4,Multicolor8",9,"5XL,4XL,1XL,3XL,2XL",5,Summer,https://p16-oec-va.ibyteimg.com/tos-maliva-i-o3syd03w52-us/a677eb807f4a423cb1f13498853b4c2a~tplv-o3syd03w52-resize-jpeg:1000:1000.image?,https://shop.tiktok.com/view/product/1732456720271381288?region=US&locale=en,张宇,4.2
2026/8/23,US,US,高潜,1732361317958783612,S260423021302,SINI Clothing,非SKM商家,大码女装,女士下装,长裤,大码女装+女士下装,"(100,500]",14.07,"(30,50]",52.94%,"(50%, 100%]","(0,10]",2026/6/27,57,非JIT商品,37,0,Black,1,"5XL,4XL,1XL,0XL,3XL,2XL",6,Spring&Fall,https://p16-oec-va.ibyteimg.com/tos-maliva-i-o3syd03w52-us/a342f080a3254f119d2105c505b395b4~tplv-o3syd03w52-resize-jpeg:1000:1000.image?,https://shop.tiktok.com/view/product/1732361317958783612?region=US&locale=en,张宇,2.8
2026/8/23,US,US,高潜,1732446101410714574,S260616008003,Red Desert Rose,非SKM商家,标码女装,女士下装,长裤,标码女装+女士下装,"(100,500]",17.9,"(30,50]",220.00%,"(100%, 300%]","(0,10]",2026/6/19,65,非JIT商品,597,0,"Burgundy,Dark beige,Black,Dark gray,Brown",5,"M,S,L,XL,XXL",5,Spring&Fall,https://p16-oec-va.ibyteimg.com/tos-maliva-i-o3syd03w52-us/52ba8730d80842539a43e8824efdcebe~tplv-o3syd03w52-resize-jpeg:1000:1000.image?,https://shop.tiktok.com/view/product/1732446101410714574?region=US&locale=en,王谍,3.5
2026/8/23,US,US,高潜,1729440256741773655,S240124001525,FOXCLAW Curve,非SKM商家,大码女装,女士上装,女士 T 恤,大码女装+女士上装,"(5000,10000]",8.85,"(30,50]",107.69%,"(100%, 300%]","(0,10]",2024/2/5,930,非JIT商品,267,0,"Grey,Pink,Wine red,Army green,Gray*1 pc+Wine Red*1 pc,Black,Blue",7,"5XL,4XL,1XL,3XL,2XL",5,Summer,https://p16-oec-va.ibyteimg.com/tos-maliva-i-o3syd03w52-us/d6a95023c9004531af780b360b692b11~tplv-o3syd03w52-resize-jpeg:1000:1000.image?,https://shop.tiktok.com/view/product/1729440256741773655?region=US&locale=en,郑川粤,4.1
2026/8/23,US,US,高潜,1730296702646129429,S241206008394,AOMR,非SKM商家,标码女装,女士针织衫,毛衣套头衫,标码女装+女士针织衫,"(5000,10000]",16.72,"(30,50]",181.82%,"(100%, 300%]","(0,10]",2024/12/18,613,非JIT商品,12,0,"Pink,Cream,Gray",3,"M,S,L",3,Spring&Fall,https://p16-oec-va.ibyteimg.com/tos-maliva-i-o3syd03w52-us/ab179b9988ca4f03a5db2b76041a9e90~tplv-o3syd03w52-resize-jpeg:1000:1000.image?,https://shop.tiktok.com/view/product/1730296702646129429?region=US&locale=en,王谍,4.3
2026/8/23,US,US,高潜,1730386466503889370,S241218010046,WM.CLOTHING,非SKM商家,大码女装,女士上装,女士 T 恤,大码女装+女士上装,"(5000,10000]",8.28,"(30,50]",92.86%,"(50%, 100%]","(0,10]",2024/12/30,601,非JIT商品,286,0,"Burgundy,Purple,Royal blue,Hot pink,Army green,Black,Apricot,Brown",8,"5XL,4XL,1XL,3XL,2XL",5,Summer,https://p16-oec-va.ibyteimg.com/tos-maliva-i-o3syd03w52-us/dd4edb4f86c84e47ab2b67bd1c26b10d~tplv-o3syd03w52-resize-jpeg:1000:1000.image?,https://shop.tiktok.com/view/product/1730386466503889370?region=US&locale=en,郑川粤,4.6
2026/8/23,US,US,高潜,1732418105523802652,S260518025406,Chicvv,非SKM商家,标码女装,女士套装及西服,长裤套装,标码女装+女士套装及西服,"(100,500]",16.29,"(30,50]",141.67%,"(100%, 300%]","(10,30]",2026/5/29,86,JIT商品,0,"1,066,533","Pink,White,Black",3,"M,S,XL,L",4,Summer,https://p16-oec-va.ibyteimg.com/tos-alisg-i-aphluv4xwc-sg/899e47451c6b4443b6fec99120dd5d49~tplv-o3syd03w52-resize-jpeg:1000:1000.image?,https://shop.tiktok.com/view/product/1732418105523802652?region=US&locale=en,王瑶,3.8
2026/8/23,US,US,高潜,1729500333585044641,S260307011779,Muse Plus,SKM商家,大码女装,女士套装及西服,长裤套装,大码女装+女士套装及西服,"(1000,2000]",26.22,"(30,50]",66.67%,"(50%, 100%]","(0,10]",2026/3/7,169,非JIT商品,118,0,"Mint green,Navy blue,Black",3,"4XL,1XL,0XL,3XL,2XL",5,Spring&Fall,https://p16-oec-ttp.tiktokcdn-us.com/tos-useast5-i-omjb5zjo8w-tx/5cf7702c89794ae88dcd99acb4c17fe9~tplv-omjb5zjo8w-resize-jpeg:1000:1000.image?,https://shop.tiktok.com/view/product/1729500333585044641?region=US&locale=en,郑川粤,3.7
2026/8/23,US,US,高潜,1732452831926391275,S260618019396,DolceAmara,非SKM商家,标码女装,女士套装及西服,长裤套装,标码女装+女士套装及西服,"(0,100]",17.93,"(30,50]",56.25%,"(50%, 100%]","(0,10]",2026/6/26,58,非JIT商品,136,0,"Light brown,Navy blue,Green",3,"M,S,XL,L",4,Spring&Fall,https://p16-oec-va.ibyteimg.com/tos-maliva-i-o3syd03w52-us/2c0b76b5168f4b9ba8de8dd3943747a6~tplv-o3syd03w52-resize-jpeg:1000:1000.image?,https://shop.tiktok.com/view/product/1732452831926391275?region=US&locale=en,黄依婷,3.8
2026/8/23,US,US,高潜,1729632039844548872,S240120000413,CozyMetic,非SKM商家,标码女装,女士下装,紧身裤,标码女装+女士下装,"(1000,2000]",9.31,"(30,50]",118.18%,"(100%, 300%]","(0,10]",2024/9/9,713,非JIT商品,145,0,"Multicolor2,Multicolor1",2,"M,S,L,XL,XXL",5,Spring&Fall,https://p16-oec-ttp.tiktokcdn-us.com/tos-useast5-i-omjb5zjo8w-tx/63566018901a453fb97b804e7dd94f38~tplv-omjb5zjo8w-resize-jpeg:1000:1000.image?,https://shop.tiktok.com/view/product/1729632039844548872?region=US&locale=en,王谍,4.1
2026/8/23,US,US,高潜,1732531687148261896,S260716010366,Swanky Party,非SKM商家,标码女装,女士特殊服饰,女士连体衣,标码女装+女士特殊服饰,"(0,100]",17.66,"(30,50]",73.33%,"(50%, 100%]","(0,10]",2026/8/4,19,非JIT商品,94,0,"Green,Silver,Hot pink,Red,Black,Golden",6,"M,S,XL,L,XS",5,Spring&Fall,https://p16-oec-va.ibyteimg.com/tos-maliva-i-o3syd03w52-us/dea8b64828ff4871a97267ee2273e76c~tplv-o3syd03w52-resize-jpeg:1000:1000.image?,https://shop.tiktok.com/view/product/1732531687148261896?region=US&locale=en,徐熙雅,
2026/8/23,US,US,高潜,1731101548971529166,S250424017083,Red Desert Rose,非SKM商家,标码女装,女士下装,长裤,标码女装+女士下装,"(2000,5000]",12.76,"(30,50]",127.27%,"(100%, 300%]","(0,10]",2025/4/29,481,非JIT商品,296,0,"Purple,Pink,Wine red,Light blue,Navy blue,Pebble lime,Black,Brown",8,"M,S,L,XL,XXL",5,Spring&Fall,https://p16-oec-va.ibyteimg.com/tos-maliva-i-o3syd03w52-us/ed6e8a97b7264ada9778c18fe351eb48~tplv-o3syd03w52-resize-jpeg:1000:1000.image?,https://shop.tiktok.com/view/product/1731101548971529166?region=US&locale=en,王谍,3.5
2026/8/23,US,US,高潜,1730712838119855005,S250123002896,ZhuTong clothing,非SKM商家,标码女装,女士下装,半身裙,标码女装+女士下装,"(5000,10000]",10.2,"(30,50]",53.33%,"(50%, 100%]","(0,10]",2025/2/20,549,JIT商品,70,36,"Jet black,White,Multicolor",3,"M,S,L,XL,XXL",5,Spring&Fall,https://p16-oec-ttp.tiktokcdn-us.com/tos-useast5-i-omjb5zjo8w-tx/1bc911483b8343b1a081ac24236a5fb9~tplv-omjb5zjo8w-resize-jpeg:1000:1000.image?,https://shop.tiktok.com/view/product/1730712838119855005?region=US&locale=en,张健,4.3
2026/8/23,US,US,高潜,1731385283178565975,S250617012654,FOXCLAW Curve,非SKM商家,大码女装,女士连衣裙,休闲连衣裙,大码女装+女士连衣裙,"(1000,2000]",17.34,"(30,50]",275.00%,"(100%, 300%]","(10,30]",2025/7/1,418,非JIT商品,144,0,"Black,Sky blue,Dark green",3,"5XL,4XL,1XL,3XL,2XL",5,Summer,https://p16-oec-ttp.tiktokcdn-us.com/tos-useast5-i-omjb5zjo8w-tx/b3df3091a8da4d6c82317b09b3f9a4f3~tplv-omjb5zjo8w-resize-jpeg:1000:1000.image?,https://shop.tiktok.com/view/product/1731385283178565975?region=US&locale=en,郑川粤,4.1
2026/8/23,US,US,高潜,1732376086004208291,S260428024972,Vincira,非SKM商家,标码女装,女士下装,长裤,标码女装+女士下装,"(100,500]",12.64,"(30,50]",78.57%,"(50%, 100%]","(0,10]",2026/5/12,103,非JIT商品,219,0,"Black and white,Black",2,"M,S,L,XL",4,Spring&Fall,https://p16-oec-va.ibyteimg.com/tos-maliva-i-o3syd03w52-us/1b730579d7684a8ca6c142e8290598f7~tplv-o3syd03w52-resize-jpeg:1000:1000.image?,https://shop.tiktok.com/view/product/1732376086004208291?region=US&locale=en,黄依婷,3.1
2026/8/23,US,US,高潜,1732257303827682194,S260124004288,YIRUICY,非SKM商家,大码女装,连体衣,连体裤,大码女装+连体衣,"(2000,5000]",24.88,"(30,50]",83.33%,"(50%, 100%]","(0,10]",2026/2/3,201,非JIT商品,765,0,"Baby pink,Red,Light blue,Navy blue,Army green,Mocha brown,Black,Coral pink,Dark gray,Dark green,Blue,White,Chartreuse,Bright orange,Brown",15,"5XL,4XL,6XL,1XL,0XL,3XL,2XL",7,Summer,https://p16-oec-ttp.tiktokcdn-us.com/tos-useast5-i-omjb5zjo8w-tx/b2717aaa4c1542b9b0933aa1d2499609~tplv-omjb5zjo8w-resize-jpeg:1000:1000.image?,https://shop.tiktok.com/view/product/1732257303827682194?region=US&locale=en,张宇,4.1
2026/8/23,US,US,高潜,1732353094040261048,S260417023208,ZY PLUS JEANS,非SKM商家,大码女装,牛仔,牛仔长裤,大码女装+牛仔,"(500,1000]",27.2,"(30,50]",170.00%,"(100%, 300%]","(0,10]",2026/4/23,122,非JIT商品,95,0,"Pastel blue,Light wash,Dark wash",3,"4XL,1XL,0XL,3XL,2XL",5,Spring&Fall,https://p16-oec-va.ibyteimg.com/tos-alisg-i-aphluv4xwc-sg/294b1dda2ae142cb8088a6ceac70f34f~tplv-o3syd03w52-resize-jpeg:1000:1000.image?,https://shop.tiktok.com/view/product/1732353094040261048?region=US&locale=en,郑川粤,3.8
2026/8/23,US,US,高潜,1732379691292070130,S260429007302,trendy fashion denim,非SKM商家,大码女装,牛仔,牛仔长裤,大码女装+牛仔,"(100,500]",21.33,"(30,50]",91.67%,"(50%, 100%]","(0,10]",2026/5/8,107,非JIT商品,86,0,"Light blue,Black,Blue",3,"5XL,4XL,1XL,3XL,2XL",5,Fall&Winter,https://p16-oec-ttp.tiktokcdn-us.com/tos-useast5-i-omjb5zjo8w-tx/edb86026a6314e9d93ad528d7005e44e~tplv-omjb5zjo8w-resize-jpeg:1000:1000.image?,https://shop.tiktok.com/view/product/1732379691292070130?region=US&locale=en,郑川粤,3.4
2026/8/23,US,US,高潜,1732432091220709964,S260529027482,XGZ Clothing Stores,非SKM商家,大码女装,女士连衣裙,休闲连衣裙,大码女装+女士连衣裙,"(100,500]",10.87,"(30,50]",200.00%,"(100%, 300%]","(0,10]",2026/6/8,76,非JIT商品,41,0,Black and white,1,"4XL,1XL,0XL,3XL,2XL",5,Summer,https://p16-oec-va.ibyteimg.com/tos-maliva-i-o3syd03w52-us/14ef604abd4a4c71a47ad5656093c430~tplv-o3syd03w52-resize-jpeg:1000:1000.image?,https://shop.tiktok.com/view/product/1732432091220709964?region=US&locale=en,张宇,3.2
2026/8/23,US,US,高潜,1732329170680385575,S260409039040,Finjani BoldCurve,非SKM商家,大码女装,女士连衣裙,休闲连衣裙,大码女装+女士连衣裙,"(100,500]",15.8,"(30,50]",244.44%,"(100%, 300%]","(10,30]",2026/4/9,136,非JIT商品,8,0,Black,1,"4XL,1XL,0XL,3XL,2XL",5,Fall&Winter,https://p16-oec-va.ibyteimg.com/tos-maliva-i-o3syd03w52-us/3c971b7236e3413ab956d232e8d0840f~tplv-o3syd03w52-resize-jpeg:1000:1000.image?,https://shop.tiktok.com/view/product/1732329170680385575?region=US&locale=en,张宇,3.8
2026/8/23,US,US,高潜,1729868776457998653,S231231000420,LumosModesty,非SKM商家,标码女装,女士穆斯林服装,长袍,标码女装+女士穆斯林服装,"(2000,5000]",19.76,"(30,50]",100.00%,"(50%, 100%]","(0,10]",2024/11/7,654,非JIT商品,282,0,"Royal blue,Cream,Army green,Black,Bean paste pink,Dark brown,Mauve purple,Brown",8,"M,S,L",3,All Seasons,https://p16-oec-ttp.tiktokcdn-us.com/tos-useast5-i-omjb5zjo8w-tx/a05d2a92a3be4b0095123574ae06d651~tplv-omjb5zjo8w-resize-jpeg:1000:1000.image?,https://shop.tiktok.com/view/product/1729868776457998653?region=US&locale=en,徐熙雅,4.7
2026/8/23,US,US,高潜,1731590455484256422,S250801022541,Agivvia,非SKM商家,标码女装,女士针织衫,毛衣套头衫,标码女装+女士针织衫,"(2000,5000]",24.11,"(30,50]",285.71%,"(100%, 300%]","(0,10]",2025/8/9,379,非JIT商品,524,0,"Coffee brown,Khaki,Army green,Navy blue,White,Black,Dark gray",7,"M,S,L,XL",4,Fall&Winter,https://p16-oec-va.ibyteimg.com/tos-alisg-i-aphluv4xwc-sg/a09feda31dd14dac9eb44c5328d35cba~tplv-o3syd03w52-resize-jpeg:1000:1000.image?,https://shop.tiktok.com/view/product/1731590455484256422?region=US&locale=en,王可心,3.9
2026/8/23,US,US,高潜,1731181214127133370,S250506014636,MIXIFashion,非SKM商家,标码女装,女士下装,长裤,标码女装+女士下装,"(500,1000]",9.95,"(30,50]",64.29%,"(50%, 100%]","(10,30]",2025/5/17,463,非JIT商品,388,0,"Black and white,Black,Multicolor",3,"M,S,XL,L,XXL",5,All Seasons,https://p16-oec-va.ibyteimg.com/tos-maliva-i-o3syd03w52-us/18bf6d372c7740e391a37bbecf2beaa1~tplv-o3syd03w52-resize-jpeg:1000:1000.image?,https://shop.tiktok.com/view/product/1731181214127133370?region=US&locale=en,黄依婷,4.2
2026/8/23,US,US,高潜,1732439881733411342,S260612029869,YunShine,非SKM商家,标码女装,女士针织衫,开衫,标码女装+女士针织衫,"(100,500]",18.1,"(30,50]",57.14%,"(50%, 100%]","(10,30]",2026/6/23,61,非JIT商品,193,0,"Mint green,Pink,Light wash",3,"M,S,L,XL",4,Spring&Fall,https://p16-oec-va.ibyteimg.com/tos-maliva-i-o3syd03w52-us/d8b28668358d4231a30298bdf451a95e~tplv-o3syd03w52-resize-jpeg:1000:1000.image?,https://shop.tiktok.com/view/product/1732439881733411342?region=US&locale=en,王可心,4.7
2026/8/23,US,US,高潜,1732352534009712855,S260417010448,YUNJINJ,非SKM商家,大码女装,女士连衣裙,休闲连衣裙,大码女装+女士连衣裙,"(0,100]",11.56,"(30,50]",92.31%,"(50%, 100%]","(10,30]",2026/4/20,125,JIT商品,0,983,"Purple,Royal blue,Emerald green,Lime yellow,Bright orange,Lime red",6,"5XL,4XL,1XL,0XL,3XL,2XL",6,Summer,https://p16-oec-ttp.tiktokcdn-us.com/tos-useast5-i-omjb5zjo8w-tx/807e9b36e3d0469f9793c87edea547ed~tplv-omjb5zjo8w-resize-jpeg:1000:1000.image?,https://shop.tiktok.com/view/product/1732352534009712855?region=US&locale=en,张宇,4.4
2026/8/23,US,US,高潜,1732283427388559587,S260302032017,GEORGIO PEVIANI,非SKM商家,大码女装,牛仔,牛仔长裤,大码女装+牛仔,"(100,500]",27.87,"(30,50]",125.00%,"(100%, 300%]","(0,10]",2026/3/6,170,非JIT商品,114,0,"Gray,Blue",2,"4XL,1XL,0XL,3XL,2XL",5,Fall&Winter,https://p16-oec-va.ibyteimg.com/tos-maliva-i-o3syd03w52-us/2d66d1c53b8f4724ab860a65dedaf7a2~tplv-o3syd03w52-resize-jpeg:1000:1000.image?,https://shop.tiktok.com/view/product/1732283427388559587?region=US&locale=en,郑川粤,4.4
2026/8/23,US,US,高潜,1732380551196020741,S260429033349,YIPX,非SKM商家,大码女装,女士上装,女士背心&吊带衫,大码女装+女士上装,"(2000,5000]",8.83,"(30,50]",57.14%,"(50%, 100%]","(0,10]",2026/4/29,116,非JIT商品,"1,437",0,"Blue,Purple,Watermelon Red,Yellow,Lime green,White,Black,Fawn brown,Burgundy",9,"5XL,4XL,6XL,8XL,1XL,7XL,0XL,3XL,2XL",9,Spring&Fall,https://p16-oec-ttp.tiktokcdn-us.com/tos-useast5-i-omjb5zjo8w-tx/70fc4304cba84ee79f8032b349ee98d9~tplv-omjb5zjo8w-resize-jpeg:1000:1000.image?,https://shop.tiktok.com/view/product/1732380551196020741?region=US&locale=en,张宇,2.8
2026/8/23,US,US,高潜,1729457809681912151,S240320002730,FOXCLAW Curve,非SKM商家,大码女装,女士上装,女士 T 恤,大码女装+女士上装,"(10000,+∞)",9.93,"(30,50]",136.36%,"(100%, 300%]","(0,10]",2024/4/1,874,非JIT商品,344,0,"Grey,Purple,Black,Dark gray,Blue",5,"5XL,4XL,1XL,0XL,3XL,2XL",6,Summer,https://p16-oec-ttp.tiktokcdn-us.com/tos-useast5-i-omjb5zjo8w-tx/d255deef785645269d64ec3eee6a657d~tplv-omjb5zjo8w-resize-jpeg:1000:1000.image?,https://shop.tiktok.com/view/product/1729457809681912151?region=US&locale=en,郑川粤,4.1
2026/8/23,US,US,高潜,1732436462819906458,S260610031158,Tide Denim,SKM商家,大码女装,牛仔,牛仔长裤,大码女装+牛仔,"(100,500]",19.18,"(30,50]",225.00%,"(100%, 300%]","(10,30]",2026/7/5,49,非JIT商品,49,0,"Medium wash,Blue",2,"1XL,0XL,3XL,2XL",4,Spring&Fall,https://p16-oec-va.ibyteimg.com/tos-maliva-i-o3syd03w52-us/d4a15daa292848f9af6f3f3de925cc35~tplv-o3syd03w52-resize-jpeg:1000:1000.image?,https://shop.tiktok.com/view/product/1732436462819906458?region=US&locale=en,郑川粤,4.6
2026/8/23,US,US,高潜,1732351560276087646,S260416035491,Mayins,非SKM商家,标码女装,女士套装及西服,长裤套装,标码女装+女士套装及西服,"(100,500]",17.24,"(30,50]",200.00%,"(100%, 300%]","(10,30]",2026/4/27,118,非JIT商品,"1,350",0,"Blue,Red,White,Black,Burgundy",5,"M,S,L,XL,XXL",5,Summer,https://p16-oec-va.ibyteimg.com/tos-maliva-i-o3syd03w52-us/05146c4684c142f8b02f85490bbba996~tplv-o3syd03w52-resize-jpeg:1000:1000.image?,https://shop.tiktok.com/view/product/1732351560276087646?region=US&locale=en,黄依婷,4.8
2026/8/23,US,US,高潜,1732490454999601721,S260714007850,PoshByMe,非SKM商家,标码女装,女士套装及西服,半裙套装,标码女装+女士套装及西服,"(0,100]",35.16,"(30,50]",108.33%,"(100%, 300%]","(0,10]",2026/7/25,29,非JIT商品,32,0,Dark wash,1,"M,S,L,XL,XXL",5,Spring&Fall,https://p16-oec-va.ibyteimg.com/tos-maliva-i-o3syd03w52-us/cb2e6d1b20804357b13abcf335968471~tplv-o3syd03w52-resize-jpeg:1000:1000.image?,https://shop.tiktok.com/view/product/1732490454999601721?region=US&locale=en,游宇航,2.1
2026/8/23,US,US,高潜,1732423890655940913,S260602024840,FUMIDAR,非SKM商家,标码女装,女士穆斯林服装,连衣裙,标码女装+女士穆斯林服装,"(100,500]",20.24,"(30,50]",136.36%,"(100%, 300%]","(0,10]",2026/6/4,80,非JIT商品,127,0,"Coffee brown,Off-white",2,"M,S,L,XL,XXL",5,All Seasons,https://p16-oec-va.ibyteimg.com/tos-maliva-i-o3syd03w52-us/3b405ebcb6f94b59a63f7c77fe9cbafb~tplv-o3syd03w52-resize-jpeg:1000:1000.image?,https://shop.tiktok.com/view/product/1732423890655940913?region=US&locale=en,徐熙雅,5
2026/8/23,US,US,高潜,1732470313131741391,S260630037458,YIFYfash,非SKM商家,大码女装,女士连衣裙,休闲连衣裙,大码女装+女士连衣裙,"(0,100]",14.4,"(30,50]",1600.00%,"(500%, +∞)","(0,10]",2026/7/2,52,JIT商品,1,"24,937","Army green,Gray,Violet,White,Lime green,Dark orange,Black,Sky blue,Dark gray,Lime red",10,"5XL,4XL,1XL,3XL,2XL",5,Summer,https://p16-oec-va.ibyteimg.com/tos-alisg-i-aphluv4xwc-sg/81f13048ae1747458551e7cf55a46df3~tplv-o3syd03w52-resize-jpeg:1000:1000.image?,https://shop.tiktok.com/view/product/1732470313131741391?region=US&locale=en,张宇,4.8
2026/8/23,US,US,高潜,1732462094454461127,S260627010704,Justoneone,非SKM商家,标码女装,女士下装,半身裙,标码女装+女士下装,"(100,500]",17.38,"(30,50]",69.23%,"(50%, 100%]","(0,10]",2026/7/9,45,非JIT商品,391,0,"Khaki,Navy blue,Lemon yellow,Black,Bright orange",5,"M,S,XL,L,XXL",5,Spring&Fall,https://p16-oec-va.ibyteimg.com/tos-alisg-i-aphluv4xwc-sg/e259ee104d6940fc8bd56f5477c4cf17~tplv-o3syd03w52-resize-jpeg:1000:1000.image?,https://shop.tiktok.com/view/product/1732462094454461127?region=US&locale=en,郑川粤,4.5
2026/8/23,US,US,高潜,1731849695338598743,S250923000343,FOXCLAW Curve,非SKM商家,大码女装,女士上装,女士衬衫,大码女装+女士上装,"(1000,2000]",14.78,"(30,50]",69.23%,"(50%, 100%]","(0,10]",2025/10/16,311,非JIT商品,105,0,"Pink,White,Apricot",3,"5XL,4XL,1XL,3XL,2XL",5,Spring&Fall,https://p16-oec-ttp.tiktokcdn-us.com/tos-useast5-i-omjb5zjo8w-tx/58d0adb8c86b48f98f50e633ee1696b3~tplv-omjb5zjo8w-resize-jpeg:1000:1000.image?,https://shop.tiktok.com/view/product/1731849695338598743?region=US&locale=en,郑川粤,4.1
2026/8/23,US,US,高潜,1731993849047061178,S251028077731,MIXIFashion,非SKM商家,标码女装,女士下装,半身裙,标码女装+女士下装,"(500,1000]",9.45,"(30,50]",100.00%,"(50%, 100%]","(0,10]",2025/11/8,288,非JIT商品,531,0,"Strong white,Black,Fawn brown",3,"M,S,XL,L,XXL",5,Summer,https://p16-oec-ttp.tiktokcdn-us.com/tos-useast5-i-omjb5zjo8w-tx/296bd6dc0487477e923a4a33e7021281~tplv-omjb5zjo8w-resize-jpeg:1000:1000.image?,https://shop.tiktok.com/view/product/1731993849047061178?region=US&locale=en,黄依婷,4.2
2026/8/23,US,US,高潜,1732209634770915756,S260109038582,The Pretty Line,非SKM商家,标码女装,女士下装,裤裙,标码女装+女士下装,"(2000,5000]",10.39,"(30,50]",91.67%,"(50%, 100%]","(0,10]",2026/1/18,217,非JIT商品,312,0,"Pink,Khaki,Black,Blue",4,"M,S,XL,L,XXL",5,All Seasons,https://p16-oec-ttp.tiktokcdn-us.com/tos-useast5-i-omjb5zjo8w-tx/e64e7ec416724cab932c9c92a6552fc3~tplv-omjb5zjo8w-resize-jpeg:1000:1000.image?,https://shop.tiktok.com/view/product/1732209634770915756?region=US&locale=en,张健,4.5
2026/8/23,US,US,高潜,1732296931804484162,S260319005229,Mia Dress,SKM商家,标码女装,女士下装,半身裙,标码女装+女士下装,"(100,500]",5.47,"(30,50]",81.82%,"(50%, 100%]","(0,10]",2026/4/24,121,JIT商品,78,289,"Black,Mulberry,Burgundy",3,"M,S,XL,L,XXL,XS",6,Summer,https://p16-oec-va.ibyteimg.com/tos-maliva-i-o3syd03w52-us/dc397f84f86544b7aedb962c489dc15e~tplv-o3syd03w52-resize-jpeg:1000:1000.image?,https://shop.tiktok.com/view/product/1732296931804484162?region=US&locale=en,王谍,3.1
2026/8/23,US,US,高潜,1732530742238483305,S260803026231,Hijab Haven,非SKM商家,标码女装,女士穆斯林服装,方便头巾,标码女装+女士穆斯林服装,"(0,100]",9.08,"(30,50]",540.00%,"(500%, +∞)","(0,10]",2026/8/3,20,JIT商品,35,165,"06# Coffee,02# White,04 #navy blue,05# Beige,03#Khaki,01#Black",6,One-size,1,All Seasons,https://p16-oec-va.ibyteimg.com/tos-maliva-i-o3syd03w52-us/6118b716455a449283cbbda400db2f81~tplv-o3syd03w52-resize-jpeg:1000:1000.image?,https://shop.tiktok.com/view/product/1732530742238483305?region=US&locale=en,徐熙雅,4.6
2026/8/23,US,US,高潜,1730678423012872233,S250102004144,Nemophilist,非SKM商家,大码女装,女士下装,长裤,大码女装+女士下装,"(2000,5000]",10.64,"(30,50]",100.00%,"(50%, 100%]","(0,10]",2025/2/14,555,非JIT商品,241,0,Black,1,"5XL,4XL,1XL,0XL,3XL,2XL",6,Spring&Fall,https://p16-oec-ttp.tiktokcdn-us.com/tos-useast5-i-omjb5zjo8w-tx/22fe5060d95744d99b7ecb0fc3afc6a6~tplv-omjb5zjo8w-resize-jpeg:1000:1000.image?,https://shop.tiktok.com/view/product/1730678423012872233?region=US&locale=en,郑川粤,4.7
2026/8/23,US,US,高潜,1730337341997814682,S241218006778,Pretty girl520,非SKM商家,标码女装,女士下装,半身裙,标码女装+女士下装,"(10000,+∞)",8.58,"(30,50]",144.44%,"(100%, 300%]","(0,10]",2024/12/23,608,非JIT商品,619,0,"Brown,Jet black,Silver,Khaki,Olive green,White,Black,Fawn brown,Burgundy",9,"M,S,XL,L",4,Fall&Winter,https://p16-oec-ttp.tiktokcdn-us.com/tos-useast5-i-omjb5zjo8w-tx/7d5dc3483eb541b2b604173757421dba~tplv-omjb5zjo8w-resize-jpeg:1000:1000.image?,https://shop.tiktok.com/view/product/1730337341997814682?region=US&locale=en,张健,2.5
2026/8/23,US,US,高潜,1732407731935613543,S260521032201,Beauty Beauty Plus,非SKM商家,大码女装,女士上装,女士背心&吊带衫,大码女装+女士上装,"(500,1000]",11.8,"(30,50]",90.00%,"(50%, 100%]","(0,10]",2026/5/21,94,JIT商品,271,"1,590","Green print,Khaki,Hot pink,Emerald green,Black lace print,Army green,Rose Pink,White,Black,Blue",10,"4XL,1XL,0XL,3XL,2XL",5,Summer,https://p16-oec-ttp.tiktokcdn-us.com/tos-useast5-i-omjb5zjo8w-tx/c712973e26eb4394bbbef1447ad04f41~tplv-omjb5zjo8w-resize-jpeg:1000:1000.image?,https://shop.tiktok.com/view/product/1732407731935613543?region=US&locale=en,张宇,2.8
2026/8/23,US,US,高潜,1732399400492241293,S260515010745,Rusttydustty Curve,非SKM商家,大码女装,女士连衣裙,休闲连衣裙,大码女装+女士连衣裙,"(100,500]",24.48,"(30,50]",440.00%,"(300%, 500%]","(10,30]",2026/6/5,79,非JIT商品,151,0,"Navy blue,Army green,Black and white",3,"4XL,1XL,0XL,3XL,2XL",5,Spring&Fall,https://p16-oec-va.ibyteimg.com/tos-maliva-i-o3syd03w52-us/882076b367d5439b8fb6c6adf21caad2~tplv-o3syd03w52-resize-jpeg:1000:1000.image?,https://shop.tiktok.com/view/product/1732399400492241293?region=US&locale=en,张宇,4.8
2026/8/23,US,US,高潜,1732312870362255735,S260330042741,Rogue Comfy,非SKM商家,标码女装,女士下装,长裤,标码女装+女士下装,"(100,500]",22.67,"(30,50]",53.85%,"(50%, 100%]","(0,10]",2026/3/31,145,JIT商品,2,"59,773","Multicolor5,Multicolor2,Multicolor7,Multicolor3,Multicolor6,Multicolor9,Multicolor10,Multicolor1,Multicolor8,Multicolor4",10,"M,S,XS,XL,XXL,L",6,Spring&Fall,https://p16-oec-ttp.tiktokcdn-us.com/tos-useast5-i-omjb5zjo8w-tx/af4d184fbad447edaa2e77de6bd332e2~tplv-omjb5zjo8w-resize-jpeg:1000:1000.image?,https://shop.tiktok.com/view/product/1732312870362255735?region=US&locale=en,王谍,4.8
2026/8/23,US,US,高潜,1732395193176265405,S260512035885,Minimalism style one,非SKM商家,标码女装,女士套装及西服,短裤套装,标码女装+女士套装及西服,"(1000,2000]",16.24,"(30,50]",69.23%,"(50%, 100%]","(0,10]",2026/5/15,100,JIT商品,691,733,"Burgundy,Blue,Hot pink,Red,Yellow,White,Black,Chartreuse,Sky blue,Dark green,Apricot,Bright yellow,Brown",13,"M,S,L,XL,XXL",5,Summer,https://p16-oec-va.ibyteimg.com/tos-maliva-i-o3syd03w52-us/f80cdaf31e154d0fb1ad4246823362cb~tplv-o3syd03w52-resize-jpeg:1000:1000.image?,https://shop.tiktok.com/view/product/1732395193176265405?region=US&locale=en,游宇航,3.5
2026/8/23,US,US,高潜,1732433113551704079,S260608037029,CITY GIRL,非SKM商家,标码女装,女士下装,长裤,标码女装+女士下装,"(100,500]",11.23,"(30,50]",58.33%,"(50%, 100%]","(0,10]",2026/6/16,68,非JIT商品,41,0,"Brown,Army green,Gray polka dots + gray,Black,Deep blue,Black stripes + black,Coffee brown,Silver,Pink,light yellow,White,Gray stripes + gray,Black polka dots + black,Sky blue,Burgundy",15,"M,S,XL,L",4,Summer,https://p16-oec-va.ibyteimg.com/tos-maliva-i-o3syd03w52-us/04893f0390404ed996845c0d348efe13~tplv-o3syd03w52-resize-jpeg:1000:1000.image?,https://shop.tiktok.com/view/product/1732433113551704079?region=US&locale=en,王瑶,4.8
2026/8/23,US,US,高潜,1732497008879768275,S260717008352,One Line Store,非SKM商家,标码女装,女士穆斯林服装,连衣裙,标码女装+女士穆斯林服装,"(0,100]",21.16,"(30,50]",175.00%,"(100%, 300%]","(0,10]",2026/7/24,30,非JIT商品,222,0,"Burgundy,White,Black,Dark green,Brown",5,"M,S,L,XL,XS",5,All Seasons,https://p16-oec-va.ibyteimg.com/tos-alisg-i-aphluv4xwc-sg/017c2e0c70fd4c34a5e14e4f8291083a~tplv-o3syd03w52-resize-jpeg:1000:1000.image?,https://shop.tiktok.com/view/product/1732497008879768275?region=US&locale=en,徐熙雅,4.4
2026/8/23,US,US,高潜,1732492537768088280,S260715014493,Asvivid,非SKM商家,标码女装,女士针织衫,毛衣连衣裙,标码女装+女士针织衫,"(0,100]",37.96,"(30,50]",350.00%,"(300%, 500%]","(0,10]",2026/7/15,39,JIT商品,15,496,"Army green,Rust orange,Fawn brown,Apricot",4,"M,S,XL,L",4,Fall&Winter,https://p16-oec-va.ibyteimg.com/tos-maliva-i-o3syd03w52-us/2f594fda69764303aa4ac06057fa1181~tplv-o3syd03w52-resize-jpeg:1000:1000.image?,https://shop.tiktok.com/view/product/1732492537768088280?region=US&locale=en,游宇航,4.4
2026/8/23,US,US,高潜,1732521722989482826,S260729020171,"Pusheng2 Fushi Co., DongGuan",非SKM商家,标码女装,女士套装及西服,长裤套装,标码女装+女士套装及西服,"(0,100]",21.71,"(30,50]",383.33%,"(300%, 500%]","(0,10]",2026/8/6,17,非JIT商品,135,0,"Dark gray solid color,Light gray solid color,Apricot solid color,Coffee brown solid color,Deep blue solid color,Khaki solid color,Solid black",7,"M,S,XL,L,XXL",5,Spring&Fall,https://p16-oec-va.ibyteimg.com/tos-maliva-i-o3syd03w52-us/3df5355108e14f3da1a68548d5d057c6~tplv-o3syd03w52-resize-jpeg:1000:1000.image?,https://shop.tiktok.com/view/product/1732521722989482826?region=US&locale=en,王谍,4.9
2026/8/23,US,US,高潜,1732290932267914196,S260313037178,fashion iconn,非SKM商家,标码女装,女士针织衫,开衫,标码女装+女士针织衫,"(500,1000]",12.45,"(30,50]",66.67%,"(50%, 100%]","(0,10]",2026/3/16,160,非JIT商品,"1,343",0,"Coffee brown,Mint green,Pink,Khaki,Cream,Rust orange,Yellow,Black and white,Black",9,"M,S,XL,L,XS,XXL",6,Summer,https://p16-oec-va.ibyteimg.com/tos-maliva-i-o3syd03w52-us/08ef8864607e4985886d297d4d936841~tplv-o3syd03w52-resize-jpeg:1000:1000.image?,https://shop.tiktok.com/view/product/1732290932267914196?region=US&locale=en,王可心,4.3
2026/8/23,US,US,高潜,1732285127198610030,S260303030462,LINGliang Fashion,非SKM商家,标码女装,女士针织衫,开衫,标码女装+女士针织衫,"(100,500]",16.11,"(30,50]",83.33%,"(50%, 100%]","(10,30]",2026/3/3,173,JIT商品,4,"69,904","Brown,Royal blue,Cream,Red,Orange,Lilac,Gray,Khaki gray,Black,Green,Purple,Pink,Sky blue,Burgundy",14,"M,S,XL,XS,L",5,Spring&Fall,https://p16-oec-va.ibyteimg.com/tos-maliva-i-o3syd03w52-us/067908b23b8545b587ad28767b5576f2~tplv-o3syd03w52-resize-jpeg:1000:1000.image?,https://shop.tiktok.com/view/product/1732285127198610030?region=US&locale=en,沈亦莎,4.5
2026/8/23,US,US,高潜,1732307652208988461,S260326079205,Demi Chic,非SKM商家,大码女装,女士连衣裙,休闲连衣裙,大码女装+女士连衣裙,"(100,500]",19.68,"(30,50]",66.67%,"(50%, 100%]","(0,10]",2026/3/26,150,JIT商品,95,494,"Blue,Black,Green",3,"4XL,1XL,0XL,3XL,2XL",5,Summer,https://p16-oec-ttp.tiktokcdn-us.com/tos-useast5-i-omjb5zjo8w-tx/cca30f2856e74a45ac2f8f006ca17c6c~tplv-omjb5zjo8w-resize-jpeg:1000:1000.image?,https://shop.tiktok.com/view/product/1732307652208988461?region=US&locale=en,郑川粤,2.6
2026/8/23,US,US,高潜,1729501538019612651,S260308015769,Ailiyah,非SKM商家,大码女装,女士连衣裙,休闲连衣裙,大码女装+女士连衣裙,"(1000,2000]",11.9,"(30,50]",237.50%,"(100%, 300%]","(10,30]",2026/3/19,157,非JIT商品,50,0,"Purple,Red,Golden",3,"5XL,4XL,1XL,3XL,2XL",5,Summer,https://p16-oec-ttp.tiktokcdn-us.com/tos-useast5-i-omjb5zjo8w-tx/951bfd28dfac47b99d8337687a49d9ed~tplv-omjb5zjo8w-resize-jpeg:1000:1000.image?,https://shop.tiktok.com/view/product/1729501538019612651?region=US&locale=en,郑川粤,3.8
2026/8/23,US,US,高潜,1731683666113762027,S250822004964,Bettlity,非SKM商家,标码女装,女士针织衫,毛衣套头衫,标码女装+女士针织衫,"(2000,5000]",26.65,"(30,50]",166.67%,"(100%, 300%]","(0,10]",2025/8/27,361,非JIT商品,325,0,"Khaki,Gray,Black,Ocean blue,Maroon",5,"M,S,XL,L,XXL",5,Fall&Winter,https://p16-oec-ttp.tiktokcdn-us.com/tos-useast5-i-omjb5zjo8w-tx/f996c6fc3da0412fb6ad9ce3d7d39cfb~tplv-omjb5zjo8w-resize-jpeg:1000:1000.image?,https://shop.tiktok.com/view/product/1731683666113762027?region=US&locale=en,沈亦莎,4.7
2026/8/23,US,US,高潜,1732482526340747344,S260709026455,Volara,非SKM商家,大码女装,女士上装,女士 T 恤,大码女装+女士上装,"(0,100]",9.98,"(30,50]",80.00%,"(50%, 100%]","(0,10]",2026/7/9,45,JIT商品,0,313,"Light blue,Lilac,earth yellow,Coral pink",4,"5XL,4XL,1XL,3XL,2XL",5,Spring&Fall,https://p16-oec-va.ibyteimg.com/tos-maliva-i-o3syd03w52-us/ae525729eb454a1c805f56a04c7744aa~tplv-o3syd03w52-resize-jpeg:1000:1000.image?,https://shop.tiktok.com/view/product/1732482526340747344?region=US&locale=en,郑川粤,4.6
2026/8/23,US,US,高潜,1732474074822316968,S260704012803,Chic Weaves,非SKM商家,标码女装,女士针织衫,毛衣套头衫,标码女装+女士针织衫,"(0,100]",17.34,"(30,50]",100.00%,"(50%, 100%]","(10,30]",2026/7/6,48,非JIT商品,110,0,"Pink,Orange,Red",3,"M,S,L,XL,XXL",5,Fall&Winter,https://p16-oec-va.ibyteimg.com/tos-alisg-i-aphluv4xwc-sg/336bca3c36894cc3b5bc301fc6681ee0~tplv-o3syd03w52-resize-jpeg:1000:1000.image?,https://shop.tiktok.com/view/product/1732474074822316968?region=US&locale=en,王可心,4.7
2026/8/23,US,US,高潜,1732310554254545498,S260329036304,Orgnvin,非SKM商家,标码女装,女士针织衫,开衫,标码女装+女士针织衫,"(0,100]",19.54,"(30,50]",650.00%,"(500%, +∞)","(0,10]",2026/3/29,147,JIT商品,0,"1,156","Cream,Clay brown,Navy blue,Yellow,Black,Burgundy",6,"M,S,L,XL",4,Spring&Fall,https://p16-oec-va.ibyteimg.com/tos-maliva-i-o3syd03w52-us/c2c54bc5639e4dbf97b1c5fce28d2e5c~tplv-o3syd03w52-resize-jpeg:1000:1000.image?,https://shop.tiktok.com/view/product/1732310554254545498?region=US&locale=en,王可心,4.7
2026/8/23,US,US,高潜,1729544572531151382,S240629003365,SheLoveStyle,非SKM商家,标码女装,女士套装及西服,女士西装外套,标码女装+女士套装及西服,"(2000,5000]",14.84,"(30,50]",72.73%,"(50%, 100%]","(0,10]",2024/7/9,775,非JIT商品,54,0,"Black,Off white",2,"M,S,XL,L,XXL",5,Spring&Fall,https://p16-oec-ttp.tiktokcdn-us.com/tos-useast5-i-omjb5zjo8w-tx/0e77f5dac9804f369613946050948e13~tplv-omjb5zjo8w-resize-jpeg:1000:1000.image?,https://shop.tiktok.com/view/product/1729544572531151382?region=US&locale=en,张健,3
2026/8/23,US,US,高潜,1729721760063852855,S240928007281,EVANDAL,非SKM商家,标码女装,女士套装及西服,长裤套装,标码女装+女士套装及西服,"(10000,+∞)",15.6,"(30,50]",228.57%,"(100%, 300%]","(0,10]",2024/10/18,674,非JIT商品,"3,814",0,"Grey,Pink,Khaki,Royal blue,Army green,Deep red,Black,Off white,Brown",9,"M,S,XS,XL,L,XXL",6,Spring&Fall,https://p16-oec-ttp.tiktokcdn-us.com/tos-useast5-i-omjb5zjo8w-tx/0cc421460c544010995775d6f1a20b2c~tplv-omjb5zjo8w-resize-jpeg:1000:1000.image?,https://shop.tiktok.com/view/product/1729721760063852855?region=US&locale=en,黄依婷,4.7
2026/8/23,US,US,高潜,1730493830800838729,S241228004888,Dragons Kaoru,非SKM商家,大码女装,女士连衣裙,休闲连衣裙,大码女装+女士连衣裙,"(1000,2000]",16.73,"(30,50]",81.82%,"(50%, 100%]","(0,10]",2025/1/13,587,JIT商品,319,0,"Rust orange,Black and white,Black",3,"4XL,1XL,0XL,3XL,2XL",5,Summer,https://p16-oec-ttp.tiktokcdn-us.com/tos-useast5-i-omjb5zjo8w-tx/0aea93b6000e419d92aa5b2204ae294d~tplv-omjb5zjo8w-resize-jpeg:1000:1000.image?,https://shop.tiktok.com/view/product/1730493830800838729?region=US&locale=en,张宇,3.3
2026/8/23,US,US,高潜,1732482861018878567,S260709039595,Beauty Beauty Plus,非SKM商家,大码女装,女士上装,女士衬衫,大码女装+女士上装,"(0,100]",11.44,"(30,50]",100.00%,"(50%, 100%]","(0,10]",2026/7/9,45,JIT商品,13,131,Apricot,1,"4XL,1XL,0XL,3XL,2XL",5,Spring&Fall,https://p16-oec-va.ibyteimg.com/tos-maliva-i-o3syd03w52-us/5dececced5cc425282c5b8774e996a3f~tplv-o3syd03w52-resize-jpeg:1000:1000.image?,https://shop.tiktok.com/view/product/1732482861018878567?region=US&locale=en,张宇,2.8
2026/8/23,US,US,高潜,1729868786933272732,S240730002049,Muslin Garments,非SKM商家,标码女装,女士穆斯林服装,连衣裙,标码女装+女士穆斯林服装,"(1000,2000]",16.5,"(30,50]",460.00%,"(300%, 500%]","(10,30]",2024/11/7,654,非JIT商品,122,0,Black,1,One-size,1,All Seasons,https://p16-oec-ttp.tiktokcdn-us.com/tos-useast5-i-omjb5zjo8w-tx/e19271c5e7f54fac92a9dc193b809d5c~tplv-omjb5zjo8w-resize-jpeg:1000:1000.image?,https://shop.tiktok.com/view/product/1729868786933272732?region=US&locale=en,徐熙雅,4.7
2026/8/23,US,US,高潜,1732424170008645827,S260602037156,XXINGWANG,非SKM商家,大码女装,女士连衣裙,休闲连衣裙,大码女装+女士连衣裙,"(100,500]",15.07,"(30,50]",120.00%,"(100%, 300%]","(10,30]",2026/6/2,82,JIT商品,2,"8,913","Military green,Black,Blue",3,"5XL,4XL,6XL,1XL,3XL,2XL",6,Summer,https://p16-oec-va.ibyteimg.com/tos-maliva-i-o3syd03w52-us/a9ec60f0b4b04011b24ff42970e22888~tplv-o3syd03w52-resize-jpeg:1000:1000.image?,https://shop.tiktok.com/view/product/1732424170008645827?region=US&locale=en,张宇,3.4
2026/8/23,US,US,高潜,1732457551195771087,S260624037699,YIFYfash,非SKM商家,大码女装,女士连衣裙,休闲连衣裙,大码女装+女士连衣裙,"(500,1000]",10.6,"(30,50]",66.67%,"(50%, 100%]","(0,10]",2026/6/24,60,非JIT商品,491,0,"Blue and black,Camouflage army green,Lilac,Dark beige,Multicolor,Sky blue,Beige,Green",8,"5XL,4XL,1XL,3XL,2XL",5,Spring&Fall,https://p16-oec-va.ibyteimg.com/tos-maliva-i-o3syd03w52-us/cd31d4bcca6242228235f7e34298706c~tplv-o3syd03w52-resize-jpeg:1000:1000.image?,https://shop.tiktok.com/view/product/1732457551195771087?region=US&locale=en,张宇,4.8
2026/8/23,US,US,高潜,1732476577357075118,S260626023086,Dcrowome,非SKM商家,标码女装,女士针织衫,开衫,标码女装+女士针织衫,"(0,100]",35.25,"(30,50]",600.00%,"(500%, +∞)","(0,10]",2026/7/21,33,JIT商品,3,"2,389","Navy blue,Gray,Chartreuse",3,"M,S,XL,L",4,Spring&Fall,https://p16-oec-va.ibyteimg.com/tos-alisg-i-aphluv4xwc-sg/fb76f03fea6348fcb257c5acb90eb158~tplv-o3syd03w52-resize-jpeg:1000:1000.image?,https://shop.tiktok.com/view/product/1732476577357075118?region=US&locale=en,王可心,3.3
2026/8/23,US,US,高潜,1732302465847301032,S260323053133,Chic Weaves,非SKM商家,标码女装,女士针织衫,开衫,标码女装+女士针织衫,"(1000,2000]",10.69,"(30,50]",175.00%,"(100%, 300%]","(10,30]",2026/3/28,148,非JIT商品,260,0,"Pink,Gray,Black,Chartreuse,Apricot",5,"M,S,L,XL,XXL",5,Summer,https://p16-oec-va.ibyteimg.com/tos-maliva-i-o3syd03w52-us/3186fef27a304067b6c49d8bf3b86dc1~tplv-o3syd03w52-resize-jpeg:1000:1000.image?,https://shop.tiktok.com/view/product/1732302465847301032?region=US&locale=en,王可心,4.7
2026/8/23,US,US,高潜,1732417126427956107,S260528026891,Youlovee,非SKM商家,标码女装,女士下装,长裤,标码女装+女士下装,"(0,100]",16.45,"(30,50]",1400.00%,"(500%, +∞)","(10,30]",2026/5/28,87,JIT商品,11,"1,897","Set 4,Set 6,Set 2,Set 3,Set 7,Set 8,Set 1,Set 5",8,"M,S,XL,L,XXL",5,Summer,https://p16-oec-ttp.tiktokcdn-us.com/tos-useast5-i-omjb5zjo8w-tx/d59edb0baca84f59b3d1b6bfccd5f78a~tplv-omjb5zjo8w-resize-jpeg:1000:1000.image?,https://shop.tiktok.com/view/product/1732417126427956107?region=US&locale=en,王瑶,4.1
2026/8/23,US,US,高潜,1732206323589747485,S260106045951,ONETHREEZERO,非SKM商家,大码女装,女士下装,长裤,大码女装+女士下装,"(1000,2000]",10.75,"(30,50]",162.50%,"(100%, 300%]","(0,10]",2026/1/16,219,非JIT商品,"1,215",0,"Khaki,Red,Navy blue,Army green,Gray,Black,Dark gray",7,"5XL,4XL,1XL,3XL,2XL",5,Spring&Fall,https://p16-oec-ttp.tiktokcdn-us.com/tos-useast5-i-omjb5zjo8w-tx/c98aa87b49174e929a685adc40028c5a~tplv-omjb5zjo8w-resize-jpeg:1000:1000.image?,https://shop.tiktok.com/view/product/1732206323589747485?region=US&locale=en,郑川粤,3.9
2026/8/23,US,US,高潜,1732349056846893566,S260414047514,Wangsiting clothes,非SKM商家,标码女装,女士穆斯林服装,衬衣及女上衣,标码女装+女士穆斯林服装,"(100,500]",15.36,"(30,50]",300.00%,"(100%, 300%]","(0,10]",2026/4/14,131,JIT商品,15,"1,133","Navy blue,Gray,Yellow,Black,Apricot",5,"M,S,L,XS,XL",5,All Seasons,https://p16-oec-ttp.tiktokcdn-us.com/tos-useast5-i-omjb5zjo8w-tx/66155d35292544048ddc74b26c0a69ad~tplv-omjb5zjo8w-resize-jpeg:1000:1000.image?,https://shop.tiktok.com/view/product/1732349056846893566?region=US&locale=en,王瑶,4.4
2026/8/23,US,US,高潜,1731939774116827888,S251014029177,Pretty PL,非SKM商家,标码女装,女士套装及西服,短裤套装,标码女装+女士套装及西服,"(1000,2000]",8.11,"(30,50]",80.00%,"(50%, 100%]","(0,10]",2025/10/26,301,非JIT商品,199,0,"Multicolor2,Multicolor3,Multicolor,Multicolor4",4,"M,S,XL,L,XXL",5,Summer,https://p16-oec-va.ibyteimg.com/tos-alisg-i-aphluv4xwc-sg/87942ea09c2345939527e4cdb0375b7a~tplv-o3syd03w52-resize-jpeg:1000:1000.image?,https://shop.tiktok.com/view/product/1731939774116827888?region=US&locale=en,刘雪莹,4.3
2026/8/23,US,US,高潜,1732407993915642762,S260517015288,Trendy Value Pants,非SKM商家,标码女装,女士下装,长裤,标码女装+女士下装,"(100,500]",20.38,"(30,50]",80.00%,"(50%, 100%]","(0,10]",2026/5/25,90,非JIT商品,99,0,"Navy blue,Burgundy",2,"M,S,XS,XL,L",5,Spring&Fall,https://p16-oec-ttp.tiktokcdn-us.com/tos-useast5-i-omjb5zjo8w-tx/53d68238cb744101beb3e6473848e79f~tplv-omjb5zjo8w-resize-jpeg:1000:1000.image?,https://shop.tiktok.com/view/product/1732407993915642762?region=US&locale=en,王瑶,2.6
2026/8/23,US,US,高潜,1732430014707437734,S260606020633,Agivvia,非SKM商家,标码女装,女士针织衫,开衫,标码女装+女士针织衫,"(0,100]",26.56,"(30,50]",112.50%,"(100%, 300%]","(0,10]",2026/6/15,69,非JIT商品,116,0,"Silver,Khaki,Black",3,"M,S,L",3,Spring&Fall,https://p16-oec-va.ibyteimg.com/tos-maliva-i-o3syd03w52-us/91aa10aff74e4b2389873c6c8a449c40~tplv-o3syd03w52-resize-jpeg:1000:1000.image?,https://shop.tiktok.com/view/product/1732430014707437734?region=US&locale=en,王可心,3.9
2026/8/23,US,US,高潜,1732354269658255800,S260419002737,ZY PLUS JEANS,非SKM商家,大码女装,牛仔,牛仔长裤,大码女装+牛仔,"(100,500]",28.42,"(30,50]",60.00%,"(50%, 100%]","(0,10]",2026/4/26,119,非JIT商品,122,0,Royal blue,1,"4XL,1XL,0XL,3XL,2XL",5,Spring&Fall,https://p16-oec-va.ibyteimg.com/tos-maliva-i-o3syd03w52-us/b2c2e1e5881a4d7b90ddb8243f8bad38~tplv-o3syd03w52-resize-jpeg:1000:1000.image?,https://shop.tiktok.com/view/product/1732354269658255800?region=US&locale=en,郑川粤,3.8
2026/8/23,US,US,高潜,1732253313667010903,S260122038305,FOXCLAW Curve,非SKM商家,大码女装,女士上装,女士 T 恤,大码女装+女士上装,"(500,1000]",15.06,"(30,50]",360.00%,"(300%, 500%]","(10,30]",2026/1/31,204,非JIT商品,175,0,"Red,Light blue,Gray,Yellow,Black,Green",6,"5XL,4XL,1XL,3XL,2XL",5,Summer,https://p16-oec-ttp.tiktokcdn-us.com/tos-useast5-i-omjb5zjo8w-tx/7729401ad3fc4cd7b5f5d1296550cf28~tplv-omjb5zjo8w-resize-jpeg:1000:1000.image?,https://shop.tiktok.com/view/product/1732253313667010903?region=US&locale=en,郑川粤,4.1
2026/8/23,US,US,高潜,1731568798456451397,S250730011868,YouAnnn,非SKM商家,标码女装,女士针织衫,开衫,标码女装+女士针织衫,"(500,1000]",14.39,"(30,50]",81.82%,"(50%, 100%]","(10,30]",2025/8/5,383,非JIT商品,670,0,"Green,Pink,Red,Orange,Navy blue,Yellow,Gray,White,Light wash,Brown",10,"M,S,L,XL,XXL",5,Fall&Winter,https://p16-oec-va.ibyteimg.com/tos-maliva-i-o3syd03w52-us/d80854c83cf041efa5b0e998f8c7d2da~tplv-o3syd03w52-resize-jpeg:1000:1000.image?,https://shop.tiktok.com/view/product/1731568798456451397?region=US&locale=en,沈亦莎,4.3
2026/8/23,US,US,高潜,1732116259727642957,S251203093374,Follome,非SKM商家,标码女装,女士套装及西服,长裤套装,标码女装+女士套装及西服,"(1000,2000]",21.41,"(30,50]",400.00%,"(300%, 500%]","(0,10]",2025/12/17,249,非JIT商品,325,0,"Green,Red,Black,Brown",4,"M,S,L,XL",4,Spring&Fall,https://p16-oec-ttp.tiktokcdn-us.com/tos-useast5-i-omjb5zjo8w-tx/4381c8e1f97d4345a3968026c5de56b9~tplv-omjb5zjo8w-resize-jpeg:1000:1000.image?,https://shop.tiktok.com/view/product/1732116259727642957?region=US&locale=en,张健,4.6
2026/8/23,US,US,高潜,1732527929056465075,S260730032454,ZOVINRIA,SKM商家,标码女装,女士针织衫,开衫,标码女装+女士针织衫,"(0,100]",17.87,"(30,50]",110.00%,"(100%, 300%]","(0,10]",2026/8/11,12,非JIT商品,156,0,"Cream and black combination,Coffee brown,Custard,White and black combination,Medium gray,Large gray,Deep Apricot,Dark coffee,Apricot,color,White Apricot",11,"M,S,L",3,Spring&Fall,https://p16-oec-va.ibyteimg.com/tos-maliva-i-o3syd03w52-us/5aee171ed2c24255bb4cc566cfb06da3~tplv-o3syd03w52-resize-jpeg:1000:1000.image?,https://shop.tiktok.com/view/product/1732527929056465075?region=US&locale=en,王可心,3.4
2026/8/23,US,US,高潜,1729642556491665996,S240823006193,XGZ Clothing Stores,非SKM商家,大码女装,女士套装及西服,长裤套装,大码女装+女士套装及西服,"(2000,5000]",21.52,"(10,30]",150.00%,"(100%, 300%]","(0,10]",2024/9/14,708,非JIT商品,126,0,Multicolor,1,"4XL,1XL,0XL,3XL,2XL",5,Summer,https://p16-oec-ttp.tiktokcdn-us.com/tos-useast5-i-omjb5zjo8w-tx/938e8052a69f43acaba8aff2340e5a18~tplv-omjb5zjo8w-resize-jpeg:1000:1000.image?,https://shop.tiktok.com/view/product/1729642556491665996?region=US&locale=en,张宇,3.2
2026/8/23,US,US,高潜,1732499412725109694,S260718015933,Meiina Clothing,非SKM商家,大码女装,女士连衣裙,休闲连衣裙,大码女装+女士连衣裙,"(0,100]",17.93,"(10,30]",900.00%,"(500%, +∞)","(0,10]",2026/8/4,19,非JIT商品,180,0,"Brown,Medium wash,Orange,Yellow,Sky blue,Apricot,Green",7,"5XL,4XL,1XL,3XL,2XL",5,Spring&Fall,https://p16-oec-va.ibyteimg.com/tos-maliva-i-o3syd03w52-us/781772203da045fc9767f7e6ff5c9ba1~tplv-o3syd03w52-resize-jpeg:1000:1000.image?,https://shop.tiktok.com/view/product/1732499412725109694?region=US&locale=en,郑川粤,4.7
2026/8/23,US,US,高潜,1732439542566327208,S260612001805,Chic Weaves,非SKM商家,标码女装,女士针织衫,开衫,标码女装+女士针织衫,"(100,500]",14.49,"(10,30]",100.00%,"(50%, 100%]","(0,10]",2026/6/14,70,非JIT商品,152,0,"Light yellow,Light gray,Apricot",3,"M,S,L,XL,XXL",5,Spring&Fall,https://p16-oec-va.ibyteimg.com/tos-maliva-i-o3syd03w52-us/63068875f4f249dcaad0625d208d6e65~tplv-o3syd03w52-resize-jpeg:1000:1000.image?,https://shop.tiktok.com/view/product/1732439542566327208?region=US&locale=en,王可心,4.7
2026/8/23,US,US,高潜,1732470632208896395,S260702023062,CYOUNCE,非SKM商家,标码女装,女士套装及西服,短裤套装,标码女装+女士套装及西服,"(0,100]",9.6,"(10,30]",162.50%,"(100%, 300%]","(0,10]",2026/7/18,36,非JIT商品,94,0,"Pink,Yellow,White,Brown",4,"M,S,L,XL",4,Summer,https://p16-oec-va.ibyteimg.com/tos-alisg-i-aphluv4xwc-sg/467cbe2e8d9944c6a548134eb8752dac~tplv-o3syd03w52-resize-jpeg:1000:1000.image?,https://shop.tiktok.com/view/product/1732470632208896395?region=US&locale=en,黄依婷,4.7
2026/8/23,US,US,高潜,1732480229974970407,S260708014112,Finjani BoldCurve,非SKM商家,大码女装,女士套装及西服,长裤套装,大码女装+女士套装及西服,"(0,100]",27.53,"(10,30]",112.50%,"(100%, 300%]","(0,10]",2026/7/8,46,JIT商品,1,190,"Khaki,Black,Brown",3,"4XL,1XL,0XL,3XL,2XL",5,Spring&Fall,https://p16-oec-va.ibyteimg.com/tos-alisg-i-aphluv4xwc-sg/930170e8de2648ffb1258d9eaf2839a1~tplv-o3syd03w52-resize-jpeg:1000:1000.image?,https://shop.tiktok.com/view/product/1732480229974970407?region=US&locale=en,张宇,3.8
2026/8/23,US,US,高潜,1732430252591648841,S260606026659,Easy Buy Relax,非SKM商家,大码女装,女士下装,长裤,大码女装+女士下装,"(100,500]",12.8,"(10,30]",80.00%,"(50%, 100%]","(0,10]",2026/6/17,67,非JIT商品,63,0,Curry,1,"4XL,1XL,0XL,3XL,2XL",5,Summer,https://p16-oec-va.ibyteimg.com/tos-maliva-i-o3syd03w52-us/727a116e162f4e9fb968f529555b28de~tplv-o3syd03w52-resize-jpeg:1000:1000.image?,https://shop.tiktok.com/view/product/1732430252591648841?region=US&locale=en,郑川粤,4.6
2026/8/23,US,US,高潜,1732476022062289745,S260706004973,Chic Price Cloaks,非SKM商家,标码女装,女士针织衫,毛衣套头衫,标码女装+女士针织衫,"(100,500]",14.17,"(10,30]",150.00%,"(100%, 300%]","(0,10]",2026/7/6,48,非JIT商品,17,0,Khaki,1,"M,S,L,XL,XXL",5,Summer,https://p16-oec-va.ibyteimg.com/tos-maliva-i-o3syd03w52-us/3a63a01fdf304a2f92b523ebf482844f~tplv-o3syd03w52-resize-jpeg:1000:1000.image?,https://shop.tiktok.com/view/product/1732476022062289745?region=US&locale=en,沈亦莎,4.3
2026/8/23,US,US,高潜,1731908093340913737,S251011035266,Dragons Kaoru,非SKM商家,大码女装,女士套装及西服,连衣裙套装,大码女装+女士套装及西服,"(1000,2000]",23.69,"(10,30]",550.00%,"(500%, +∞)","(10,30]",2025/10/21,306,非JIT商品,390,0,"Light brown,Lemon yellow,Black",3,"4XL,1XL,0XL,3XL,2XL",5,Spring&Fall,https://p16-oec-ttp.tiktokcdn-us.com/tos-useast5-i-omjb5zjo8w-tx/0cce74549eef4eb6aec3e59da9098cc5~tplv-omjb5zjo8w-resize-jpeg:1000:1000.image?,https://shop.tiktok.com/view/product/1731908093340913737?region=US&locale=en,张宇,3.3
2026/8/23,US,US,高潜,1732480795091243518,S260706034402,Wangsiting clothes,非SKM商家,标码女装,女士穆斯林服装,衬衣及女上衣,标码女装+女士穆斯林服装,"(0,100]",20.95,"(10,30]",250.00%,"(100%, 300%]","(0,10]",2026/7/8,46,JIT商品,0,824,"Apricot,Blue",2,"M,S,L,XL,XS",5,All Seasons,https://p16-oec-va.ibyteimg.com/tos-maliva-i-o3syd03w52-us/8bd922e10a674763bbbcaa6ec1c92e2d~tplv-o3syd03w52-resize-jpeg:1000:1000.image?,https://shop.tiktok.com/view/product/1732480795091243518?region=US&locale=en,王瑶,4.4
2026/8/23,US,US,高潜,1732502604998808512,S260720034658,Cute Pants,非SKM商家,标码女装,女士下装,长裤,标码女装+女士下装,"(0,100]",8.37,"(10,30]",180.00%,"(100%, 300%]","(0,10]",2026/7/26,28,非JIT商品,115,0,"Floral pattern,Blue Shimmer Black,Purple color-block design,Leopard print brown,Orange color-block design,color-block red",6,"M,S,XL,L,XXL",5,Spring&Fall,https://p16-oec-va.ibyteimg.com/tos-maliva-i-o3syd03w52-us/842d646bbc59478282a06d5be18827cd~tplv-o3syd03w52-resize-jpeg:1000:1000.image?,https://shop.tiktok.com/view/product/1732502604998808512?region=US&locale=en,王谍,3.7
2026/8/23,US,US,高潜,1732129089912869513,S251207227451,PrettyCouture,非SKM商家,大码女装,女士连衣裙,休闲连衣裙,大码女装+女士连衣裙,"(2000,5000]",18.76,"(10,30]",66.67%,"(50%, 100%]","(0,10]",2025/12/9,257,JIT商品,400,134,"Gray,Black,Dark brown,Dark wash,Burgundy",5,"4XL,1XL,0XL,3XL,2XL",5,Spring&Fall,https://p16-oec-ttp.tiktokcdn-us.com/tos-useast5-i-omjb5zjo8w-tx/07d633ea06514d76b65bbe970f2585bf~tplv-omjb5zjo8w-resize-jpeg:1000:1000.image?,https://shop.tiktok.com/view/product/1732129089912869513?region=US&locale=en,张宇,2.8
2026/8/23,US,US,高潜,1732380266692055889,S260429022276,Shiny Girl VIP,非SKM商家,标码女装,女士下装,长裤,标码女装+女士下装,"(100,500]",13.98,"(10,30]",66.67%,"(50%, 100%]","(0,10]",2026/5/9,106,非JIT商品,55,0,"Pink,Green",2,"M,S,XL,L,XS",5,Summer,https://p16-oec-ttp.tiktokcdn-us.com/tos-useast5-i-omjb5zjo8w-tx/a1d4b83fff514c028be83859cb801b7c~tplv-omjb5zjo8w-resize-jpeg:1000:1000.image?,https://shop.tiktok.com/view/product/1732380266692055889?region=US&locale=en,张健,4.7
2026/8/23,US,US,高潜,1731678006424605013,S250819008076,TTsprint,非SKM商家,标码女装,女士下装,长裤,标码女装+女士下装,"(500,1000]",14.21,"(10,30]",111.11%,"(100%, 300%]","(0,10]",2025/8/26,362,非JIT商品,144,0,"Coffee brown,Pink,Olive green,Red,Yellow,Black,Light wash,Pale blue",8,"M,S,XL,L",4,Spring&Fall,https://p16-oec-ttp.tiktokcdn-us.com/tos-useast5-i-omjb5zjo8w-tx/ca11c380f09944c2aef6363cd63ad98c~tplv-omjb5zjo8w-resize-jpeg:1000:1000.image?,https://shop.tiktok.com/view/product/1731678006424605013?region=US&locale=en,王瑶,4.1
2026/8/23,US,US,高潜,1731523552722129239,S250707002583,FOXCLAW Curve,非SKM商家,大码女装,女士下装,长裤,大码女装+女士下装,"(1000,2000]",13.66,"(10,30]",54.55%,"(50%, 100%]","(0,10]",2025/7/27,392,非JIT商品,125,0,"Yellow,White,Black",3,"5XL,4XL,1XL,3XL,2XL",5,Spring&Fall,https://p16-oec-ttp.tiktokcdn-us.com/tos-useast5-i-omjb5zjo8w-tx/65f62b1b5aad4874a9108d99b92501cc~tplv-omjb5zjo8w-resize-jpeg:1000:1000.image?,https://shop.tiktok.com/view/product/1731523552722129239?region=US&locale=en,郑川粤,4.1
2026/8/23,US,US,高潜,1732463929086939743,S260625024544,Vanshee Show,非SKM商家,标码女装,女士套装及西服,长裤套装,标码女装+女士套装及西服,"(0,100]",26.63,"(10,30]",360.00%,"(300%, 500%]","(0,10]",2026/6/29,55,JIT商品,0,303,"Multicolor2,Multicolor3,Multi-color",3,"M,S,L,XL",4,Spring&Fall,https://p16-oec-va.ibyteimg.com/tos-maliva-i-o3syd03w52-us/ab725f16a09549708b0ae351810e6e7b~tplv-o3syd03w52-resize-jpeg:1000:1000.image?,https://shop.tiktok.com/view/product/1732463929086939743?region=US&locale=en,游宇航,4.9
2026/8/23,US,US,高潜,1732346447447494829,S260412028700,ZIZI Sweater,非SKM商家,大码女装,女士针织衫,毛衣套头衫,大码女装+女士针织衫,"(100,500]",10.21,"(10,30]",88.89%,"(50%, 100%]","(0,10]",2026/4/25,120,非JIT商品,153,0,"Green,White,Black,Apricot,Blue",5,"4XL,1XL,3XL,2XL",4,Summer,https://p16-oec-va.ibyteimg.com/tos-alisg-i-aphluv4xwc-sg/d85313a9fa634821adc8953a95a74ec9~tplv-o3syd03w52-resize-jpeg:1000:1000.image?,https://shop.tiktok.com/view/product/1732346447447494829?region=US&locale=en,郑川粤,4.6
2026/8/23,US,US,高潜,1731058007494201349,S250307020445,Elegant womans,非SKM商家,大码女装,女士针织衫,毛衣套头衫,大码女装+女士针织衫,"(1000,2000]",14.26,"(10,30]",112.50%,"(100%, 300%]","(0,10]",2025/4/19,491,非JIT商品,519,0,"Silver,Khaki,Reddish orange,White,Black,Fawn brown,Sky blue",7,"5XL,4XL,6XL,1XL,7XL,0XL,3XL,2XL",8,Summer,https://p16-oec-ttp.tiktokcdn-us.com/tos-useast5-i-omjb5zjo8w-tx/f79f3968ed8d4702b3c3cdfd662160a9~tplv-omjb5zjo8w-resize-jpeg:1000:1000.image?,https://shop.tiktok.com/view/product/1731058007494201349?region=US&locale=en,张宇,3.4
2026/8/23,US,US,高潜,1729480052344329289,S260128071806,To Seren,非SKM商家,大码女装,连体衣,连体裤,大码女装+连体衣,"(100,500]",21.18,"(10,30]",233.33%,"(100%, 300%]","(10,30]",2026/2/10,194,非JIT商品,236,0,"Gray,Copper brown,Brown",3,"4XL,1XL,0XL,3XL,2XL",5,Summer,https://p16-oec-ttp.tiktokcdn-us.com/tos-useast5-i-omjb5zjo8w-tx/4e0f79bb74c74bd9b9fbe32c7d49518a~tplv-omjb5zjo8w-resize-jpeg:1000:1000.image?,https://shop.tiktok.com/view/product/1729480052344329289?region=US&locale=en,郑川粤,2
2026/8/23,US,US,高潜,1732087896294200229,S251125059440,"Cansheng Fushi Co.,",非SKM商家,大码女装,女士上装,女士 T 恤,大码女装+女士上装,"(100,500]",8.93,"(10,30]",266.67%,"(100%, 300%]","(0,10]",2025/11/30,266,JIT商品,0,487,Copper brown,1,"5XL,4XL,1XL,0XL,3XL,2XL",6,Summer,https://p16-oec-ttp.tiktokcdn-us.com/tos-useast5-i-omjb5zjo8w-tx/c9b8c3898b434cfbbde2b929378ff477~tplv-omjb5zjo8w-resize-jpeg:1000:1000.image?,https://shop.tiktok.com/view/product/1732087896294200229?region=US&locale=en,郑川粤,4.3
2026/8/23,US,US,高潜,1729475862816592215,S240417002427,FOXCLAW Curve,非SKM商家,大码女装,女士下装,长裤,大码女装+女士下装,"(5000,10000]",9.27,"(10,30]",325.00%,"(300%, 500%]","(0,10]",2024/5/8,837,非JIT商品,188,0,"Jet black,Khaki,Navy blue,Black,Apricot,Brown",6,"5XL,4XL,1XL,3XL,2XL",5,Summer,https://p16-oec-ttp.tiktokcdn-us.com/tos-useast5-i-omjb5zjo8w-tx/2155a136cc684a7e8646081edd3e80a1~tplv-omjb5zjo8w-resize-jpeg:1000:1000.image?,https://shop.tiktok.com/view/product/1729475862816592215?region=US&locale=en,郑川粤,4.1
2026/8/23,US,US,高潜,1732393273468948671,S260511012987,Evilyn chic,非SKM商家,标码女装,女士下装,短裤,标码女装+女士下装,"(100,500]",8.56,"(10,30]",66.67%,"(50%, 100%]","(10,30]",2026/5/21,94,非JIT商品,220,0,"Yellow,Multicolor1,Blue",3,"M,S,L,XL",4,Summer,https://p16-oec-va.ibyteimg.com/tos-maliva-i-o3syd03w52-us/9fc9da9611ea4c4a878e68518211c55a~tplv-o3syd03w52-resize-jpeg:1000:1000.image?,https://shop.tiktok.com/view/product/1732393273468948671?region=US&locale=en,黄依婷,4.8
2026/8/23,US,US,高潜,1730724722355966867,S250118000428,W Club,非SKM商家,标码女装,女士套装及西服,短裤套装,标码女装+女士套装及西服,"(2000,5000]",18.08,"(10,30]",77.78%,"(50%, 100%]","(0,10]",2025/2/21,548,非JIT商品,82,0,"Multicolor2,Multicolor3,Multicolor1",3,"M,S,L,XL",4,Summer,https://p16-oec-ttp.tiktokcdn-us.com/tos-useast5-i-omjb5zjo8w-tx/d265451684ce4c70973406f017aaf2c4~tplv-omjb5zjo8w-resize-jpeg:1000:1000.image?,https://shop.tiktok.com/view/product/1730724722355966867?region=US&locale=en,黄依婷,3.9
2026/8/23,US,US,高潜,1732524992117182938,S260731012363,OyaSnake,非SKM商家,大码女装,女士针织衫,毛衣马甲,大码女装+女士针织衫,"(0,100]",15.98,"(10,30]",,新增动销,"(0,10]",2026/8/9,14,非JIT商品,82,0,"lime green,Pink,Khaki,Yellow,Gray,White,Black,Dark green,Burgundy",9,"M-l,S-m,XS-s",3,Spring&Fall,https://p16-oec-va.ibyteimg.com/tos-alisg-i-aphluv4xwc-sg/6e0c1c1d003e433e91899532730bee01~tplv-o3syd03w52-resize-jpeg:1000:1000.image?,https://shop.tiktok.com/view/product/1732524992117182938?region=US&locale=en,沈亦莎,
2026/8/23,US,US,高潜,1732514734772687272,S260726012651,YMW,非SKM商家,标码女装,女士套装及西服,长裤套装,标码女装+女士套装及西服,"(0,100]",22.67,"(10,30]",200.00%,"(100%, 300%]","(0,10]",2026/8/6,17,JIT商品,95,78,"Red,White,Black,Green",4,"M,S,L,XL,XXL",5,All Seasons,https://p16-oec-va.ibyteimg.com/tos-maliva-i-o3syd03w52-us/3ef72d92fa984f789191e10bb0f69ec6~tplv-o3syd03w52-resize-jpeg:1000:1000.image?,https://shop.tiktok.com/view/product/1732514734772687272?region=US&locale=en,黄依婷,3.8
2026/8/23,US,US,高潜,1729659986150658592,S240912006938,Anda-fashion,非SKM商家,标码女装,女士下装,半身裙,标码女装+女士下装,"(2000,5000]",12.34,"(10,30]",450.00%,"(300%, 500%]","(0,10]",2024/9/24,698,非JIT商品,89,0,"Multicolor5,Multicolor2,Multicolor6,Multicolor3,Multicolor1,Multicolor4",6,"M,S,XL,L,XXL",5,Summer,https://p16-oec-va.ibyteimg.com/tos-maliva-i-o3syd03w52-us/5eaee3f876ab49bc93042bf8f59f73e7~tplv-o3syd03w52-resize-jpeg:1000:1000.image?,https://shop.tiktok.com/view/product/1729659986150658592?region=US&locale=en,黄依婷,3.9
2026/8/23,US,US,高潜,1732347252066390552,S260413017127,Kliou Store,非SKM商家,标码女装,女士套装及西服,短裤套装,标码女装+女士套装及西服,"(100,500]",7.59,"(10,30]",171.43%,"(100%, 300%]","(0,10]",2026/5/3,112,非JIT商品,34,0,Blue,1,"M,S,L",3,All Seasons,https://p16-oec-ttp.tiktokcdn-us.com/tos-useast5-i-omjb5zjo8w-tx/0dfee367983f4843aaf5fe6d8d15846c~tplv-omjb5zjo8w-resize-jpeg:1000:1000.image?,https://shop.tiktok.com/view/product/1732347252066390552?region=US&locale=en,刘雪莹,3.8
2026/8/23,US,US,高潜,1732438606801310568,S260610025022,Happy Rainbow House,非SKM商家,大码女装,女士连衣裙,休闲连衣裙,大码女装+女士连衣裙,"(100,500]",11.37,"(10,30]",70.00%,"(50%, 100%]","(0,10]",2026/7/2,52,非JIT商品,44,0,"Hot pink,Lime red",2,"5XL,4XL,1XL,0XL,3XL,2XL",6,Summer,https://p16-oec-va.ibyteimg.com/tos-maliva-i-o3syd03w52-us/b0be7cb126984c65bb6c203d9911e14d~tplv-o3syd03w52-resize-jpeg:1000:1000.image?,https://shop.tiktok.com/view/product/1732438606801310568?region=US&locale=en,张宇,4.8
2026/8/23,US,US,高潜,1732384345576018708,S260504015480,Beta International,非SKM商家,标码女装,女士下装,短裤,标码女装+女士下装,"(1000,2000]",8.46,"(10,30]",425.00%,"(300%, 500%]","(10,30]",2026/5/4,111,JIT商品,264,"4,266,329","Multicolor7,Colorful 14,Multicolor6,Multicolor9,Multicolor12,Colorful 13,Multicolor1,Multicolor8,Multicolor11,Multicolor5,Multicolor2,Multicolor3,Colorful 15,Multicolor10,Multicolor4",15,"M,S,L,XL",4,Summer,https://p16-oec-va.ibyteimg.com/tos-maliva-i-o3syd03w52-us/59a3703083844abd98e9d094f9124770~tplv-o3syd03w52-resize-jpeg:1000:1000.image?,https://shop.tiktok.com/view/product/1732384345576018708?region=US&locale=en,王瑶,3.9
2026/8/23,US,US,高潜,1732107643649495468,S251201024712,The Pretty Line,非SKM商家,标码女装,女士下装,半身裙,标码女装+女士下装,"(500,1000]",13.48,"(10,30]",60.00%,"(50%, 100%]","(0,10]",2025/12/9,257,非JIT商品,68,0,"Pink,White,Black",3,"M,S,XL,L",4,Summer,https://p16-oec-ttp.tiktokcdn-us.com/tos-useast5-i-omjb5zjo8w-tx/a1b10e74c9434aaea3950c4686243245~tplv-omjb5zjo8w-resize-jpeg:1000:1000.image?,https://shop.tiktok.com/view/product/1732107643649495468?region=US&locale=en,张健,4.5
2026/8/23,US,US,高潜,1732372440412688894,S260427032481,Wting clothes,非SKM商家,标码女装,女士穆斯林服装,衬衣及女上衣,标码女装+女士穆斯林服装,"(100,500]",15.39,"(10,30]",185.71%,"(100%, 300%]","(0,10]",2026/4/27,118,非JIT商品,23,0,Coffee brown,1,"M,S,XL,L",4,All Seasons,https://p16-oec-ttp.tiktokcdn-us.com/tos-useast5-i-omjb5zjo8w-tx/05ced972647e483fb7447adf563efc50~tplv-omjb5zjo8w-resize-jpeg:1000:1000.image?,https://shop.tiktok.com/view/product/1732372440412688894?region=US&locale=en,王瑶,4
2026/8/23,US,US,高潜,1732446983337841561,S260515033900,Rich Deram,非SKM商家,标码女装,女士下装,半身裙,标码女装+女士下装,"(100,500]",9.46,"(10,30]",60.00%,"(50%, 100%]","(0,10]",2026/6/17,67,JIT商品,17,142,"Purple leopard print,Green leopard print,Coffee Leopard Print,Cream Polka Dots,Khaki leopard print,Gray leopard print,Black Polka Dots",7,"M,S,L,XL,XXL",5,Summer,https://p16-oec-va.ibyteimg.com/tos-maliva-i-o3syd03w52-us/ee57d051171c45c7a23f60c490909376~tplv-o3syd03w52-resize-jpeg:1000:1000.image?,https://shop.tiktok.com/view/product/1732446983337841561?region=US&locale=en,王谍,2
2026/8/23,US,US,高潜,1731850725096002543,S250923025702,MO COO,非SKM商家,标码女装,女士针织衫,毛衣套头衫,标码女装+女士针织衫,"(100,500]",11.94,"(10,30]",137.50%,"(100%, 300%]","(0,10]",2025/9/30,327,非JIT商品,77,0,"White,Black,Apricot",3,"M,S,XL,L",4,Fall&Winter,https://p16-oec-ttp.tiktokcdn-us.com/tos-useast5-i-omjb5zjo8w-tx/8d29327879064140ae837d5abf4a473b~tplv-omjb5zjo8w-resize-jpeg:1000:1000.image?,https://shop.tiktok.com/view/product/1731850725096002543?region=US&locale=en,王可心,3.9
2026/8/23,US,US,高潜,1732501771261415511,S260720011142,Novelife,非SKM商家,标码女装,女士套装及西服,女士西装外套,标码女装+女士套装及西服,"(0,100]",32.3,"(10,30]",100.00%,"(50%, 100%]","(0,10]",2026/7/31,23,非JIT商品,164,0,"Light brown,Rose red & solid color,Yellow & Stripes",3,"M,S,XL,L",4,Spring&Fall,https://p16-oec-va.ibyteimg.com/tos-alisg-i-aphluv4xwc-sg/47edc43e21734d81b2df3de56f04a943~tplv-o3syd03w52-resize-jpeg:1000:1000.image?,https://shop.tiktok.com/view/product/1732501771261415511?region=US&locale=en,黄依婷,4.7
2026/8/23,US,US,高潜,1730922697063436293,S250310015861,YIPX,非SKM商家,大码女装,女士上装,女士背心&吊带衫,大码女装+女士上装,"(2000,5000]",8.73,"(10,30]",950.00%,"(500%, +∞)","(0,10]",2025/3/25,516,JIT商品,656,"2,667","Light Blue,Purple,Pink,Light green,Yellow,Off white,Mauve purple,Light purple",8,"5XL,4XL,6XL,1XL,0XL,3XL,2XL",7,Summer,https://p16-oec-va.ibyteimg.com/tos-maliva-i-o3syd03w52-us/328c6fe00f034a6fa5ef76849ee57861~tplv-o3syd03w52-resize-jpeg:1000:1000.image?,https://shop.tiktok.com/view/product/1730922697063436293?region=US&locale=en,张宇,2.8
2026/8/23,US,US,高潜,1729399393116590776,S230626003520,Big Girls Apparel,非SKM商家,大码女装,女士连衣裙,休闲连衣裙,大码女装+女士连衣裙,"(5000,10000]",18.94,"(10,30]",200.00%,"(100%, 300%]","(0,10]",2023/9/15,"1,073",非JIT商品,564,0,"Multicolor7,Multicolor6,Multicolor9,Black and white,Black,Multicolor1,Multicolor8,Grey and pink and blue,Multicolor5,Multicolor11,Multicolor2,Multicolor3,Orange and black,Multicolor10,Multicolor4",15,"5XL,4XL,6XL,1XL,0XL,3XL,2XL",7,Summer,https://p16-oec-ttp.tiktokcdn-us.com/tos-useast5-i-omjb5zjo8w-tx/d2850b35f3c347f399395b423a752ba3~tplv-omjb5zjo8w-resize-jpeg:1000:1000.image?,https://shop.tiktok.com/view/product/1729399393116590776?region=US&locale=en,张宇,4.7
2026/8/23,US,US,高潜,1731828673652626160,S250617015101,Pretty PL,非SKM商家,标码女装,女士套装及西服,长裤套装,标码女装+女士套装及西服,"(1000,2000]",14.57,"(10,30]",171.43%,"(100%, 300%]","(0,10]",2025/9/25,332,非JIT商品,63,0,"Multicolor2,Multicolor3,Multicolor1",3,"M,S,L,XL,XXL",5,Spring&Fall,https://p16-oec-ttp.tiktokcdn-us.com/tos-useast5-i-omjb5zjo8w-tx/bf299347818842cf8ea55c142d4c8b74~tplv-omjb5zjo8w-resize-jpeg:1000:1000.image?,https://shop.tiktok.com/view/product/1731828673652626160?region=US&locale=en,刘雪莹,4.3
2026/8/23,US,US,高潜,1732331461945758572,S260410001689,DOUCIU Store,非SKM商家,标码女装,女士套装及西服,长裤套装,标码女装+女士套装及西服,"(100,500]",25.65,"(10,30]",183.33%,"(100%, 300%]","(0,10]",2026/4/12,133,非JIT商品,59,0,Black,1,"M,S,L",3,Summer,https://p16-oec-ttp.tiktokcdn-us.com/tos-useast5-i-omjb5zjo8w-tx/0b5c75f040964dc6bf7f535c6625c8e1~tplv-omjb5zjo8w-resize-jpeg:1000:1000.image?,https://shop.tiktok.com/view/product/1732331461945758572?region=US&locale=en,游宇航,3.2
2026/8/23,US,US,高潜,1732549301392019533,S260811036345,YarnPop,非SKM商家,标码女装,女士针织衫,开衫,标码女装+女士针织衫,"(0,100]",17.21,"(10,30]",1100.00%,"(500%, +∞)","(0,10]",2026/8/11,12,JIT商品,0,375,"Khaki,Light blue,Orange-yellow,Black,Burgundy",5,"M,S,L,XL",4,Spring&Fall,https://p16-oec-va.ibyteimg.com/tos-alisg-i-aphluv4xwc-sg/5f81e17a50284be9bc34d6b8ee24a4ec~tplv-o3syd03w52-resize-jpeg:1000:1000.image?,https://shop.tiktok.com/view/product/1732549301392019533?region=US&locale=en,王可心,4.4
2026/8/23,US,US,高潜,1732424970115715993,S260603016003,Rich Deram,非SKM商家,标码女装,女士套装及西服,短裤套装,标码女装+女士套装及西服,"(100,500]",20.39,"(10,30]",60.00%,"(50%, 100%]","(0,10]",2026/6/12,72,非JIT商品,321,0,"#4 Light Pink Small Trumpet Flowers,Cream,#8 Pink Fruit Theme,#2 Light blue flower with gold chain,#1 Purple,#1 Yellow,#7 Pink,Lemon stripes,White,Off-white,Blue",11,"M,S,L,XL,XXL",5,Summer,https://p16-oec-va.ibyteimg.com/tos-maliva-i-o3syd03w52-us/acda774a03964840b487b179fa4b0ce9~tplv-o3syd03w52-resize-jpeg:1000:1000.image?,https://shop.tiktok.com/view/product/1732424970115715993?region=US&locale=en,王谍,2
2026/8/23,US,US,高潜,1732245717486506229,S260120059752,KAYWIDE KnitCo,SKM商家,标码女装,女士针织衫,毛衣套头衫,标码女装+女士针织衫,"(1000,2000]",14.3,"(10,30]",114.29%,"(100%, 300%]","(0,10]",2026/1/25,210,非JIT商品,56,0,"Pink,Light green,Bright yellow,Brown",4,"M,S,XS,L,XL",5,Spring&Fall,https://p16-oec-va.ibyteimg.com/tos-maliva-i-o3syd03w52-us/540cb99b095e4f9b9c029a5c0e9e8a32~tplv-o3syd03w52-resize-jpeg:1000:1000.image?,https://shop.tiktok.com/view/product/1732245717486506229?region=US&locale=en,沈亦莎,3.3
2026/8/23,US,US,高潜,1732553669852106829,S260812018855,PRETTY FEM,非SKM商家,大码女装,女士针织衫,毛衣套头衫,大码女装+女士针织衫,"(0,100]",25.6,"(10,30]",88.89%,"(50%, 100%]","(0,10]",2026/8/13,10,JIT商品,2,332,"Purple,Iron gray,Fawn brown",3,"1XL,0XL,3XL,2XL",4,Summer,https://p16-oec-va.ibyteimg.com/tos-alisg-i-aphluv4xwc-sg/55c796d8c64b412a9ab393851847d845~tplv-o3syd03w52-resize-jpeg:1000:1000.image?,https://shop.tiktok.com/view/product/1732553669852106829?region=US&locale=en,郑川粤,
2026/8/23,US,US,高潜,1732436509329428573,S260610032987,Comfortable Couture,非SKM商家,大码女装,女士连衣裙,休闲连衣裙,大码女装+女士连衣裙,"(100,500]",12.34,"(10,30]",300.00%,"(100%, 300%]","(10,30]",2026/6/10,74,JIT商品,146,48,"Burgundy,Navy blue,White,Black,Brown",5,"5XL,4XL,1XL,3XL,2XL",5,Summer,https://p16-oec-va.ibyteimg.com/tos-maliva-i-o3syd03w52-us/deb69db91c0e461ebe68a51e04e38f0f~tplv-o3syd03w52-resize-jpeg:1000:1000.image?,https://shop.tiktok.com/view/product/1732436509329428573?region=US&locale=en,张宇,3.7
2026/8/23,US,US,高潜,1732350178020266659,S260415028921,Vincira,非SKM商家,标码女装,女士套装及西服,长裤套装,标码女装+女士套装及西服,"(1000,2000]",12.7,"(10,30]",114.29%,"(100%, 300%]","(0,10]",2026/5/8,107,非JIT商品,"1,114",0,"Red,Yellow,Blue",3,"M,S,L,XL",4,Summer,https://p16-oec-ttp.tiktokcdn-us.com/tos-useast5-i-omjb5zjo8w-tx/872ba4fe307d4c2db601436c207a445e~tplv-omjb5zjo8w-resize-jpeg:1000:1000.image?,https://shop.tiktok.com/view/product/1732350178020266659?region=US&locale=en,黄依婷,3.1
2026/8/23,US,US,高潜,1730941286311432288,S250226004339,Luxury Leisure,非SKM商家,大码女装,女士连衣裙,休闲连衣裙,大码女装+女士连衣裙,"(2000,5000]",10.66,"(10,30]",100.00%,"(50%, 100%]","(0,10]",2025/3/27,514,非JIT商品,77,0,"Grey,Army green,Black,Blue",4,"4XL,1XL,3XL,2XL",4,Summer,https://p16-oec-ttp.tiktokcdn-us.com/tos-useast5-i-omjb5zjo8w-tx/a32591bbb039430e9374a3361e21e026~tplv-omjb5zjo8w-resize-jpeg:1000:1000.image?,https://shop.tiktok.com/view/product/1730941286311432288?region=US&locale=en,刘雪莹,4.5
2026/8/23,US,US,高潜,1729482392904635582,S260129063507,Wake Seasons,非SKM商家,标码女装,女士下装,短裤,标码女装+女士下装,"(2000,5000]",8.21,"(10,30]",66.67%,"(50%, 100%]","(0,10]",2026/1/29,206,JIT商品,223,"568,401","Jet black,Baby pink,Multicolor7,Multicolor6,Multicolor9,Gray,Multicolor12,Multicolor,Black,Yellow leopard print,Multicolor1,Multicolor8,Blue,White leopard print,Pink,Multicolor5,Multicolor11,Multicolor2,Multicolor3,White,Multicolor10,Multicolor4",22,"M,S,XL,L",4,Summer,https://p16-oec-ttp.tiktokcdn-us.com/tos-useast5-i-omjb5zjo8w-tx/f0251ce56a5f431cbc8b0e7a07ce3db9~tplv-omjb5zjo8w-resize-jpeg:1000:1000.image?,https://shop.tiktok.com/view/product/1729482392904635582?region=US&locale=en,张健,4.1
2026/8/23,US,US,高潜,1732488309436748188,S260713008250,Forcomes,非SKM商家,标码女装,女士针织衫,开衫,标码女装+女士针织衫,"(0,100]",27.77,"(10,30]",300.00%,"(100%, 300%]","(0,10]",2026/7/19,35,JIT商品,0,227,"Cream,Black,Caramel",3,"M,S,XL,L",4,Spring&Fall,https://p16-oec-va.ibyteimg.com/tos-maliva-i-o3syd03w52-us/54eb5e78b17542d1934568c5bd5e9e91~tplv-o3syd03w52-resize-jpeg:1000:1000.image?,https://shop.tiktok.com/view/product/1732488309436748188?region=US&locale=en,沈亦莎,2.1
2026/8/23,US,US,高潜,1732380184377594516,S260429017723,ZANZEAVOGUE,非SKM商家,标码女装,女士套装及西服,长裤套装,标码女装+女士套装及西服,"(100,500]",13.36,"(10,30]",71.43%,"(50%, 100%]","(0,10]",2026/5/10,105,非JIT商品,86,0,"Khaki,Army green,White",3,"M,S,XL,L,XXL",5,Summer,https://p16-oec-ttp.tiktokcdn-us.com/tos-useast5-i-omjb5zjo8w-tx/d41b8eca44dd4827a5bd1a49a7b35ae0~tplv-omjb5zjo8w-resize-jpeg:1000:1000.image?,https://shop.tiktok.com/view/product/1732380184377594516?region=US&locale=en,刘雪莹,4
2026/8/23,US,US,高潜,1730691605586481318,S241223007110,Agivvia,非SKM商家,标码女装,女士针织衫,开衫,标码女装+女士针织衫,"(5000,10000]",18.23,"(10,30]",77.78%,"(50%, 100%]","(0,10]",2025/2/17,552,非JIT商品,351,0,"Grey,Mint green,Khaki,Black,Off white,Light wash,Apricot",7,"M,S,L,XL",4,Spring&Fall,https://p16-oec-ttp.tiktokcdn-us.com/tos-useast5-i-omjb5zjo8w-tx/89391ab6fc164d4fabad06a0c3f21a0a~tplv-omjb5zjo8w-resize-jpeg:1000:1000.image?,https://shop.tiktok.com/view/product/1730691605586481318?region=US&locale=en,王可心,3.9
2026/8/23,US,US,高潜,1732484908310958570,S260707034318,YYXIN CLOTHES,非SKM商家,标码女装,女士穆斯林服装,衬衣及女上衣,标码女装+女士穆斯林服装,"(0,100]",28.39,"(10,30]",133.33%,"(100%, 300%]","(0,10]",2026/7/10,44,JIT商品,36,853,"Khaki,Green",2,"M,S,XL,XS,L",5,All Seasons,https://p16-oec-va.ibyteimg.com/tos-maliva-i-o3syd03w52-us/29c076e6bfca4591865f5a3461c53846~tplv-o3syd03w52-resize-jpeg:1000:1000.image?,https://shop.tiktok.com/view/product/1732484908310958570?region=US&locale=en,王可心,3.6
2026/8/23,US,US,高潜,1732351549510751070,S260416036275,Mayins,非SKM商家,标码女装,女士套装及西服,长裤套装,标码女装+女士套装及西服,"(100,500]",15.93,"(10,30]",77.78%,"(50%, 100%]","(0,10]",2026/4/23,122,非JIT商品,607,0,"Red,White,Black,Apricot",4,"M,S,XL,L",4,Spring&Fall,https://p16-oec-ttp.tiktokcdn-us.com/tos-useast5-i-omjb5zjo8w-tx/7d8886c17303438f9f20b4e0e2eace28~tplv-omjb5zjo8w-resize-jpeg:1000:1000.image?,https://shop.tiktok.com/view/product/1732351549510751070?region=US&locale=en,黄依婷,4.8
2026/8/23,US,US,高潜,1732357349030466370,S260421026760,Slim Moda,非SKM商家,标码女装,女士套装及西服,半裙套装,标码女装+女士套装及西服,"(500,1000]",6.82,"(10,30]",112.50%,"(100%, 300%]","(0,10]",2026/4/25,120,非JIT商品,406,0,"Bright blue,Coffee brown,Hot pink,Gray,Black,Dark green",6,"M,S,XL,L,XXL",5,Summer,https://p16-oec-ttp.tiktokcdn-us.com/tos-useast5-i-omjb5zjo8w-tx/642d58c8875c4407a3e715e5ad58c763~tplv-omjb5zjo8w-resize-jpeg:1000:1000.image?,https://shop.tiktok.com/view/product/1732357349030466370?region=US&locale=en,刘雪莹,4.7
2026/8/23,US,US,高潜,1731332178472244063,S250614012077,SaltWhite,非SKM商家,标码女装,女士下装,半身裙,标码女装+女士下装,"(1000,2000]",7.26,"(10,30]",128.57%,"(100%, 300%]","(0,10]",2025/6/19,430,非JIT商品,154,0,"Blue,Purple,Royal blue,Khaki,Flame red,Deep red,Violet,Black,Green",9,"M,S,L,XL,XXL",5,Summer,https://p16-oec-ttp.tiktokcdn-us.com/tos-useast5-i-omjb5zjo8w-tx/385e3e3851c740efb9f224ed3246ea18~tplv-omjb5zjo8w-resize-jpeg:1000:1000.image?,https://shop.tiktok.com/view/product/1731332178472244063?region=US&locale=en,王谍,3.7
2026/8/23,US,US,高潜,1732355967648371017,S260420030629,XL Sweat,非SKM商家,大码女装,女士针织衫,毛衣套头衫,大码女装+女士针织衫,"(100,500]",12.44,"(10,30]",75.00%,"(50%, 100%]","(0,10]",2026/4/24,121,非JIT商品,181,0,"Khaki,Cream,Black",3,"1XL,0XL,3XL,2XL",4,Summer,https://p16-oec-ttp.tiktokcdn-us.com/tos-useast5-i-omjb5zjo8w-tx/ee98fcdebb9b4513a37ea252b0f892f2~tplv-omjb5zjo8w-resize-jpeg:1000:1000.image?,https://shop.tiktok.com/view/product/1732355967648371017?region=US&locale=en,张宇,4.6
2026/8/23,US,US,高潜,1730185324722491465,S241128005898,Dragons Kaoru,非SKM商家,大码女装,女士上装,女士衬衫,大码女装+女士上装,"(1000,2000]",12.73,"(10,30]",100.00%,"(50%, 100%]","(0,10]",2024/12/8,623,非JIT商品,350,0,"Yellow,Black",2,"4XL,1XL,0XL,3XL,2XL",5,All Seasons,https://p16-oec-ttp.tiktokcdn-us.com/tos-useast5-i-omjb5zjo8w-tx/93614d5653674e6d9af2cc3969e771a0~tplv-omjb5zjo8w-resize-jpeg:1000:1000.image?,https://shop.tiktok.com/view/product/1730185324722491465?region=US&locale=en,张宇,3.3
2026/8/23,US,US,高潜,1732464921322099225,S260629030766,chrzz,非SKM商家,标码女装,女士套装及西服,半裙套装,标码女装+女士套装及西服,"(100,500]",12.13,"(10,30]",75.00%,"(50%, 100%]","(0,10]",2026/7/2,52,JIT商品,70,194,"Black and white,Mulberry,Apricot,Green",4,"M,S,XL,L,XXL",5,Summer,https://p16-oec-va.ibyteimg.com/tos-maliva-i-o3syd03w52-us/b82557d1f0b44e1cbcb0d2889134bdb9~tplv-o3syd03w52-resize-jpeg:1000:1000.image?,https://shop.tiktok.com/view/product/1732464921322099225?region=US&locale=en,游宇航,4.8
2026/8/23,US,US,高潜,1732444286750527866,S260520022968,Tianmen Eclight Apparel store,非SKM商家,标码女装,女士套装及西服,长裤套装,标码女装+女士套装及西服,"(0,100]",15.16,"(10,30]",183.33%,"(100%, 300%]","(0,10]",2026/6/18,66,非JIT商品,73,0,"Gray,Black",2,"M,S,L,XS,XL",5,Summer,https://p16-oec-va.ibyteimg.com/tos-alisg-i-aphluv4xwc-sg/54d564d01b2e4f7783eb0d38f8b1b459~tplv-o3syd03w52-resize-jpeg:1000:1000.image?,https://shop.tiktok.com/view/product/1732444286750527866?region=US&locale=en,王谍,2.7
2026/8/23,US,US,高潜,1732484165806428912,S260710010960,Pretty PL,非SKM商家,标码女装,女士套装及西服,长裤套装,标码女装+女士套装及西服,"(0,100]",8.92,"(10,30]",2200.00%,"(500%, +∞)","(0,10]",2026/7/28,26,JIT商品,1,"49,942","Multicolor11,Multicolor5,Multicolor2,Multicolor7,Multicolor3,Multicolor6,Multicolor9,Multicolor12,Multicolor10,Multicolor4",10,"M,S,XL,L,XXL",5,Spring&Fall,https://p16-oec-va.ibyteimg.com/tos-maliva-i-o3syd03w52-us/eb57cda5d11a4b6697b05e44dbac076a~tplv-o3syd03w52-resize-jpeg:1000:1000.image?,https://shop.tiktok.com/view/product/1732484165806428912?region=US&locale=en,刘雪莹,4.3
2026/8/23,US,US,高潜,1732419460806972272,S260529025892,Feeling You,非SKM商家,标码女装,女士套装及西服,长裤套装,标码女装+女士套装及西服,"(100,500]",23.69,"(10,30]",240.00%,"(100%, 300%]","(0,10]",2026/5/30,85,JIT商品,1,869,"Brown,Blue,Pink,Gray,Black,Apricot,Green",7,"M,S,L,XL,XXL",5,Summer,https://p16-oec-ttp.tiktokcdn-us.com/tos-useast5-i-omjb5zjo8w-tx/8ef3a6b0fef44405af0ed306011d63db~tplv-omjb5zjo8w-resize-jpeg:1000:1000.image?,https://shop.tiktok.com/view/product/1732419460806972272?region=US&locale=en,刘雪莹,2.8
2026/8/23,US,US,高潜,1732526751275586044,S260801015892,Hi anan,非SKM商家,标码女装,女士针织衫,毛衣套头衫,标码女装+女士针织衫,"(0,100]",12.28,"(10,30]",375.00%,"(300%, 500%]","(0,10]",2026/8/10,13,非JIT商品,13,0,Gray,1,"M,S,XL,L",4,Spring&Fall,https://p16-oec-va.ibyteimg.com/tos-maliva-i-o3syd03w52-us/2d938d0f1f564352b4b0ec1a4dce0c52~tplv-o3syd03w52-resize-jpeg:1000:1000.image?,https://shop.tiktok.com/view/product/1732526751275586044?region=US&locale=en,沈亦莎,4.4
2026/8/23,US,US,高潜,1732530845051229178,S260803024209,Lira Maison,非SKM商家,标码女装,女士套装及西服,长裤套装,标码女装+女士套装及西服,"(0,100]",21.12,"(10,30]",,新增动销,"(0,10]",2026/8/14,9,非JIT商品,51,0,"Navy blue,Black,Burgundy",3,"M,S,XL,L",4,Spring&Fall,https://p16-oec-va.ibyteimg.com/tos-maliva-i-o3syd03w52-us/0f28689301034069a8a7cee8efa0b57b~tplv-o3syd03w52-resize-jpeg:1000:1000.image?,https://shop.tiktok.com/view/product/1732530845051229178?region=US&locale=en,黄依婷,4
2026/8/23,US,US,高潜,1730082929220555546,S241124000496,FASHION DOLA,非SKM商家,标码女装,女士针织衫,毛衣套头衫,标码女装+女士针织衫,"(10000,+∞)",16.26,"(10,30]",100.00%,"(50%, 100%]","(0,10]",2024/11/27,634,非JIT商品,241,0,"Grey,Baby pink,Pink,Multicolor2,Multicolor3,Yellow,Black,Cloud white,Multicolor1",9,"M,S,XL,L,XXL,XS",6,Fall&Winter,https://p16-oec-va.ibyteimg.com/tos-alisg-i-aphluv4xwc-sg/bb86a1abcc3740cf8adc81b79bf68bbf~tplv-o3syd03w52-resize-jpeg:1000:1000.image?,https://shop.tiktok.com/view/product/1730082929220555546?region=US&locale=en,沈亦莎,4.8
2026/8/23,US,US,高潜,1730355525049356560,S241207003520,Da Di trading firm,非SKM商家,标码女装,女士套装及西服,半裙套装,标码女装+女士套装及西服,"(5000,10000]",15.73,"(10,30]",150.00%,"(100%, 300%]","(0,10]",2024/12/25,606,非JIT商品,"1,960",0,"Hot pink,Orange,Black,Apricot,Brown",5,"M,S,XL,L,XXL",5,Spring&Fall,https://p16-oec-ttp.tiktokcdn-us.com/tos-useast5-i-omjb5zjo8w-tx/e1788e6627da4bc1a48996036d7c3d1b~tplv-omjb5zjo8w-resize-jpeg:1000:1000.image?,https://shop.tiktok.com/view/product/1730355525049356560?region=US&locale=en,刘雪莹,2.8
2026/8/23,US,US,高潜,1732264218357698788,S260208019491,Chic N' Cozy,非SKM商家,标码女装,女士下装,长裤,标码女装+女士下装,"(100,500]",15.49,"(10,30]",62.50%,"(50%, 100%]","(0,10]",2026/2/8,196,JIT商品,21,"2,917","Bright blue,Jet black,Royal blue,Navy blue,Dark blue,Sky blue,Turquoise blue,Pale blue,Dark wash",9,"M,S,L,XL,XS",5,Spring&Fall,https://p16-oec-va.ibyteimg.com/tos-maliva-i-o3syd03w52-us/2d0ef16b31964e2d92de6c87a76269db~tplv-o3syd03w52-resize-jpeg:1000:1000.image?,https://shop.tiktok.com/view/product/1732264218357698788?region=US&locale=en,游宇航,2.5
2026/8/23,US,US,高潜,1732291257400857164,S260315036819,Weave Me,非SKM商家,标码女装,女士针织衫,毛衣套头衫,标码女装+女士针织衫,"(100,500]",13.49,"(10,30]",133.33%,"(100%, 300%]","(0,10]",2026/3/30,146,非JIT商品,24,0,Green,1,"M,S,L,XL",4,Summer,https://p16-oec-ttp.tiktokcdn-us.com/tos-useast5-i-omjb5zjo8w-tx/d1f9623e4f6942c684a15276953392fe~tplv-omjb5zjo8w-resize-jpeg:1000:1000.image?,https://shop.tiktok.com/view/product/1732291257400857164?region=US&locale=en,王可心,3.8
2026/8/23,US,US,高潜,1732062124779147589,S251117098050,YouAnnn,非SKM商家,标码女装,女士针织衫,开衫,标码女装+女士针织衫,"(100,500]",21.68,"(10,30]",240.00%,"(100%, 300%]","(0,10]",2025/11/24,272,非JIT商品,223,0,"Camel,Gray,Brown",3,"M,S,L,XL,XXL",5,Fall&Winter,https://p16-oec-va.ibyteimg.com/tos-maliva-i-o3syd03w52-us/4eb7cfc773c14e23a91685c660256c8e~tplv-o3syd03w52-resize-jpeg:1000:1000.image?,https://shop.tiktok.com/view/product/1732062124779147589?region=US&locale=en,沈亦莎,4.3
2026/8/23,US,US,高潜,1732374511926415575,S260424012314,YUNJINJ,非SKM商家,大码女装,女士上装,女士 T 恤,大码女装+女士上装,"(0,100]",9.69,"(10,30]",87.50%,"(50%, 100%]","(0,10]",2026/4/28,117,JIT商品,0,57,Pattern,1,"5XL,4XL,1XL,0XL,3XL,2XL",6,Summer,https://p16-oec-ttp.tiktokcdn-us.com/tos-useast5-i-omjb5zjo8w-tx/95ad9d8c46b845828ae14e53bb83b507~tplv-omjb5zjo8w-resize-jpeg:1000:1000.image?,https://shop.tiktok.com/view/product/1732374511926415575?region=US&locale=en,张宇,4.4
2026/8/23,US,US,高潜,1732501782249705559,S260720009205,Novelife,非SKM商家,标码女装,女士套装及西服,女士西装外套,标码女装+女士套装及西服,"(0,100]",37.94,"(10,30]",87.50%,"(50%, 100%]","(0,10]",2026/7/30,24,非JIT商品,136,0,Yellow,1,"M,S,XL,L",4,Spring&Fall,https://p16-oec-va.ibyteimg.com/tos-maliva-i-o3syd03w52-us/d680bb7c399c477cb3c4f4791080f93a~tplv-o3syd03w52-resize-jpeg:1000:1000.image?,https://shop.tiktok.com/view/product/1732501782249705559?region=US&locale=en,黄依婷,4.7
2026/8/23,US,US,高潜,1732532653076746847,S260804017814,Vanshee Show,非SKM商家,标码女装,女士套装及西服,短裤套装,标码女装+女士套装及西服,"(0,100]",14.96,"(10,30]",62.50%,"(50%, 100%]","(0,10]",2026/8/8,15,JIT商品,55,162,Silver,1,"M,S,L,XL",4,All Seasons,https://p16-oec-va.ibyteimg.com/tos-maliva-i-o3syd03w52-us/fe0ab95c09a848909fabaf34760eac90~tplv-o3syd03w52-resize-jpeg:1000:1000.image?,https://shop.tiktok.com/view/product/1732532653076746847?region=US&locale=en,游宇航,4.9
2026/8/23,US,US,高潜,1730799298792296791,S250219011862,FOXCLAW Curve,非SKM商家,大码女装,女士下装,长裤,大码女装+女士下装,"(1000,2000]",21.15,"(10,30]",375.00%,"(300%, 500%]","(0,10]",2025/3/4,537,非JIT商品,49,0,"Multicolor2,Multicolor3,Multicolor1",3,"5XL,4XL,8XL,6XL,1XL,7XL,3XL,2XL",8,Summer,https://p16-oec-ttp.tiktokcdn-us.com/tos-useast5-i-omjb5zjo8w-tx/82586d3084144ee7b3b2f04e2400847f~tplv-omjb5zjo8w-resize-jpeg:1000:1000.image?,https://shop.tiktok.com/view/product/1730799298792296791?region=US&locale=en,郑川粤,4.1
2026/8/23,US,US,高潜,1732422565049504503,S260601032048,FlaireX,非SKM商家,标码女装,女士套装及西服,长裤套装,标码女装+女士套装及西服,"(100,500]",16.13,"(10,30]",200.00%,"(100%, 300%]","(0,10]",2026/6/5,79,非JIT商品,48,0,"Pink,Black,Apricot",3,"M,S,L,XL",4,Spring&Fall,https://p16-oec-va.ibyteimg.com/tos-maliva-i-o3syd03w52-us/695fd3e4097a44c28ca20bfabc3f67a9~tplv-o3syd03w52-resize-jpeg:1000:1000.image?,https://shop.tiktok.com/view/product/1732422565049504503?region=US&locale=en,刘雪莹,4.1
2026/8/23,US,US,高潜,1732486076842349259,S260711027451,Personalized knittin,非SKM商家,标码女装,女士针织衫,毛衣套头衫,标码女装+女士针织衫,"(100,500]",13.76,"(10,30]",400.00%,"(300%, 500%]","(0,10]",2026/7/13,41,非JIT商品,12,0,Brown,1,"M,S,L,XL",4,Fall&Winter,https://p16-oec-va.ibyteimg.com/tos-maliva-i-o3syd03w52-us/36c072828bc44a7b98ed8cb4777c805f~tplv-o3syd03w52-resize-jpeg:1000:1000.image?,https://shop.tiktok.com/view/product/1732486076842349259?region=US&locale=en,王可心,4.5
2026/8/23,US,US,高潜,1732303515375932079,S260324019073,Xingkun scarf,非SKM商家,标码女装,女士穆斯林服装,长头巾,标码女装+女士穆斯林服装,"(100,500]",4.99,"(10,30]",166.67%,"(100%, 300%]","(10,30]",2026/3/24,152,JIT商品,21,186,"02# Purple,01# Blue-Green,Lavender,05# Skin Tone Powder,Light Khaki Tie-Dye,03# Purple,01# Purple Rose Red,03# Green,Dark gray,Green,02# Pink White,Light Green Tie-Dye,01# Blue,Pale blue,Maroon",15,One-size,1,All Seasons,https://p16-oec-ttp.tiktokcdn-us.com/tos-useast5-i-omjb5zjo8w-tx/0f8f394f861e4d758428ba38d0ab56f6~tplv-omjb5zjo8w-resize-jpeg:1000:1000.image?,https://shop.tiktok.com/view/product/1732303515375932079?region=US&locale=en,徐熙雅,3.4
2026/8/23,US,US,高潜,1732409170596499947,S260522026789,Finjani Plus,非SKM商家,大码女装,女士连衣裙,休闲连衣裙,大码女装+女士连衣裙,"(100,500]",29.03,"(10,30]",116.67%,"(100%, 300%]","(0,10]",2026/5/22,93,非JIT商品,34,0,Black,1,"4XL,1XL,0XL,3XL,2XL",5,Fall&Winter,https://p16-oec-ttp.tiktokcdn-us.com/tos-useast5-i-omjb5zjo8w-tx/ef5bf090982046408a13c9c9da36ff21~tplv-omjb5zjo8w-resize-jpeg:1000:1000.image?,https://shop.tiktok.com/view/product/1732409170596499947?region=US&locale=en,张宇,4.5
2026/8/23,US,US,高潜,1729574434882163435,S240721000698,Bettlity,非SKM商家,标码女装,女士针织衫,开衫,标码女装+女士针织衫,"(2000,5000]",17.81,"(10,30]",100.00%,"(50%, 100%]","(0,10]",2024/8/5,748,非JIT商品,51,0,Multicolor,1,"M,S,L,XL,XXL",5,Fall&Winter,https://p16-oec-ttp.tiktokcdn-us.com/tos-useast5-i-omjb5zjo8w-tx/da2ca8a932a74af68d99ed68f28ccc49~tplv-omjb5zjo8w-resize-jpeg:1000:1000.image?,https://shop.tiktok.com/view/product/1729574434882163435?region=US&locale=en,沈亦莎,4.7
2026/8/23,US,US,高潜,1731306043271123269,S250608002654,YouAnnn,非SKM商家,标码女装,女士针织衫,开衫,标码女装+女士针织衫,"(1000,2000]",12.12,"(10,30]",75.00%,"(50%, 100%]","(0,10]",2025/6/14,435,非JIT商品,180,0,"Grey,Fawn Brown,Multicolor",3,"M,S,XL,L,XXL",5,Spring&Fall,https://p16-oec-va.ibyteimg.com/tos-maliva-i-o3syd03w52-us/221da305e88c4d8b9f82802c7a4e1f83~tplv-o3syd03w52-resize-jpeg:1000:1000.image?,https://shop.tiktok.com/view/product/1731306043271123269?region=US&locale=en,沈亦莎,4.3
2026/8/23,US,US,高潜,1732322926303679392,S260407064445,Raein,非SKM商家,大码女装,女士上装,女士 T 恤,大码女装+女士上装,"(100,500]",14.74,"(10,30]",87.50%,"(50%, 100%]","(0,10]",2026/4/7,138,非JIT商品,36,0,Fawn brown,1,"4XL,1XL,3XL,2XL",4,Spring&Fall,https://p16-oec-ttp.tiktokcdn-us.com/tos-useast5-i-omjb5zjo8w-tx/a525d7113564418899ee43055f2d37a1~tplv-omjb5zjo8w-resize-jpeg:1000:1000.image?,https://shop.tiktok.com/view/product/1732322926303679392?region=US&locale=en,郑川粤,2.1
2026/8/23,US,US,高潜,1732276827930530074,S260225036625,LILYTREE,非SKM商家,标码女装,女士针织衫,毛衣套头衫,标码女装+女士针织衫,"(1000,2000]",17.08,"(10,30]",116.67%,"(100%, 300%]","(0,10]",2026/2/27,177,非JIT商品,240,0,"Camel,Hot pink,Yellow,White,Black",5,"M,S,XL,L",4,Summer,https://p16-oec-ttp.tiktokcdn-us.com/tos-useast5-i-omjb5zjo8w-tx/2bd22d7cdc754ab3a53edbc76cdd0697~tplv-omjb5zjo8w-resize-jpeg:1000:1000.image?,https://shop.tiktok.com/view/product/1732276827930530074?region=US&locale=en,沈亦莎,4.4
2026/8/23,US,US,高潜,1731078367308517558,S250409004736,Trendy Chic Gems,非SKM商家,标码女装,女士下装,半身裙,标码女装+女士下装,"(500,1000]",16.16,"(10,30]",100.00%,"(50%, 100%]","(0,10]",2025/4/23,487,非JIT商品,53,0,"Set1,Black and white",2,"M,S,L,XL,XXL",5,Spring&Fall,https://p16-oec-ttp.tiktokcdn-us.com/tos-useast5-i-omjb5zjo8w-tx/520fdbef64784aa0af592a05bcb42e24~tplv-omjb5zjo8w-resize-jpeg:1000:1000.image?,https://shop.tiktok.com/view/product/1731078367308517558?region=US&locale=en,刘雪莹,3.3
2026/8/23,US,US,高潜,1729703383729475866,S241007000270,LILYTREE,非SKM商家,标码女装,女士针织衫,开衫,标码女装+女士针织衫,"(10000,+∞)",17.41,"(10,30]",200.00%,"(100%, 300%]","(0,10]",2024/10/11,681,非JIT商品,230,0,"Coffee brown,Mint green,Pink,Khaki,Black,Off white,Lime red,Blue",8,"M,S,XL,L",4,Fall&Winter,https://p16-oec-ttp.tiktokcdn-us.com/tos-useast5-i-omjb5zjo8w-tx/f6bcd78e3c3f463d9561c3326180cbde~tplv-omjb5zjo8w-resize-jpeg:1000:1000.image?,https://shop.tiktok.com/view/product/1729703383729475866?region=US&locale=en,沈亦莎,4.4
2026/8/23,US,US,高潜,1732290939828016084,S260313037807,fashion iconn,非SKM商家,标码女装,女士针织衫,毛织短裤套装,标码女装+女士针织衫,"(500,1000]",24.73,"(10,30]",160.00%,"(100%, 300%]","(0,10]",2026/3/22,154,非JIT商品,225,0,"Pink,Light green,Yellow,White,Black,Fawn brown,Apricot",7,"M,S,XL,L,XS",5,Summer,https://p16-oec-va.ibyteimg.com/tos-maliva-i-o3syd03w52-us/cd5cd1b2b8584b1782be6f09eeeece86~tplv-o3syd03w52-resize-jpeg:1000:1000.image?,https://shop.tiktok.com/view/product/1732290939828016084?region=US&locale=en,王可心,4.3
2026/8/23,US,US,高潜,1732402765731631638,S260511027661,SheLoveStyle,非SKM商家,标码女装,女士套装及西服,短裤套装,标码女装+女士套装及西服,"(0,100]",21.78,"(10,30]",166.67%,"(100%, 300%]","(0,10]",2026/5/29,86,非JIT商品,67,0,"Hot pink,Navy blue,Gray,Black,Brown",5,"M,S,L,XL,XXL",5,Spring&Fall,https://p16-oec-va.ibyteimg.com/tos-maliva-i-o3syd03w52-us/bcdaf633303445b8a738979dceef110c~tplv-o3syd03w52-resize-jpeg:1000:1000.image?,https://shop.tiktok.com/view/product/1732402765731631638?region=US&locale=en,张健,3
2026/8/23,US,US,高潜,1729495846439982246,S260304037063,Agivvia,非SKM商家,标码女装,女士针织衫,开衫,标码女装+女士针织衫,"(500,1000]",15.93,"(10,30]",62.50%,"(50%, 100%]","(0,10]",2026/3/13,163,非JIT商品,282,0,"Coffee brown,Cream,Dark beige,Black,Light wash",5,"M,S,L,XL",4,Spring&Fall,https://p16-oec-va.ibyteimg.com/tos-maliva-i-o3syd03w52-us/33819efc539f41249e9b47d573326c54~tplv-o3syd03w52-resize-jpeg:1000:1000.image?,https://shop.tiktok.com/view/product/1729495846439982246?region=US&locale=en,王可心,3.9
2026/8/23,US,US,高潜,1732520785593471484,S260728024530,Hi anan,非SKM商家,标码女装,女士针织衫,毛衣套头衫,标码女装+女士针织衫,"(0,100]",16.67,"(10,30]",57.14%,"(50%, 100%]","(0,10]",2026/8/1,22,非JIT商品,39,0,Dark gray,1,"M,S,XL,L",4,Spring&Fall,https://p16-oec-va.ibyteimg.com/tos-maliva-i-o3syd03w52-us/a3379d8f61b44c88851946e68cc0e0f6~tplv-o3syd03w52-resize-jpeg:1000:1000.image?,https://shop.tiktok.com/view/product/1732520785593471484?region=US&locale=en,沈亦莎,4.4
2026/8/23,US,US,高潜,1731947741879505649,S251018050234,MO Threads,非SKM商家,大码女装,女士上装,女士 T 恤,大码女装+女士上装,"(100,500]",11.87,"(10,30]",128.57%,"(100%, 300%]","(10,30]",2025/10/18,309,JIT商品,1,"3,531","Purple,Pink,Gray,Black,Sky blue,Green",6,"5XL,4XL,1XL,3XL,2XL",5,Spring&Fall,https://p16-oec-ttp.tiktokcdn-us.com/tos-useast5-i-omjb5zjo8w-tx/be530e4c0aad4e47952386032599da71~tplv-omjb5zjo8w-resize-jpeg:1000:1000.image?,https://shop.tiktok.com/view/product/1731947741879505649?region=US&locale=en,张宇,3.8
2026/8/23,US,US,高潜,1732251048248709139,S260121034824,ZC-fashion,非SKM商家,大码女装,女士套装及西服,长裤套装,大码女装+女士套装及西服,"(100,500]",19.68,"(10,30]",85.71%,"(50%, 100%]","(0,10]",2026/1/22,213,非JIT商品,168,0,"Ochre brown,Cream,Black",3,"4XL,1XL,0XL,3XL,2XL",5,Summer,https://p16-oec-ttp.tiktokcdn-us.com/tos-useast5-i-omjb5zjo8w-tx/cf89e1679a06410681c1e848681172d5~tplv-omjb5zjo8w-resize-jpeg:1000:1000.image?,https://shop.tiktok.com/view/product/1732251048248709139?region=US&locale=en,张宇,4
2026/8/23,US,US,高潜,1731587800682894043,S250805014345,Curvelady,非SKM商家,大码女装,女士针织衫,毛衣套头衫,大码女装+女士针织衫,"(2000,5000]",19.83,"(10,30]",75.00%,"(50%, 100%]","(0,10]",2025/8/9,379,非JIT商品,280,0,"Brown,Curry,Khaki,Cream,Navy blue,Gray,Black,Light wash,Apricot,Coffee brown,Pink,White,Sky blue,Mauve purple,Burgundy",15,"1XL,3XL,2XL",3,Fall&Winter,https://p16-oec-ttp.tiktokcdn-us.com/tos-useast5-i-omjb5zjo8w-tx/90866f99d6024737bb4b9afddfbcc7e2~tplv-omjb5zjo8w-resize-jpeg:1000:1000.image?,https://shop.tiktok.com/view/product/1731587800682894043?region=US&locale=en,张宇,4.4
2026/8/23,US,US,高潜,1729496765101610023,S260305003187,Finjani-VV,非SKM商家,大码女装,连体衣,连体裤,大码女装+连体衣,"(500,1000]",13.68,"(10,30]",500.00%,"(300%, 500%]","(0,10]",2026/3/5,171,非JIT商品,161,0,"Red,Multicolor,Multicolor1,Green",4,"4XL,1XL,0XL,3XL,2XL",5,Summer,https://p16-oec-ttp.tiktokcdn-us.com/tos-useast5-i-omjb5zjo8w-tx/c333662264204997be783c917492defb~tplv-omjb5zjo8w-resize-jpeg:1000:1000.image?,https://shop.tiktok.com/view/product/1729496765101610023?region=US&locale=en,张宇,3.1
2026/8/23,US,US,高潜,1731425868221092183,S250624008693,FOXCLAW Curve,非SKM商家,大码女装,女士上装,女士套头卫衣,大码女装+女士上装,"(500,1000]",16.46,"(10,30]",133.33%,"(100%, 300%]","(0,10]",2025/7/8,411,非JIT商品,15,0,Black,1,"5XL,4XL,1XL,3XL,2XL",5,Spring&Fall,https://p16-oec-ttp.tiktokcdn-us.com/tos-useast5-i-omjb5zjo8w-tx/7d5ebdc0b99a4a9985d54db130354557~tplv-omjb5zjo8w-resize-jpeg:1000:1000.image?,https://shop.tiktok.com/view/product/1731425868221092183?region=US&locale=en,郑川粤,4.1
2026/8/23,US,US,高潜,1732425063234703977,S260603023928,Vanndochic,非SKM商家,标码女装,女士套装及西服,长裤套装,标码女装+女士套装及西服,"(0,100]",21.16,"(10,30]",220.00%,"(100%, 300%]","(0,10]",2026/6/20,64,非JIT商品,27,0,White and Blue,1,"M,S,L,XL",4,Summer,https://p16-oec-va.ibyteimg.com/tos-maliva-i-o3syd03w52-us/80b41ac93754445aa21450e2c1ef448f~tplv-o3syd03w52-resize-jpeg:1000:1000.image?,https://shop.tiktok.com/view/product/1732425063234703977?region=US&locale=en,黄依婷,4.4
2026/8/23,US,US,高潜,1731696394328314253,S250826007435,Rusttydustty Curve,非SKM商家,大码女装,女士连衣裙,休闲连衣裙,大码女装+女士连衣裙,"(100,500]",25.42,"(10,30]",200.00%,"(100%, 300%]","(0,10]",2025/8/30,358,非JIT商品,684,0,"Navy blue,Green",2,"4XL,1XL,0XL,3XL,2XL",5,Fall&Winter,https://p16-oec-ttp.tiktokcdn-us.com/tos-useast5-i-omjb5zjo8w-tx/8459c9bcf0ff49689757dc8abd150b9a~tplv-omjb5zjo8w-resize-jpeg:1000:1000.image?,https://shop.tiktok.com/view/product/1731696394328314253?region=US&locale=en,张宇,4.8
2026/8/23,US,US,高潜,1731238013109637463,S250418001230,FOXCLAW Curve,非SKM商家,大码女装,牛仔,牛仔长裤,大码女装+牛仔,"(2000,5000]",14.35,"(10,30]",55.56%,"(50%, 100%]","(0,10]",2025/5/30,450,非JIT商品,308,0,"Black and gray,Royal blue,Light blue,Black,Sky blue,Blue",6,"5XL,4XL,1XL,3XL,2XL",5,Spring&Fall,https://p16-oec-ttp.tiktokcdn-us.com/tos-useast5-i-omjb5zjo8w-tx/0e5ca9debf944509b6e6e17ffbd74bca~tplv-omjb5zjo8w-resize-jpeg:1000:1000.image?,https://shop.tiktok.com/view/product/1731238013109637463?region=US&locale=en,郑川粤,4.1
2026/8/23,US,US,高潜,1732432793564648355,S260608020966,Dream Concubine,非SKM商家,标码女装,女士下装,短裤,标码女装+女士下装,"(100,500]",14.4,"(10,30]",150.00%,"(100%, 300%]","(0,10]",2026/6/8,76,JIT商品,0,"1,707",Black,1,"M,S,L,XS,XL,XXL",6,Summer,https://p16-oec-va.ibyteimg.com/tos-maliva-i-o3syd03w52-us/87f4019b42394ff9a55723fc19fa841f~tplv-o3syd03w52-resize-jpeg:1000:1000.image?,https://shop.tiktok.com/view/product/1732432793564648355?region=US&locale=en,张健,2.9
2026/8/23,US,US,高潜,1732068546831356055,S251119028578,Chic Muslin Wraps,非SKM商家,标码女装,女士穆斯林服装,长头巾,标码女装+女士穆斯林服装,"(100,500]",8.35,"(10,30]",100.00%,"(50%, 100%]","(0,10]",2025/11/19,277,JIT商品,31,30,"Set2,Set1,01# White Camel Leather Purple",3,One-size,1,All Seasons,https://p16-oec-ttp.tiktokcdn-us.com/tos-useast5-i-omjb5zjo8w-tx/7081fb8346ff4b7d98fe38368ac32471~tplv-omjb5zjo8w-resize-jpeg:1000:1000.image?,https://shop.tiktok.com/view/product/1732068546831356055?region=US&locale=en,徐熙雅,4
2026/8/23,US,US,高潜,1732478422897430871,S260707016770,FOXCLAW Curve,非SKM商家,大码女装,女士上装,女士衬衫,大码女装+女士上装,"(0,100]",10.75,"(10,30]",183.33%,"(100%, 300%]","(0,10]",2026/7/18,36,非JIT商品,83,0,"Pink,Light blue,White,Black,Green",5,"5XL,4XL,1XL,3XL,2XL",5,Spring&Fall,https://p16-oec-va.ibyteimg.com/tos-maliva-i-o3syd03w52-us/e0aeb32d9d0640ae9f62cf3d9d8c85ec~tplv-o3syd03w52-resize-jpeg:1000:1000.image?,https://shop.tiktok.com/view/product/1732478422897430871?region=US&locale=en,郑川粤,4.1
2026/8/23,US,US,高潜,1732446555859358039,S260617005669,FOXCLAW Curve,非SKM商家,大码女装,牛仔,牛仔长裤,大码女装+牛仔,"(100,500]",15.61,"(10,30]",133.33%,"(100%, 300%]","(0,10]",2026/6/22,62,非JIT商品,96,0,"Black,Blue",2,"5XL,4XL,1XL,3XL,2XL",5,Spring&Fall,https://p16-oec-va.ibyteimg.com/tos-maliva-i-o3syd03w52-us/d2276f9ea6b2430b91c5b45c498d96a9~tplv-o3syd03w52-resize-jpeg:1000:1000.image?,https://shop.tiktok.com/view/product/1732446555859358039?region=US&locale=en,郑川粤,4.1
2026/8/23,US,US,高潜,1729642633025721067,S240910007338,Bettlity,非SKM商家,标码女装,女士针织衫,毛衣连衣裙,标码女装+女士针织衫,"(2000,5000]",17.45,"(10,30]",200.00%,"(100%, 300%]","(0,10]",2024/9/14,708,非JIT商品,63,0,Baby pink,1,"M,S,XS,L,XXL,XL",6,Fall&Winter,https://p16-oec-ttp.tiktokcdn-us.com/tos-useast5-i-omjb5zjo8w-tx/11719441dd504e3bacf593b0cd056c00~tplv-omjb5zjo8w-resize-jpeg:1000:1000.image?,https://shop.tiktok.com/view/product/1729642633025721067?region=US&locale=en,沈亦莎,4.7
2026/8/23,US,US,高潜,1730510958947570325,S250110003952,Lusmay,非SKM商家,标码女装,女士针织衫,开衫,标码女装+女士针织衫,"(500,1000]",12.61,"(10,30]",180.00%,"(100%, 300%]","(0,10]",2025/1/15,585,非JIT商品,235,0,"Grey,Coffee brown,Purple,Khaki,Black,Off white,Apricot",7,"M,S,L,XL",4,Summer,https://p16-oec-va.ibyteimg.com/tos-maliva-i-o3syd03w52-us/ce81272b85da47579c46256884bfc5dd~tplv-o3syd03w52-resize-jpeg:1000:1000.image?,https://shop.tiktok.com/view/product/1730510958947570325?region=US&locale=en,王可心,4.7
2026/8/23,US,US,高潜,1731889779504812971,S251008028254,Trendy Cotton,非SKM商家,标码女装,女士套装及西服,长裤套装,标码女装+女士套装及西服,"(100,500]",17.01,"(10,30]",128.57%,"(100%, 300%]","(0,10]",2025/10/8,319,JIT商品,1,"59,506","Black and nude,Multicolor7,Multicolor6,Navy blue,Multicolor9,Gray,Multicolor12,Multicolor,Black,Multicolor1,Multicolor8,Silver,Multicolor5,Multicolor11,Multicolor2,Multicolor3,Multicolor10,Multicolor4",18,"M,S,L,XL,XXL",5,Summer,https://p16-oec-ttp.tiktokcdn-us.com/tos-useast5-i-omjb5zjo8w-tx/a69344a6a2b54dd085bfa1c6099a8e62~tplv-omjb5zjo8w-resize-jpeg:1000:1000.image?,https://shop.tiktok.com/view/product/1731889779504812971?region=US&locale=en,游宇航,3.4
2026/8/23,US,US,高潜,1729455688810401840,S240314001452,Eastoon Stars,非SKM商家,标码女装,女士下装,长裤,标码女装+女士下装,"(10000,+∞)",12.22,"(10,30]",62.50%,"(50%, 100%]","(0,10]",2024/3/27,879,JIT商品,110,610,"Baby pink,Pink,Khaki,Multicolor5,Multicolor2,Army green,Multicolor3,Multicolor6,Black,Dark gray,Off white,Multicolor1,Multicolor4",13,"M,S,XL,XS,L",5,Spring&Fall,https://p16-oec-ttp.tiktokcdn-us.com/tos-useast5-i-omjb5zjo8w-tx/07cf0315d59843e387ca4d32eb49493b~tplv-omjb5zjo8w-resize-jpeg:1000:1000.image?,https://shop.tiktok.com/view/product/1729455688810401840?region=US&locale=en,王谍,3.2
2026/8/23,US,US,高潜,1732515676087751354,S260724035036,Cozy Boho,非SKM商家,标码女装,女士套装及西服,半裙套装,标码女装+女士套装及西服,"(0,100]",25.37,"(10,30]",150.00%,"(100%, 300%]","(0,10]",2026/7/30,24,非JIT商品,40,0,"Brown,Burgundy",2,"M,S,L,XL,XXL",5,Spring&Fall,https://p16-oec-va.ibyteimg.com/tos-maliva-i-o3syd03w52-us/78a617c7e7f044e68eb6144a37fbfbb3~tplv-o3syd03w52-resize-jpeg:1000:1000.image?,https://shop.tiktok.com/view/product/1732515676087751354?region=US&locale=en,黄依婷,
2026/8/23,US,US,高潜,1731976283866960474,S251024070521,Orgnvin,非SKM商家,标码女装,女士针织衫,开衫,标码女装+女士针织衫,"(100,500]",17.62,"(10,30]",900.00%,"(500%, +∞)","(0,10]",2025/10/26,301,JIT商品,34,595,"Rust orange,White,Black,Dark gray,Dark wash,Burgundy",6,"M,S,XL,L",4,Spring&Fall,https://p16-oec-va.ibyteimg.com/tos-maliva-i-o3syd03w52-us/7b18efb1845644b188db6d54d3bfb9e0~tplv-o3syd03w52-resize-jpeg:1000:1000.image?,https://shop.tiktok.com/view/product/1731976283866960474?region=US&locale=en,王可心,4.7
2026/8/23,US,US,高潜,1732419794171368252,S260530013555,AIWEIEN Plus Size,非SKM商家,大码女装,女士连衣裙,休闲连衣裙,大码女装+女士连衣裙,"(500,1000]",18.98,"(10,30]",100.00%,"(50%, 100%]","(0,10]",2026/6/2,82,非JIT商品,643,0,"Pattern 4,Multi-color,Pattern 2,Floral pattern 5,Floral pattern 6,Pattern 3",6,"5XL,4XL,1XL,3XL,2XL",5,Summer,https://p16-oec-va.ibyteimg.com/tos-alisg-i-aphluv4xwc-sg/517365741b464ac0b888dc031004a52a~tplv-o3syd03w52-resize-jpeg:1000:1000.image?,https://shop.tiktok.com/view/product/1732419794171368252?region=US&locale=en,张宇,3.4
2026/8/23,US,US,高潜,1732279127251718788,S260227033803,Waves Woman Clothing,非SKM商家,大码女装,女士连衣裙,休闲连衣裙,大码女装+女士连衣裙,"(500,1000]",9.87,"(10,30]",120.00%,"(100%, 300%]","(0,10]",2026/2/27,177,非JIT商品,85,0,"Green,Purple,Red,Black,Sky blue,Blue",6,"5XL,4XL,1XL,0XL,3XL,2XL",6,Summer,https://p16-oec-ttp.tiktokcdn-us.com/tos-useast5-i-omjb5zjo8w-tx/afc10f07e67d41cfa5960052b426e08d~tplv-omjb5zjo8w-resize-jpeg:1000:1000.image?,https://shop.tiktok.com/view/product/1732279127251718788?region=US&locale=en,郑川粤,2.1
2026/8/23,US,US,高潜,1732153086021046336,S251212059721,CHILL SKILL,非SKM商家,大码女装,女士下装,长裤,大码女装+女士下装,"(1000,2000]",20.27,"(10,30]",100.00%,"(50%, 100%]","(0,10]",2025/12/19,247,非JIT商品,117,0,"Army green,Navy blue,Black,Dark gray,Burgundy",5,"5XL,4XL,1XL,3XL,2XL",5,Spring&Fall,https://p16-oec-ttp.tiktokcdn-us.com/tos-useast5-i-omjb5zjo8w-tx/f90a9b5a29cc4c29b6d2801a65f8f709~tplv-omjb5zjo8w-resize-jpeg:1000:1000.image?,https://shop.tiktok.com/view/product/1732153086021046336?region=US&locale=en,郑川粤,4
2026/8/23,US,US,高潜,1732442269781102597,S260614017161,YIPX,非SKM商家,大码女装,女士下装,长裤,大码女装+女士下装,"(100,500]",11.44,"(10,30]",114.29%,"(100%, 300%]","(0,10]",2026/6/14,70,JIT商品,60,"2,319","Blue,Purple,Red,Gray,Green",5,"5XL,4XL,1XL,0XL,3XL,2XL",6,Spring&Fall,https://p16-oec-va.ibyteimg.com/tos-maliva-i-o3syd03w52-us/5d6da072d5564ad09cb1b50523b2feef~tplv-o3syd03w52-resize-jpeg:1000:1000.image?,https://shop.tiktok.com/view/product/1732442269781102597?region=US&locale=en,张宇,2.8
2026/8/23,US,US,高潜,1729490857815610225,S240522005571,An Ruzi,非SKM商家,大码女装,女士连衣裙,休闲连衣裙,大码女装+女士连衣裙,"(2000,5000]",14.5,"(10,30]",800.00%,"(500%, +∞)","(0,10]",2024/6/3,811,非JIT商品,11,0,Multicolor,1,One-size,1,All Seasons,https://p16-oec-ttp.tiktokcdn-us.com/tos-useast5-i-omjb5zjo8w-tx/ac48df5be7a8402aae1ca528d1b983e5~tplv-omjb5zjo8w-resize-jpeg:1000:1000.image?,https://shop.tiktok.com/view/product/1729490857815610225?region=US&locale=en,张宇,3.3
2026/8/23,US,US,高潜,1732406183236309209,S260520025685,Golden Leaves 001,非SKM商家,标码女装,女士特殊服饰,女士制服,标码女装+女士特殊服饰,"(0,100]",13.89,"(10,30]",2000.00%,"(500%, +∞)","(0,10]",2026/5/31,84,JIT商品,14,362,"Lake Blue,Rose red,Deep Blue,Dark Green,Royal Blue",5,"M,S,L,XL,XXL",5,All Seasons,https://p16-oec-ttp.tiktokcdn-us.com/tos-useast5-i-omjb5zjo8w-tx/88f5e6f949ca44ff98806a796b51b5d0~tplv-omjb5zjo8w-resize-jpeg:1000:1000.image?,https://shop.tiktok.com/view/product/1732406183236309209?region=US&locale=en,徐熙雅,2.2
2026/8/23,US,US,高潜,1732314316038574943,S260401005483,Chic Curves,SKM商家,大码女装,女士上装,女士衬衫,大码女装+女士上装,"(500,1000]",16.16,"(10,30]",57.14%,"(50%, 100%]","(0,10]",2026/4/11,134,非JIT商品,501,0,"Black background with white flowers,Navy blue,Black,Fawn brown,Dark green",5,"4XL,1XL,0XL,3XL,2XL",5,Spring&Fall,https://p16-oec-ttp.tiktokcdn-us.com/tos-useast5-i-omjb5zjo8w-tx/a8589125c4924358b812990c010b409b~tplv-omjb5zjo8w-resize-jpeg:1000:1000.image?,https://shop.tiktok.com/view/product/1732314316038574943?region=US&locale=en,张宇,4.2
2026/8/23,US,US,高潜,1732408995462877485,S260522014760,Demi Fit,非SKM商家,大码女装,女士上装,女士背心&吊带衫,大码女装+女士上装,"(100,500]",11.22,"(10,30]",66.67%,"(50%, 100%]","(0,10]",2026/5/22,93,JIT商品,153,"2,392","Green print,Blue,Khaki,Hot pink,Dried rose,Emerald green,Black lace print,White,Black,Green",10,"4XL,1XL,0XL,3XL,2XL",5,Summer,https://p16-oec-ttp.tiktokcdn-us.com/tos-useast5-i-omjb5zjo8w-tx/e0137c76184f416093ac3ed33c40869e~tplv-omjb5zjo8w-resize-jpeg:1000:1000.image?,https://shop.tiktok.com/view/product/1732408995462877485?region=US&locale=en,郑川粤,2.1
2026/8/23,US,US,高潜,1729507533938202408,S260311076215,Chic Denim Deals,非SKM商家,大码女装,牛仔,牛仔长裤,大码女装+牛仔,"(500,1000]",21.42,"(10,30]",83.33%,"(50%, 100%]","(0,10]",2026/3/11,165,JIT商品,26,0,"Gray,Blue",2,"4XL,1XL,0XL,3XL,2XL",5,Spring&Fall,https://p16-oec-va.ibyteimg.com/tos-maliva-i-o3syd03w52-us/351af710a09944c6a2898720ff905787~tplv-o3syd03w52-resize-jpeg:1000:1000.image?,https://shop.tiktok.com/view/product/1729507533938202408?region=US&locale=en,郑川粤,4.2
2026/8/23,US,US,高潜,1732444287478698362,S260520021541,Tianmen Eclight Apparel store,非SKM商家,标码女装,女士下装,长裤,标码女装+女士下装,"(0,100]",13.27,"(10,30]",116.67%,"(100%, 300%]","(0,10]",2026/6/17,67,非JIT商品,61,0,"Gray,Black,Deep blue",3,"M,S,XS,L,XL",5,Spring&Fall,https://p16-oec-va.ibyteimg.com/tos-maliva-i-o3syd03w52-us/3f2ea4c00d78484d94b10ab52329f273~tplv-o3syd03w52-resize-jpeg:1000:1000.image?,https://shop.tiktok.com/view/product/1732444287478698362?region=US&locale=en,王谍,2.7
2026/8/23,US,US,高潜,1732512275823170234,S260725016128,MIXIFashion,非SKM商家,标码女装,女士下装,半身裙,标码女装+女士下装,"(0,100]",14.3,"(10,30]",116.67%,"(100%, 300%]","(0,10]",2026/7/30,24,非JIT商品,67,0,Black,1,"M,S,XL,L",4,Summer,https://p16-oec-va.ibyteimg.com/tos-maliva-i-o3syd03w52-us/b90900731f5e4f3fa0aa8506125d0593~tplv-o3syd03w52-resize-jpeg:1000:1000.image?,https://shop.tiktok.com/view/product/1732512275823170234?region=US&locale=en,黄依婷,4.2
2026/8/23,US,US,高潜,1732353722941018936,S260418009003,CY Garment,非SKM商家,大码女装,女士连衣裙,休闲连衣裙,大码女装+女士连衣裙,"(100,500]",6.4,"(10,30]",100.00%,"(50%, 100%]","(0,10]",2026/4/21,124,非JIT商品,57,0,"Orange,White,Dark wash",3,"5XL,4XL,6XL,1XL,3XL,2XL",6,Summer,https://p16-oec-ttp.tiktokcdn-us.com/tos-useast5-i-omjb5zjo8w-tx/827c59a7c4c3493a901c70ce8c2118fa~tplv-omjb5zjo8w-resize-jpeg:1000:1000.image?,https://shop.tiktok.com/view/product/1732353722941018936?region=US&locale=en,郑川粤,3.7
2026/8/23,US,US,高潜,1729481634297123324,S240506005637,Hi anan,非SKM商家,标码女装,女士针织衫,毛衣套头衫,标码女装+女士针织衫,"(10000,+∞)",14.27,"(10,30]",116.67%,"(100%, 300%]","(0,10]",2024/5/17,828,非JIT商品,314,0,"Medium wash,Rust brown,Khaki,Lime orange,Black,Green",6,"M,S,L,XL,XXL",5,Spring&Fall,https://p16-oec-ttp.tiktokcdn-us.com/tos-useast5-i-omjb5zjo8w-tx/19187a4bc14f4b8494ef9375311b9975~tplv-omjb5zjo8w-resize-jpeg:1000:1000.image?,https://shop.tiktok.com/view/product/1729481634297123324?region=US&locale=en,沈亦莎,4.4
2026/8/23,US,US,高潜,1731535909684941614,S250714009547,Einsamw,非SKM商家,标码女装,女士套装及西服,长裤套装,标码女装+女士套装及西服,"(2000,5000]",20.04,"(10,30]",150.00%,"(100%, 300%]","(0,10]",2025/7/29,390,非JIT商品,316,0,"Gray,Black,Apricot,Brown",4,"M,S,XS,XL,L",5,Spring&Fall,https://p16-oec-ttp.tiktokcdn-us.com/tos-useast5-i-omjb5zjo8w-tx/9558808308b44f7c91415c240e74bc61~tplv-omjb5zjo8w-resize-jpeg:1000:1000.image?,https://shop.tiktok.com/view/product/1731535909684941614?region=US&locale=en,黄依婷,4.6
2026/8/23,US,US,高潜,1732369087927325496,S260426014236,CY Garment,非SKM商家,大码女装,女士连衣裙,休闲连衣裙,大码女装+女士连衣裙,"(100,500]",12.58,"(10,30]",250.00%,"(100%, 300%]","(0,10]",2026/4/28,117,非JIT商品,79,0,"Reddish purple,Turquoise blue",2,"5XL,4XL,6XL,1XL,3XL,2XL",6,Summer,https://p16-oec-ttp.tiktokcdn-us.com/tos-useast5-i-omjb5zjo8w-tx/816d556e298447fd9565046dc2476eaa~tplv-omjb5zjo8w-resize-jpeg:1000:1000.image?,https://shop.tiktok.com/view/product/1732369087927325496?region=US&locale=en,郑川粤,3.7
2026/8/23,US,US,高潜,1732321464715415878,S260407001233,Chic Luxe Fibers,非SKM商家,标码女装,女士下装,长裤,标码女装+女士下装,"(100,500]",16.17,"(10,30]",71.43%,"(50%, 100%]","(0,10]",2026/4/14,131,非JIT商品,58,0,"White,Black,Fawn brown",3,"M,S,L,XL,XXL",5,Spring&Fall,https://p16-oec-ttp.tiktokcdn-us.com/tos-useast5-i-omjb5zjo8w-tx/b770f3b547104151a82cf2386ce57f32~tplv-omjb5zjo8w-resize-jpeg:1000:1000.image?,https://shop.tiktok.com/view/product/1732321464715415878?region=US&locale=en,王瑶,2.8
2026/8/23,US,US,高潜,1730974430042689933,S250321017052,Rusttydustty Curve,非SKM商家,大码女装,女士连衣裙,休闲连衣裙,大码女装+女士连衣裙,"(2000,5000]",19.08,"(10,30]",225.00%,"(100%, 300%]","(0,10]",2025/4/2,508,非JIT商品,672,0,"Multicolor2,Multicolor3,Light wash,Multicolor1",4,"4XL,1XL,0XL,3XL,2XL",5,Spring&Fall,https://p16-oec-ttp.tiktokcdn-us.com/tos-useast5-i-omjb5zjo8w-tx/a8967478b9f0480d84b209e411584f3d~tplv-omjb5zjo8w-resize-jpeg:1000:1000.image?,https://shop.tiktok.com/view/product/1730974430042689933?region=US&locale=en,张宇,4.8
2026/8/23,US,US,高潜,1732513901028741555,S260726007465,XHJEANS,非SKM商家,大码女装,牛仔,牛仔长裤,大码女装+牛仔,"(0,100]",23.2,"(10,30]",300.00%,"(100%, 300%]","(0,10]",2026/7/28,26,非JIT商品,29,0,Blue,1,"4XL,1XL,0XL,3XL,2XL",5,Spring&Fall,https://p16-oec-va.ibyteimg.com/tos-maliva-i-o3syd03w52-us/5ba8508fb0da420d9d8882458bec3b15~tplv-o3syd03w52-resize-jpeg:1000:1000.image?,https://shop.tiktok.com/view/product/1732513901028741555?region=US&locale=en,郑川粤,
2026/8/23,US,US,高潜,1731333037868683565,S250614012090,Classic & Elegant,非SKM商家,大码女装,女士下装,长裤,大码女装+女士下装,"(500,1000]",14.78,"(10,30]",150.00%,"(100%, 300%]","(0,10]",2025/6/20,429,非JIT商品,"1,638",0,"Coffee brown,Olive green,Black,Smog Blue,Burgundy",5,"4XL,1XL,0XL,3XL,2XL",5,Summer,https://p16-oec-va.ibyteimg.com/tos-maliva-i-o3syd03w52-us/fe30a80bee9d458795acdf8d2ffbf1cc~tplv-o3syd03w52-resize-jpeg:1000:1000.image?,https://shop.tiktok.com/view/product/1731333037868683565?region=US&locale=en,郑川粤,3.3
2026/8/23,US,US,高潜,1732441284304343747,S260613024365,Naya Wear,非SKM商家,标码女装,女士套装及西服,长裤套装,标码女装+女士套装及西服,"(0,100]",13.5,"(10,30]",150.00%,"(100%, 300%]","(0,10]",2026/6/17,67,JIT商品,1,826,"Gray,Black,Apricot",3,"M,S,L,XL,XXL",5,Fall&Winter,https://p16-oec-va.ibyteimg.com/tos-maliva-i-o3syd03w52-us/01cbbb494df34fdf8dba99afabf4d1f0~tplv-o3syd03w52-resize-jpeg:1000:1000.image?,https://shop.tiktok.com/view/product/1732441284304343747?region=US&locale=en,郑川粤,2
2026/8/23,US,US,高潜,1731789657093804895,S250915034555,Chic Curves,SKM商家,大码女装,女士连衣裙,休闲连衣裙,大码女装+女士连衣裙,"(1000,2000]",21.94,"(10,30]",66.67%,"(50%, 100%]","(0,10]",2025/9/18,339,非JIT商品,480,0,"Brown,Yellow,Orange Blue,Blue",4,"4XL,1XL,0XL,3XL,2XL",5,Summer,https://p16-oec-va.ibyteimg.com/tos-maliva-i-o3syd03w52-us/f3ec0a19123d4f109c0699ca49285af8~tplv-o3syd03w52-resize-jpeg:1000:1000.image?,https://shop.tiktok.com/view/product/1731789657093804895?region=US&locale=en,张宇,4.2
2026/8/23,US,US,高潜,1732495252268159137,S260716016009,Muse Plus,SKM商家,大码女装,女士上装,女士连帽卫衣,大码女装+女士上装,"(100,500]",16.49,"(10,30]",1900.00%,"(500%, +∞)","(0,10]",2026/7/16,38,JIT商品,45,"2,011","Green,Pink,Dark gray (recommended by fans),Hot pink,Red,Dark gray,Brown (recommended by fans),Apricot,Pink (fan recommendation),Brown",10,"4XL,1XL,0XL,3XL,2XL",5,Spring&Fall,https://p16-oec-va.ibyteimg.com/tos-alisg-i-aphluv4xwc-sg/8aebca09f88443d1a72f52758fc49aab~tplv-o3syd03w52-resize-jpeg:1000:1000.image?,https://shop.tiktok.com/view/product/1732495252268159137?region=US&locale=en,郑川粤,3.7
2026/8/23,US,US,高潜,1729497055232299081,S240610000632,Dragons Kaoru,非SKM商家,大码女装,女士连衣裙,休闲连衣裙,大码女装+女士连衣裙,"(10000,+∞)",15.68,"(10,30]",325.00%,"(300%, 500%]","(0,10]",2024/6/14,800,非JIT商品,"10,279",0,"Jet black,Multicolor7,Multicolor6,Navy blue,Multicolor9,Black,Multicolor1,Multicolor8,Purple,Multicolor5,Multicolor11,Multicolor2,Multicolor3,Lemon yellow,Violet,Sky blue,Multicolor10,Multicolor4,Golden",19,"5XL,4XL,1XL,0XL,3XL,2XL",6,Summer,https://p16-oec-ttp.tiktokcdn-us.com/tos-useast5-i-omjb5zjo8w-tx/6db407cb2b2f40739dbb11b179f785c9~tplv-omjb5zjo8w-resize-jpeg:1000:1000.image?,https://shop.tiktok.com/view/product/1729497055232299081?region=US&locale=en,张宇,3.3
2026/8/23,US,US,高潜,1732304024715104585,S260324049339,Chic Smartwear,非SKM商家,标码女装,女士针织衫,毛衣套头衫,标码女装+女士针织衫,"(100,500]",11.76,"(10,30]",225.00%,"(100%, 300%]","(0,10]",2026/3/27,149,非JIT商品,148,0,"Lavender,Gray,White,Black,Dark green,Light wash,Burgundy",7,"M,S,L,XL",4,Summer,https://p16-oec-va.ibyteimg.com/tos-maliva-i-o3syd03w52-us/476242bfc1174c9aa98880af4d011ae3~tplv-o3syd03w52-resize-jpeg:1000:1000.image?,https://shop.tiktok.com/view/product/1732304024715104585?region=US&locale=en,沈亦莎,4.1
2026/8/23,US,US,高潜,1731392641744802303,S250626004084,Beautiful kimono wardrobe,非SKM商家,标码女装,女士特殊服饰,女士和服,标码女装+女士特殊服饰,"(100,500]",15.87,"(10,30]",85.71%,"(50%, 100%]","(0,10]",2025/8/12,376,JIT商品,5,214,"Pink,Royal blue,Red,White,Black,Beige",6,"M,S,L,XL",4,All Seasons,https://p16-oec-ttp.tiktokcdn-us.com/tos-useast5-i-omjb5zjo8w-tx/49a4ef47fcad4ae19bd4f4973eb7fa45~tplv-omjb5zjo8w-resize-jpeg:1000:1000.image?,https://shop.tiktok.com/view/product/1731392641744802303?region=US&locale=en,徐熙雅,4.1
2026/8/23,US,US,高潜,1729662761210975177,S240830006425,Verve Fashion,非SKM商家,标码女装,女士套装及西服,长裤套装,标码女装+女士套装及西服,"(10000,+∞)",25.64,"(10,30]",850.00%,"(500%, +∞)","(0,10]",2024/9/25,697,非JIT商品,177,0,"Khaki,Rust orange,Deep red,Pebble lime,Black,Dark gray,Apricot,Brown",8,"M,S,L,XL,XXL",5,Winter,https://p16-oec-ttp.tiktokcdn-us.com/tos-useast5-i-omjb5zjo8w-tx/ff8dfd384cd944e9920155f1e7fc3d95~tplv-omjb5zjo8w-resize-jpeg:1000:1000.image?,https://shop.tiktok.com/view/product/1729662761210975177?region=US&locale=en,刘雪莹,4.7
2026/8/23,US,US,高潜,1731782175782769579,S250916044392,Trendy Cotton,非SKM商家,标码女装,女士套装及西服,短裤套装,标码女装+女士套装及西服,"(100,500]",26.65,"(10,30]",85.71%,"(50%, 100%]","(0,10]",2025/9/16,341,JIT商品,32,"4,326","Silver,Black and gray,Royal blue,Multicolor11,Multicolor5,Cream,Multicolor6,Navy blue,Gray,White,Black,Multicolor,Multicolor10",13,"M,S,XL,L",4,Spring&Fall,https://p16-oec-ttp.tiktokcdn-us.com/tos-useast5-i-omjb5zjo8w-tx/b1c6c4c9a67f4396bc293251557e8910~tplv-omjb5zjo8w-resize-jpeg:1000:1000.image?,https://shop.tiktok.com/view/product/1731782175782769579?region=US&locale=en,游宇航,3.4
2026/8/23,US,US,高潜,1732350040978329815,S260415020158,YUNJINJ,非SKM商家,大码女装,女士套装及西服,长裤套装,大码女装+女士套装及西服,"(100,500]",20.85,"(10,30]",85.71%,"(50%, 100%]","(0,10]",2026/4/21,124,JIT商品,4,104,"Purple,Royal blue,Pine green,Flame red,Black,Brown",6,"5XL,4XL,1XL,0XL,3XL,2XL",6,All Seasons,https://p16-oec-ttp.tiktokcdn-us.com/tos-useast5-i-omjb5zjo8w-tx/e5c75dca33fd4d868511e68a90f17e71~tplv-omjb5zjo8w-resize-jpeg:1000:1000.image?,https://shop.tiktok.com/view/product/1732350040978329815?region=US&locale=en,张宇,4.4
2026/8/23,US,US,高潜,1732350882299417449,S260416005527,Hijab Haven,非SKM商家,标码女装,女士穆斯林服装,长头巾,标码女装+女士穆斯林服装,"(100,500]",5.24,"(10,30]",120.00%,"(100%, 300%]","(0,10]",2026/4/17,128,JIT商品,60,111,"Coffee brown,09#Deep Camel,08# Gray Blue,Khaki,Pink,Navy blue,Caramel color,Black,10# White,Beige",10,One-size,1,All Seasons,https://p16-oec-va.ibyteimg.com/tos-maliva-i-o3syd03w52-us/ce2353400383471090b00869b9dc8281~tplv-o3syd03w52-resize-jpeg:1000:1000.image?,https://shop.tiktok.com/view/product/1732350882299417449?region=US&locale=en,徐熙雅,4.6
